#{"t_start": 1786057855.8604312, "env_id": "None"}
r,l,t
-6.9999976,144,1.478077
-5.9999986,144,1.47813
-6.599998,144,1.945915
-6.799998,144,1.94595
-7.399997,144,3.42054
-5.599999,144,3.420584
-6.1999984,144,3.899858
-6.9999976,144,3.899892
-6.799998,144,5.860208
-5.599999,144,5.86025
-6.599998,144,7.246933
-6.9999976,144,7.246969
-7.399997,144,9.116374
-6.399998,144,9.116406
-6.599998,144,10.08237
-6.9999976,144,10.082404
-5.599999,144,11.474328
-6.9999976,144,11.474364
-6.1999984,144,12.903553
-5.7999988,144,12.903589
-5.9999986,144,13.385794
-7.399997,144,13.385829
-5.7999988,144,14.870523
-4.9999995,144,14.870558
-5.9999986,144,16.301641
-6.1999984,144,16.301696
-7.799997,144,18.22082
-6.1999984,144,18.220853
-6.1999984,144,18.686171
-6.1999984,144,18.686209
-5.9999986,144,20.129745
-6.399998,144,20.12978
-6.1999984,144,21.632289
-6.9999976,144,21.632327
-5.9999986,144,22.111757
-6.399998,144,22.111793
-5.9999986,144,23.520712
-6.1999984,144,23.520748
-7.1999974,144,24.943388
-5.9999986,144,24.943426
-6.599998,144,26.376689
-6.399998,144,26.376728
-5.9999986,144,26.859205
-6.9999976,144,26.859241
-5.9999986,144,28.272771
-6.399998,144,28.27281
-7.399997,144,29.755183
-5.1999993,144,29.755219
-6.399998,144,30.249683
-6.1999984,144,30.249716
-6.9999976,144,31.779611
-6.9999976,144,31.779647
-6.1999984,144,33.219045
-6.1999984,144,33.21908
-7.1999974,144,34.709394
-6.399998,144,34.709433
-6.1999984,144,35.70656
-6.1999984,144,35.706598
-5.9999986,144,37.166939
-6.399998,144,37.166974
-5.9999986,144,39.035571
-7.1999974,144,39.035607
-7.399997,144,40.816087
-5.7999988,144,40.816157
-6.9999976,144,41.48379
-7.399997,144,41.483836
-5.9999986,144,43.522495
-7.1999974,144,43.522537
-6.399998,144,45.332126
-6.799998,144,45.332175
-6.599998,144,45.905072
-6.599998,144,45.905118
-6.399998,144,47.626916
-7.399997,144,47.626996
-6.399998,144,49.584114
-6.599998,144,49.58415
-6.599998,144,51.592388
-6.399998,144,51.592421
-7.399997,144,52.058402
-6.599998,144,52.058438
-8.199997,144,53.515936
-6.399998,144,53.515975
-5.9999986,144,55.001869
-7.1999974,144,55.001904
-6.1999984,144,55.485962
-6.599998,144,55.486
-6.9999976,144,56.980824
-5.9999986,144,56.980858
-4.9999995,144,58.577517
-5.9999986,144,58.577555
-6.399998,144,60.059147
-6.599998,144,60.059189
-6.399998,144,61.066375
-6.9999976,144,61.066409
-7.599997,144,62.585322
-6.799998,144,62.585358
-6.399998,144,64.124267
-7.1999974,144,64.124319
-6.9999976,144,64.632882
-6.1999984,144,64.63292
-6.1999984,144,66.633229
-6.9999976,144,66.633263
-5.599999,144,68.052926
-6.599998,144,68.052964
-6.9999976,144,69.59593
-5.7999988,144,69.59597
-7.1999974,144,70.083528
-7.599997,144,70.083565
-6.599998,144,71.616017
-6.799998,144,71.616051
-5.9999986,144,73.232301
-7.599997,144,73.232336
-5.7999988,144,75.13206
-5.7999988,144,75.132094
-6.599998,144,75.605686
-6.799998,144,75.605726
-6.599998,144,77.11518
-7.1999974,144,77.115216
-5.399999,144,78.615593
-5.9999986,144,78.615637
-5.7999988,144,79.401743
-5.9999986,144,79.401797
-6.599998,144,81.17004
-6.9999976,144,81.170084
-6.1999984,144,83.947592
-5.9999986,144,83.947635
-7.599997,144,86.124701
-6.799998,144,86.124857
-6.1999984,144,87.297151
-5.9999986,144,87.297198
-7.1999974,144,89.21638
-6.1999984,144,89.216417
-6.599998,144,90.817141
-5.7999988,144,90.817187
-6.399998,144,91.404793
-6.799998,144,91.404834
-5.9999986,144,93.206668
-6.9999976,144,93.206742
-6.599998,144,95.055268
-5.9999986,144,95.055307
-5.399999,144,96.886303
-6.399998,144,96.886352
-5.7999988,144,97.500669
-6.1999984,144,97.500756
-5.9999986,144,99.499997
-6.599998,144,99.500033
-6.399998,144,101.729787
-7.1999974,144,101.729829
-5.9999986,144,102.267104
-6.399998,144,102.267143
-5.7999988,144,104.185198
-5.9999986,144,104.185234
-5.599999,144,105.765131
-5.599999,144,105.765165
-6.399998,144,107.956254
-6.399998,144,107.956286
-5.7999988,144,108.504702
-4.9999995,144,108.504745
-5.9999986,144,110.28139
-6.399998,144,110.281487
-5.9999986,144,111.988924
-5.9999986,144,111.98898
-6.399998,144,113.882309
-6.799998,144,113.882392
-6.399998,144,114.585129
-5.599999,144,114.585191
-6.599998,144,116.381831
-5.599999,144,116.381869
-7.399997,144,118.620079
-6.799998,144,118.620122
-5.7999988,144,119.425015
-5.9999986,144,119.425056
-4.7999997,144,121.445892
-6.9999976,144,121.445966
-7.799997,144,123.712603
-7.399997,144,123.71264
-6.9999976,144,125.798409
-6.1999984,144,125.798441
-6.599998,144,126.34951
-5.399999,144,126.349545
-4.7999997,144,127.988701
-7.1999974,144,127.988737
-5.399999,144,129.556131
-4.6,144,129.556168
-5.9999986,144,130.049724
-4.7999997,144,130.049758
-6.9999976,144,132.169818
-6.599998,144,132.169857
-7.1999974,144,133.694751
-5.599999,144,133.694788
-5.1999993,144,136.086919
-5.399999,144,136.087004
-5.9999986,144,137.530706
-6.9999976,144,137.530739
-5.9999986,144,139.497967
-4.7999997,144,139.498003
-6.799998,144,141.406262
-6.399998,144,141.406297
-6.599998,144,142.313688
-6.599998,144,142.313731
-6.1999984,144,145.060186
-6.9999976,144,145.060222
-6.399998,144,147.076095
-5.599999,144,147.076132
-6.399998,144,149.040646
-5.7999988,144,149.040709
-6.599998,144,150.23816
-5.9999986,144,150.238193
-5.7999988,144,152.126736
-5.399999,144,152.126785
-4.9999995,144,154.398302
-5.9999986,144,154.398341
-5.399999,144,156.670638
-6.1999984,144,156.670681
-6.1999984,144,157.235939
-6.799998,144,157.235981
-6.399998,144,158.749228
-6.599998,144,158.749264
-7.1999974,144,160.712849
-5.7999988,144,160.71291
-5.599999,144,161.347928
-6.399998,144,161.347977
-6.799998,144,163.433048
-6.399998,144,163.433092
-5.599999,144,165.453684
-6.9999976,144,165.453719
-5.9999986,144,167.65715
-5.599999,144,167.657187
-6.9999976,144,168.206483
-5.7999988,144,168.206624
-6.1999984,144,170.719906
-6.1999984,144,170.71994
-5.9999986,144,172.634345
-5.7999988,144,172.634381
-5.7999988,144,173.365548
-6.599998,144,173.365587
-6.399998,144,175.031713
-4.9999995,144,175.031756
-6.399998,144,176.941772
-6.399998,144,176.941816
-6.1999984,144,179.238853
-6.399998,144,179.238886
-4.7999997,144,179.770451
-6.1999984,144,179.770484
-6.399998,144,181.63901
-6.1999984,144,181.63905
-6.1999984,144,183.510449
-5.599999,144,183.510488
-6.799998,144,184.131241
-6.399998,144,184.131278
-6.799998,144,185.848302
-5.9999986,144,185.848367
-6.9999976,144,188.045077
-6.799998,144,188.045134
-5.9999986,144,190.475887
-6.399998,144,190.475933
-5.599999,144,191.016397
-6.399998,144,191.016521
-5.7999988,144,193.108675
-5.599999,144,193.108745
-6.399998,144,195.178698
-6.9999976,144,195.178758
-7.399997,144,197.184485
-5.399999,144,197.18455
-6.9999976,144,197.88236
-6.399998,144,197.882436
-7.1999974,144,199.848425
-5.399999,144,199.848525
-5.1999993,144,201.546056
-6.599998,144,201.546105
-5.7999988,144,202.109069
-5.599999,144,202.109105
-5.1999993,144,204.427621
-6.399998,144,204.427665
-7.399997,144,206.297587
-5.7999988,144,206.297625
-6.399998,144,208.027398
-6.599998,144,208.027474
-5.1999993,144,208.600216
-5.399999,144,208.600252
-5.7999988,144,210.53294
-5.9999986,144,210.53298
-5.399999,144,212.704562
-7.399997,144,212.704611
-4.7999997,144,213.302696
-6.399998,144,213.302746
-6.1999984,144,215.520585
-6.599998,144,215.52064
-6.399998,144,217.992691
-5.599999,144,217.992728
-5.399999,144,220.415086
-6.599998,144,220.415125
-5.9999986,144,221.51952
-6.1999984,144,221.519557
-4.6,144,223.827966
-6.599998,144,223.828006
-5.1999993,144,226.208648
-5.9999986,144,226.208687
-6.799998,144,226.81706
-6.599998,144,226.817136
-6.1999984,144,228.802623
-4.7999997,144,228.802662
-5.9999986,144,230.656183
-5.7999988,144,230.656219
-5.9999986,144,232.338107
-7.399997,144,232.33816
-6.399998,144,232.897109
-6.799998,144,232.897149
-5.599999,144,234.489176
-6.799998,144,234.48921
-6.799998,144,236.208907
-4.9999995,144,236.208942
-5.399999,144,238.279191
-6.9999976,144,238.279225
-6.1999984,144,238.793425
-5.599999,144,238.793464
-5.399999,144,240.540869
-6.1999984,144,240.540907
-5.599999,144,242.6446
-5.599999,144,242.644648
-5.7999988,144,243.240352
-4.6,144,243.240396
-6.599998,144,245.318327
-6.599998,144,245.318369
-5.599999,144,247.317674
-5.599999,144,247.31771
-6.399998,144,249.680303
-5.1999993,144,249.680341
-6.399998,144,250.230563
-6.399998,144,250.230601
-5.399999,144,252.517483
-6.399998,144,252.517525
-6.599998,144,254.508695
-5.599999,144,254.508739
-6.1999984,144,255.143156
-6.599998,144,255.143196
-6.799998,144,257.184285
-6.399998,144,257.184326
-5.399999,144,259.064553
-5.9999986,144,259.064589
-5.9999986,144,261.502733
-4.9999995,144,261.502794
-6.599998,144,262.083906
-6.1999984,144,262.083944
-6.399998,144,263.937643
-6.399998,144,263.937682
-5.1999993,144,265.842189
-6.599998,144,265.842231
-5.7999988,144,266.401067
-6.1999984,144,266.401103
-6.9999976,144,268.482374
-5.399999,144,268.482413
-6.1999984,144,270.317051
-5.1999993,144,270.317087
-4.9999995,144,272.208679
-5.9999986,144,272.208739
-6.799998,144,272.803016
-6.9999976,144,272.803058
-6.399998,144,274.639759
-5.9999986,144,274.6398
-4.9999995,144,276.696739
-6.1999984,144,276.696778
-5.1999993,144,278.48779
-6.799998,144,278.487852
-5.7999988,144,279.154576
-4.9999995,144,279.154612
-5.7999988,144,281.059066
-5.9999986,144,281.05913
-6.399998,144,282.781414
-6.799998,144,282.781469
-6.599998,144,283.385078
-6.1999984,144,283.385119
-5.1999993,144,285.475321
-5.1999993,144,285.475372
-5.399999,144,287.603725
-5.599999,144,287.603761
-7.1999974,144,289.750266
-6.399998,144,289.750301
-4.9999995,144,290.347534
-5.1999993,144,290.347573
-6.399998,144,292.608245
-5.399999,144,292.608285
-6.1999984,144,295.08147
-5.399999,144,295.081543
-6.599998,144,295.648597
-5.599999,144,295.648642
-5.9999986,144,297.647459
-5.9999986,144,297.647501
-6.799998,144,299.68148
-6.399998,144,299.681522
-5.9999986,144,301.97767
-4.0000005,144,301.977705
-4.7999997,144,302.519185
-4.7999997,144,302.51922
-4.7999997,144,304.493538
-5.599999,144,304.493603
-5.599999,144,306.424854
-5.599999,144,306.424905
-5.1999993,144,306.999997
-4.9999995,144,307.000034
-5.399999,144,309.092713
-4.9999995,144,309.092752
-4.9999995,144,311.035979
-6.9999976,144,311.036079
-4.9999995,144,313.010399
-5.1999993,144,313.010441
-5.399999,144,313.620677
-5.399999,144,313.620713
-5.1999993,144,316.2532
-5.599999,144,316.253243
-5.9999986,144,318.816305
-5.9999986,144,318.81634
-4.4,144,321.046202
-5.399999,144,321.04624
-6.9999976,144,321.65326
-5.7999988,144,321.653335
-6.799998,144,323.459243
-4.2000003,144,323.459286
-5.7999988,144,325.555645
-6.799998,144,325.555695
-6.1999984,144,326.154963
-5.1999993,144,326.155101
-5.599999,144,328.511432
-5.7999988,144,328.511472
-6.599998,144,330.471452
-5.9999986,144,330.471498
-4.9999995,144,332.584045
-5.7999988,144,332.584093
-4.2000003,144,333.111526
-5.399999,144,333.111564
-6.399998,144,335.649037
-7.399997,144,335.649091
-6.799998,144,338.471393
-5.9999986,144,338.471431
-5.599999,144,339.008944
-5.7999988,144,339.008993
-4.7999997,144,341.00442
-4.9999995,144,341.004458
-5.7999988,144,343.161939
-7.1999974,144,343.161982
-6.399998,144,345.334474
-5.7999988,144,345.334512
-4.4,144,345.83589
-6.799998,144,345.835927
-5.599999,144,347.771397
-5.599999,144,347.771433
-5.599999,144,349.655593
-5.9999986,144,349.655649
-5.399999,144,350.341054
-6.599998,144,350.341211
-5.599999,144,352.291156
-4.6,144,352.291196
-4.9999995,144,354.467136
-6.1999984,144,354.467175
-5.7999988,144,357.125303
-6.599998,144,357.125343
-5.599999,144,358.599251
-5.1999993,144,358.599284
-6.1999984,144,360.554688
-5.1999993,144,360.554765
-5.1999993,144,362.714744
-5.9999986,144,362.714783
-4.7999997,144,365.046146
-5.399999,144,365.046195
-4.7999997,144,366.176836
-4.4,144,366.176987
-5.7999988,144,367.961586
-4.7999997,144,367.961628
-5.599999,144,370.266396
-6.1999984,144,370.266433
-5.9999986,144,370.786033
-5.1999993,144,370.786075
-5.9999986,144,372.793519
-6.1999984,144,372.793556
-5.9999986,144,396.636416
-5.599999,144,396.63645
-5.1999993,144,398.801743
-5.1999993,144,398.801815
-5.399999,144,399.403375
-4.6,144,399.403415
-6.9999976,144,401.059671
-5.599999,144,401.059714
-5.599999,144,402.81171
-4.0000005,144,402.811748
-5.1999993,144,403.301535
-4.7999997,144,403.301595
-5.599999,144,404.97024
-5.399999,144,404.970276
-4.6,144,406.715804
-5.399999,144,406.715843
-6.1999984,144,408.757372
-5.1999993,144,408.757407
-5.7999988,144,409.268894
-6.599998,144,409.268973
-5.1999993,144,411.608468
-5.1999993,144,411.608508
-5.9999986,144,413.404079
-4.4,144,413.404121
-5.1999993,144,413.935978
-5.399999,144,413.936016
-5.9999986,144,415.925434
-5.1999993,144,415.925483
-4.7999997,144,417.687061
-5.599999,144,417.687101
-6.1999984,144,419.854081
-5.9999986,144,419.854117
-6.9999976,144,420.43158
-5.599999,144,420.431618
-5.9999986,144,422.33181
-5.399999,144,422.331847
-5.7999988,144,424.053534
-6.599998,144,424.053603
-5.399999,144,426.285637
-5.7999988,144,426.285675
-6.1999984,144,426.787593
-5.9999986,144,426.787647
-6.399998,144,428.855997
-5.9999986,144,428.856036
-4.6,144,430.63276
-6.1999984,144,430.632858
-5.399999,144,431.152936
-4.9999995,144,431.152976
-5.9999986,144,432.910044
-6.399998,144,432.910091
-6.1999984,144,434.725719
-5.599999,144,434.72576
-6.599998,144,436.301505
-6.1999984,144,436.301601
-5.399999,144,436.964605
-4.9999995,144,436.964644
-4.4,144,438.894243
-6.1999984,144,438.89428
-4.4,144,441.514375
-5.7999988,144,441.514414
-6.1999984,144,442.094154
-6.9999976,144,442.094205
-5.599999,144,443.875587
-5.7999988,144,443.875683
-4.6,144,446.220272
-6.1999984,144,446.220351
-6.1999984,144,451.811204
-6.1999984,144,451.811329
-5.9999986,144,455.415379
-5.1999993,144,455.415435
-5.9999986,144,460.305183
-4.9999995,144,460.305233
-3.8000007,144,463.995129
-4.9999995,144,463.995198
-4.9999995,144,465.623996
-6.799998,144,465.624038
-5.7999988,144,469.363089
-5.599999,144,469.363129
-5.9999986,144,471.020966
-4.0000005,144,471.021004
-4.4,144,472.903821
-4.7999997,144,472.90386
-4.4,144,473.765233
-5.9999986,144,473.765275
-5.7999988,144,475.622804
-5.1999993,144,475.622844
-4.9999995,144,477.786514
-4.6,144,477.78656
-5.399999,144,479.504621
-5.1999993,144,479.504706
-4.6,144,480.13397
-5.1999993,144,480.134005
-5.399999,144,482.090313
-5.399999,144,482.090373
-4.4,144,484.170881
-6.1999984,144,484.170967
-5.1999993,144,484.804147
-6.1999984,144,484.804192
-5.399999,144,486.906879
-5.9999986,144,486.906917
-6.1999984,144,489.13689
-3.0000005,144,489.136958
-4.9999995,144,491.508623
-5.599999,144,491.508657
-5.599999,144,492.104661
-6.1999984,144,492.104697
-4.6,144,495.693473
-6.1999984,144,495.694278
-5.599999,144,498.779005
-5.1999993,144,498.779044
-4.9999995,144,499.821968
-4.7999997,144,499.822039
-6.399998,144,503.304785
-5.7999988,144,503.304878
-6.599998,144,506.993378
-5.599999,144,506.993413
-5.399999,144,509.439494
-4.6,144,509.439583
-4.7999997,144,510.191876
-5.399999,144,510.191913
-6.1999984,144,512.407478
-5.9999986,144,512.407556
-5.599999,144,514.41399
-4.7999997,144,514.414067
-4.9999995,144,515.113569
-5.9999986,144,515.113623
-6.399998,144,517.2252
-5.1999993,144,517.225298
-5.399999,144,519.1038
-5.7999988,144,519.103845
-5.1999993,144,521.226448
-4.2000003,144,521.226502
-6.1999984,144,521.919017
-4.7999997,144,521.919078
-5.399999,144,524.078852
-5.9999986,144,524.078898
-6.1999984,144,525.919793
-5.7999988,144,525.919832
-5.1999993,144,528.362492
-6.1999984,144,528.362527
-5.1999993,144,528.915779
-5.1999993,144,528.915833
-4.4,144,531.100221
-5.599999,144,531.10026
-5.399999,144,533.502807
-4.7999997,144,533.502841
-4.4,144,534.056878
-3.8000007,144,534.056917
-5.7999988,144,536.204356
-6.9999976,144,536.204396
-4.6,144,538.127413
-4.4,144,538.127455
-5.7999988,144,540.063314
-6.399998,144,540.063383
-6.1999984,144,540.697227
-5.7999988,144,540.697308
-5.1999993,144,542.662541
-5.599999,144,542.662583
-5.599999,144,544.822433
-5.399999,144,544.822498
-5.9999986,144,545.571282
-5.399999,144,545.571344
-5.1999993,144,547.952705
-5.599999,144,547.952769
-5.7999988,144,550.131535
-6.1999984,144,550.13158
-4.4,144,552.146422
-5.1999993,144,552.146471
-5.599999,144,552.758007
-6.399998,144,552.758053
-6.799998,144,554.768258
-5.599999,144,554.768312
-5.599999,144,556.702252
-4.6,144,556.702338
-5.1999993,144,557.390166
-6.399998,144,557.390204
-5.1999993,144,559.424495
-5.399999,144,559.424535
-5.399999,144,561.582367
-4.7999997,144,561.582406
-5.399999,144,564.108291
-5.9999986,144,564.108328
-6.1999984,144,564.668329
-5.7999988,144,564.668367
-4.7999997,144,566.54632
-5.399999,144,566.54636
-4.2000003,144,568.692934
-4.0000005,144,568.692971
-5.7999988,144,570.88158
-4.4,144,570.881615
-4.7999997,144,571.371709
-4.9999995,144,571.371746
-5.1999993,144,572.966679
-5.599999,144,572.966716
-4.0000005,144,574.544795
-5.399999,144,574.544834
-5.9999986,144,575.054497
-5.1999993,144,575.054535
-4.6,144,577.277901
-6.599998,144,577.277935
-3.4000006,144,578.843484
-5.7999988,144,578.843521
-4.7999997,144,580.931773
-4.9999995,144,580.93181
-6.1999984,144,581.483511
-5.599999,144,581.483546
-7.1999974,144,583.522974
-4.7999997,144,583.523023
-5.1999993,144,585.82318
-5.399999,144,585.823301
-5.599999,144,586.548207
-4.6,144,586.548295
-4.7999997,144,590.254293
-5.1999993,144,590.254379
-4.9999995,144,593.341147
-5.599999,144,593.341214
-5.599999,144,596.329116
-5.7999988,144,596.329184
-5.1999993,144,597.854465
-4.9999995,144,597.854513
-5.1999993,144,600.822167
-5.7999988,144,600.822212
-5.9999986,144,603.708795
-5.599999,144,603.708861
-4.0000005,144,604.703572
-4.7999997,144,604.703615
-4.9999995,144,606.970897
-4.2000003,144,606.970985
-5.399999,144,609.60613
-4.4,144,609.606176
-5.399999,144,611.877571
-4.9999995,144,611.877638
-6.1999984,144,612.476431
-6.599998,144,612.47647
-6.799998,144,614.298399
-6.599998,144,614.298434
-5.7999988,144,616.396632
-6.1999984,144,616.396679
-6.399998,144,619.049569
-4.9999995,144,619.049704
-4.6,144,619.562788
-4.6,144,619.562824
-5.9999986,144,621.454623
-5.9999986,144,621.454664
-5.599999,144,623.344916
-4.6,144,623.344974
-4.7999997,144,624.091026
-5.599999,144,624.091063
-3.8000007,144,626.121216
-5.1999993,144,626.121253
-4.6,144,627.77394
-4.2000003,144,627.773983
-5.1999993,144,630.14271
-5.1999993,144,630.142745
-4.4,144,630.674895
-5.399999,144,630.67494
-5.399999,144,632.536633
-4.9999995,144,632.53667
-3.4000006,144,634.3283
-5.1999993,144,634.328352
-4.4,144,634.899557
-5.399999,144,634.899598
-4.9999995,144,636.811948
-4.4,144,636.811987
-4.7999997,144,639.186317
-4.0000005,144,639.186369
-5.599999,144,641.811318
-5.1999993,144,641.811372
-4.9999995,144,642.409421
-5.1999993,144,642.409457
-4.6,144,644.575866
-6.599998,144,644.5759
-4.6,144,646.441414
-6.1999984,144,646.441467
-3.6000006,144,646.988138
-6.399998,144,646.988177
-6.1999984,144,648.773876
-4.9999995,144,648.773916
-5.599999,144,650.720547
-5.9999986,144,650.720585
-5.1999993,144,653.091966
-3.2000005,144,653.092003
-4.4,144,653.66438
-4.4,144,653.664423
-5.9999986,144,655.540852
-5.7999988,144,655.540889
-5.7999988,144,658.137964
-5.9999986,144,658.138
-4.9999995,144,660.753883
-4.7999997,144,660.753922
-5.1999993,144,661.259354
-5.7999988,144,661.259391
-5.399999,144,663.349852
-4.4,144,663.349966
-3.8000007,144,666.003855
-5.399999,144,666.003927
-3.4000006,144,666.574432
-4.0000005,144,666.574472
-5.9999986,144,668.869864
-4.2000003,144,668.869906
-3.2000005,144,671.020719
-4.0000005,144,671.020756
-3.6000006,144,673.608064
-3.4000006,144,673.608121
-3.6000006,144,674.203222
-3.8000007,144,674.203279
-4.0000005,144,676.38924
-4.2000003,144,676.38928
-4.7999997,144,678.815178
-4.7999997,144,678.815216
-5.599999,144,679.274073
-3.4000006,144,679.274111
-4.2000003,144,681.157748
-5.599999,144,681.157785
-4.6,144,683.500901
-4.2000003,144,683.500937
-5.399999,144,685.853021
-4.2000003,144,685.853128
-4.9999995,144,686.458132
-4.4,144,686.458195
-4.0000005,144,688.205623
-4.6,144,688.20566
-5.9999986,144,690.411476
-4.2000003,144,690.411511
-4.4,144,690.89586
-4.7999997,144,690.895898
-4.4,144,693.307828
-3.4000006,144,693.30787
-5.1999993,144,695.09594
-2.8000004,144,695.095977
-4.6,144,696.934266
-5.399999,144,696.934303
-4.7999997,144,697.451107
-3.4000006,144,697.451148
-4.7999997,144,699.48834
-5.599999,144,699.488378
-4.0000005,144,701.213094
-5.7999988,144,701.213141
-5.599999,144,703.50899
-5.1999993,144,703.509023
-4.6,144,703.988461
-4.0000005,144,703.988498
-6.1999984,144,706.095323
-4.4,144,706.095422
-4.7999997,144,707.995029
-4.6,144,707.995081
-5.1999993,144,708.525295
-5.399999,144,708.525379
-3.2000005,144,711.897315
-3.8000007,144,711.897378
-5.1999993,144,715.068373
-5.9999986,144,715.068413
-5.1999993,144,717.851619
-4.2000003,144,717.85182
-3.6000006,144,718.707427
-4.0000005,144,718.707469
-5.7999988,144,721.605873
-4.6,144,721.605912
-5.1999993,144,723.186732
-4.7999997,144,723.186811
-4.7999997,144,723.726687
-5.1999993,144,723.726722
-3.6000006,144,725.560769
-4.4,144,725.560806
-4.9999995,144,727.258322
-4.4,144,727.258358
-4.2000003,144,729.224316
-4.4,144,729.224351
-4.2000003,144,729.683328
-3.4000006,144,729.683364
-4.2000003,144,731.364677
-4.0000005,144,731.364714
-4.7999997,144,733.664769
-5.399999,144,733.664809
-4.7999997,144,734.13622
-4.2000003,144,734.136261
-4.0000005,144,737.099491
-5.9999986,144,737.100131
-4.2000003,144,741.028566
-4.6,144,741.028615
-5.7999988,144,743.974697
-4.7999997,144,743.974738
-3.4000006,144,745.179662
-5.399999,144,745.180488
-4.6,144,749.478726
-3.0000005,144,749.478784
-4.9999995,144,751.427302
-4.7999997,144,751.427347
-4.2000003,144,753.647504
-4.0000005,144,753.64754
-4.2000003,144,754.094401
-4.4,144,754.094443
-4.9999995,144,755.867866
-4.0000005,144,755.867903
-5.1999993,144,758.146542
-5.399999,144,758.146574
-4.4,144,758.685931
-3.2000005,144,758.685973
-5.399999,144,760.793979
-4.4,144,760.794016
-3.6000006,144,762.645851
-5.1999993,144,762.645893
-5.7999988,144,764.26252
-4.0000005,144,764.262644
-4.2000003,144,765.490848
-4.7999997,144,765.490886
-3.6000006,144,767.204389
-4.4,144,767.204422
-5.399999,144,768.897592
-3.2000005,144,768.89766
-4.6,144,769.488428
-3.8000007,144,769.488464
-5.1999993,144,771.250445
-4.2000003,144,771.25048
-5.399999,144,773.056396
-4.7999997,144,773.056433
-3.6000006,144,774.773163
-5.599999,144,774.773243
-3.6000006,144,775.405845
-3.6000006,144,775.405879
-3.8000007,144,777.720235
-4.4,144,777.720276
-4.0000005,144,779.365613
-3.6000006,144,779.365686
-5.399999,144,780.226892
-4.6,144,780.226932
-3.8000007,144,782.299842
-5.1999993,144,782.299907
-4.7999997,144,784.646605
-4.2000003,144,784.646651
-4.6,144,786.709714
-4.4,144,786.709814
-3.2000005,144,787.361674
-4.4,144,787.361758
-4.7999997,144,789.381928
-4.7999997,144,789.382016
-4.7999997,144,791.866956
-5.399999,144,791.866995
-4.4,144,794.357975
-4.6,144,794.358014
-3.8000007,144,795.019643
-3.6000006,144,795.01969
-5.7999988,144,797.454718
-4.6,144,797.45476
-3.6000006,144,800.382528
-6.1999984,144,800.382568
-5.1999993,144,800.92643
-4.6,144,800.926474
-5.399999,144,803.177338
-5.1999993,144,803.177377
-4.6,144,805.473807
-3.4000006,144,805.47385
-3.2000005,144,807.18752
-5.1999993,144,807.18761
-5.599999,144,807.8209
-4.2000003,144,807.820943
-4.9999995,144,809.724488
-4.2000003,144,809.724528
-5.9999986,144,812.123184
-5.9999986,144,812.123231
-4.6,144,812.698391
-4.0000005,144,812.69856
-3.6000006,144,814.787125
-3.4000006,144,814.787173
-4.9999995,144,816.752861
-3.0000005,144,816.752901
-3.6000006,144,818.962646
-4.6,144,818.962684
-4.4,144,819.478329
-3.2000005,144,819.478367
-3.6000006,144,821.194746
-3.6000006,144,821.194784
-4.6,144,823.149477
-3.2000005,144,823.149535
-4.2000003,144,823.796504
-4.7999997,144,823.796589
-4.4,144,825.716367
-5.1999993,144,825.716411
-3.0000005,144,827.677489
-4.6,144,827.677547
-3.8000007,144,829.551757
-4.9999995,144,829.551801
-4.2000003,144,830.100605
-4.6,144,830.100647
-5.399999,144,832.320746
-4.0000005,144,832.320812
-3.4000006,144,834.552285
-4.6,144,834.552349
-5.599999,144,837.514496
-5.399999,144,837.514535
-3.6000006,144,839.416849
-3.8000007,144,839.417083
-4.2000003,144,845.024512
-4.4,144,845.024573
-6.1999984,144,849.110541
-4.7999997,144,849.110617
-5.7999988,144,850.646815
-5.1999993,144,850.646852
-2.8000004,144,853.518116
-3.4000006,144,853.518494
-4.6,144,858.050744
-4.4,144,858.050787
-4.7999997,144,861.540239
-5.7999988,144,861.54029
-4.4,144,862.511798
-4.2000003,144,862.511838
-4.9999995,144,865.610896
-4.7999997,144,865.610943
-4.2000003,144,868.785066
-4.9999995,144,868.785107
-2.6000004,144,869.801899
-2.6000004,144,869.801976
-3.6000006,144,873.27293
-4.9999995,144,873.272969
-4.6,144,876.270288
-5.599999,144,876.270361
-4.0000005,144,879.847328
-4.4,144,879.847382
-2.8000004,144,881.46091
-4.0000005,144,881.460996
-4.2000003,144,885.477451
-5.9999986,144,885.477515
-4.6,144,889.537091
-2.2000003,144,889.537137
-4.2000003,144,891.069076
-3.2000005,144,891.069113
-4.7999997,144,894.072211
-3.0000005,144,894.07246
-4.7999997,144,896.81241
-4.7999997,144,896.812449
-4.2000003,144,900.47453
-3.8000007,144,900.474568
-4.7999997,144,901.427856
-5.1999993,144,901.427893
-2.8000004,144,904.449016
-2.4000003,144,904.449052
-4.0000005,144,907.554323
-4.6,144,907.554376
-3.8000007,144,910.57677
-4.2000003,144,910.576851
-3.4000006,144,912.133542
-4.2000003,144,912.133581
-3.0000005,144,915.205469
-4.2000003,144,915.205512
-3.0000005,144,918.313504
-3.4000006,144,918.313549
-3.6000006,144,919.406941
-3.6000006,144,919.406983
-3.6000006,144,923.328711
-4.7999997,144,923.328754
-4.6,144,926.946126
-4.4,144,926.946168
-4.4,144,929.926951
-4.0000005,144,929.927038
-3.8000007,144,931.494832
-5.1999993,144,931.494876
-4.7999997,144,933.700001
-3.0000005,144,933.700042
-5.1999993,144,936.161983
-4.2000003,144,936.162033
-3.6000006,144,936.767153
-4.0000005,144,936.767251
-4.4,144,938.890362
-3.2000005,144,938.890463
-4.2000003,144,941.422176
-3.6000006,144,941.422224
-4.4,144,944.785457
-4.7999997,144,944.785542
-4.6,144,946.61955
-2.8000004,144,946.619632
-4.6,144,950.636564
-3.6000006,144,950.636632
-4.0000005,144,955.442075
-3.8000007,144,955.44212
-3.0000005,144,956.583088
-4.4,144,956.583129
-3.6000006,144,959.933873
-4.2000003,144,959.93391
-4.6,144,962.444862
-3.4000006,144,962.444899
-3.6000006,144,965.596489
-2.8000004,144,965.59656
-3.6000006,144,966.56926
-4.0000005,144,966.56931
-4.2000003,144,969.761365
-2.0000002,144,969.761415
-4.2000003,144,971.679096
-4.2000003,144,971.679163
-2.0000002,144,973.906952
-3.2000005,144,973.906996
-5.599999,144,974.453965
-4.4,144,974.454004
-4.6,144,976.409209
-4.2000003,144,976.40925
-4.2000003,144,978.219759
-4.7999997,144,978.219817
-4.4,144,979.291451
-4.0000005,144,979.291486
-3.8000007,144,981.140972
-4.0000005,144,981.141042
-5.399999,144,985.133483
-5.599999,144,985.133635
-3.8000007,144,990.678835
-2.6000004,144,990.678929
-4.4,144,992.249849
-4.6,144,992.249893
-3.0000005,144,995.609015
-4.6,144,995.609098
-3.2000005,144,998.985285
-3.8000007,144,998.985327
-4.2000003,144,999.529487
-3.0000005,144,999.529559
-4.0000005,144,1002.608421
-3.4000006,144,1002.608527
-4.6,144,1006.468397
-4.0000005,144,1006.468451
-4.6,144,1009.973557
-3.2000005,144,1009.973599
-2.6000004,144,1010.647726
-3.4000006,144,1010.647763
-3.4000006,144,1012.712363
-3.8000007,144,1012.712408
-4.7999997,144,1014.83597
-3.4000006,144,1014.836017
-2.0000002,144,1015.421073
-3.4000006,144,1015.421113
-2.4000003,144,1017.532042
-4.0000005,144,1017.532081
-4.2000003,144,1019.519838
-5.399999,144,1019.519874
-4.7999997,144,1021.20412
-3.4000006,144,1021.204164
-2.6000004,144,1021.734472
-2.8000004,144,1021.734513
-4.4,144,1023.825292
-2.0000002,144,1023.825332
-4.0000005,144,1026.528839
-4.0000005,144,1026.528876
-3.8000007,144,1028.3821
-4.4,144,1028.382295
-3.2000005,144,1029.066587
-3.4000006,144,1029.066625
-4.0000005,144,1031.282403
-4.6,144,1031.282445
-4.4,144,1033.558446
-2.6000004,144,1033.558481
-3.6000006,144,1034.0549
-3.8000007,144,1034.054941
-2.8000004,144,1036.437754
-4.2000003,144,1036.437861
-4.6,144,1038.912462
-4.9999995,144,1038.912505
-2.6000004,144,1041.115604
-2.6000004,144,1041.115646
-4.2000003,144,1041.612297
-3.6000006,144,1041.612335
-3.6000006,144,1043.621311
-4.2000003,144,1043.621383
-3.6000006,144,1047.587225
-4.4,144,1047.587326
-3.8000007,144,1048.466863
-3.4000006,144,1048.466902
-4.7999997,144,1051.478643
-3.4000006,144,1051.478884
-4.2000003,144,1055.146019
-3.6000006,144,1055.146064
-4.6,144,1057.527144
-4.7999997,144,1057.52718
-4.7999997,144,1058.011173
-4.6,144,1058.011212
-4.6,144,1059.818605
-4.6,144,1059.818645
-2.6000004,144,1061.533316
-2.4000003,144,1061.533357
-3.4000006,144,1062.019938
-4.0000005,144,1062.019975
-4.0000005,144,1063.803495
-2.2000003,144,1063.803534
-2.6000004,144,1065.772308
-4.0000005,144,1065.772345
-4.0000005,144,1067.623762
-3.0000005,144,1067.623833
-3.8000007,144,1068.650955
-3.2000005,144,1068.650992
-2.6000004,144,1070.307084
-3.0000005,144,1070.307122
-4.0000005,144,1072.438905
-4.2000003,144,1072.438954
-4.4,144,1074.700835
-4.7999997,144,1074.700877
-4.9999995,144,1075.333342
-3.6000006,144,1075.333392
-4.0000005,144,1077.462995
-3.0000005,144,1077.463032
-4.7999997,144,1079.436761
-4.0000005,144,1079.436828
-3.8000007,144,1080.057215
-3.8000007,144,1080.057257
-1.6000001,144,1082.057018
-2.4000003,144,1082.05706
-3.0000005,144,1083.937173
-2.0000002,144,1083.93722
-3.6000006,144,1085.720672
-3.2000005,144,1085.72077
-3.0000005,144,1086.371847
-4.4,144,1086.371885
-3.0000005,144,1088.723464
-4.7999997,144,1088.72351
-2.4000003,144,1090.636485
-3.4000006,144,1090.636521
-4.7999997,144,1091.11477
-4.4,144,1091.114808
-3.4000006,144,1093.002567
-3.4000006,144,1093.002604
-3.0000005,144,1095.057626
-4.2000003,144,1095.057673
-3.8000007,144,1096.786577
-2.6000004,144,1096.78665
-4.6,144,1097.277524
-4.4,144,1097.27757
-3.0000005,144,1099.816168
-3.6000006,144,1099.816204
-3.6000006,144,1101.481023
-4.4,144,1101.481065
-3.4000006,144,1101.966597
-3.0000005,144,1101.966641
-3.6000006,144,1104.171538
-4.4,144,1104.171584
-3.6000006,144,1106.042975
-3.4000006,144,1106.043013
-4.2000003,144,1107.669856
-3.8000007,144,1107.669896
-3.6000006,144,1108.192357
-4.6,144,1108.192395
-3.8000007,144,1109.672338
-3.4000006,144,1109.672376
-2.6000004,144,1111.442135
-3.0000005,144,1111.442168
-2.8000004,144,1112.882636
-3.2000005,144,1112.8827
-2.2000003,144,1113.409191
-3.0000005,144,1113.409229
-4.2000003,144,1115.108098
-2.8000004,144,1115.108136
-3.0000005,144,1117.384048
-5.1999993,144,1117.384084
-4.2000003,144,1117.922223
-2.6000004,144,1117.922263
-2.2000003,144,1119.992523
-1.8000002,144,1119.992564
-4.7999997,144,1121.814798
-2.8000004,144,1121.814839
-3.2000005,144,1123.417344
-2.4000003,144,1123.417413
-4.2000003,144,1123.918557
-2.0000002,144,1123.918594
-3.6000006,144,1125.747193
-3.0000005,144,1125.747231
-3.2000005,144,1127.416315
-2.4000003,144,1127.416358
-4.6,144,1127.906456
-4.4,144,1127.906499
-4.4,144,1129.863803
-3.4000006,144,1129.863866
-4.0000005,144,1131.844038
-4.4,144,1131.844073
-3.0000005,144,1134.081337
-3.4000006,144,1134.081389
-3.8000007,144,1134.653535
-3.4000006,144,1134.653653
-4.0000005,144,1136.807507
-3.2000005,144,1136.807545
-2.2000003,144,1139.107481
-2.2000003,144,1139.10752
-2.4000003,144,1139.596991
-2.2000003,144,1139.597028
-3.0000005,144,1141.455189
-3.6000006,144,1141.455225
-4.4,144,1142.909051
-3.8000007,144,1142.909088
-3.6000006,144,1144.596579
-3.8000007,144,1144.596623
-4.2000003,144,1145.172921
-4.2000003,144,1145.172961
-4.7999997,144,1147.097969
-3.2000005,144,1147.09801
-3.6000006,144,1148.799684
-3.8000007,144,1148.799782
-2.8000004,144,1150.438783
-3.6000006,144,1150.438846
-3.2000005,144,1150.963197
-3.6000006,144,1150.963231
-3.2000005,144,1152.882078
-3.4000006,144,1152.882127
-3.2000005,144,1154.647928
-2.0000002,144,1154.647972
-3.4000006,144,1155.142069
-3.4000006,144,1155.142109
-2.6000004,144,1157.302208
-3.0000005,144,1157.302253
-4.4,144,1159.087806
-3.6000006,144,1159.087847
-3.4000006,144,1160.790313
-2.6000004,144,1160.790393
-3.2000005,144,1161.356239
-3.2000005,144,1161.356282
-3.6000006,144,1163.840433
-4.2000003,144,1163.840472
-4.2000003,144,1166.147268
-2.6000004,144,1166.147317
-4.9999995,144,1166.659422
-3.6000006,144,1166.65946
-3.0000005,144,1169.041975
-3.0000005,144,1169.042018
-3.8000007,144,1171.143636
-3.6000006,144,1171.143682
-2.8000004,144,1173.536462
-3.8000007,144,1173.536513
-3.4000006,144,1174.090921
-3.6000006,144,1174.090967
-2.8000004,144,1175.959743
-2.0000002,144,1175.959786
-3.6000006,144,1178.031911
-3.6000006,144,1178.031965
-3.2000005,144,1178.688426
-3.8000007,144,1178.688482
-2.2000003,144,1180.750756
-3.2000005,144,1180.750802
-2.6000004,144,1183.449913
-2.4000003,144,1183.449958
-3.8000007,144,1186.09645
-5.399999,144,1186.096487
-3.6000006,144,1186.681926
-2.6000004,144,1186.681975
-4.2000003,144,1188.898397
-3.8000007,144,1188.898462
-5.399999,144,1191.108873
-3.8000007,144,1191.108925
-3.0000005,144,1192.968186
-2.6000004,144,1192.968267
-3.8000007,144,1193.592643
-3.6000006,144,1193.592694
-2.4000003,144,1195.515203
-1.6000001,144,1195.515243
-3.4000006,144,1197.943779
-3.0000005,144,1197.943814
-3.2000005,144,1198.465214
-3.4000006,144,1198.465261
-4.0000005,144,1200.954509
-2.6000004,144,1200.954546
-2.6000004,144,1202.825177
-4.4,144,1202.825236
-1.8000002,144,1205.159139
-1.8000002,144,1205.159176
-2.4000003,144,1205.738806
-3.4000006,144,1205.738854
-1.8000002,144,1207.615033
-2.0000002,144,1207.615075
-3.0000005,144,1209.676206
-3.8000007,144,1209.676261
-4.0000005,144,1210.350791
-3.8000007,144,1210.35083
-3.0000005,144,1212.105379
-3.4000006,144,1212.105422
-4.2000003,144,1214.119788
-1.8000002,144,1214.119828
-2.2000003,144,1215.999955
-3.4000006,144,1215.999995
-3.4000006,144,1216.61015
-2.4000003,144,1216.610186
-2.2000003,144,1218.549894
-3.6000006,144,1218.549944
-3.8000007,144,1220.972718
-2.6000004,144,1220.972757
-3.2000005,144,1221.941046
-3.0000005,144,1221.941161
-3.2000005,144,1224.230793
-3.4000006,144,1224.230832
-2.2000003,144,1226.884444
-2.0000002,144,1226.884495
-3.0000005,144,1228.805519
-2.2000003,144,1228.805579
-3.8000007,144,1229.723922
-4.4,144,1229.723966
-1.4000001,144,1231.779927
-3.0000005,144,1231.779963
-2.2000003,144,1233.690363
-1.8000002,144,1233.690401
-4.6,144,1235.415887
-3.6000006,144,1235.415956
-2.4000003,144,1236.103139
-4.2000003,144,1236.103174
-3.6000006,144,1237.827002
-3.0000005,144,1237.827048
-4.0000005,144,1239.612783
-2.6000004,144,1239.612823
-1.2,144,1240.709043
-1.0,144,1240.70908
-2.0000002,144,1243.035618
-2.4000003,144,1243.03567
-4.0000005,144,1244.779261
-1.4000001,144,1244.779305
-2.2000003,144,1246.273883
-2.4000003,144,1246.273961
-3.2000005,144,1246.885539
-2.6000004,144,1246.885581
-3.0000005,144,1248.719899
-3.4000006,144,1248.719939
-3.8000007,144,1251.405381
-3.0000005,144,1251.405431
-2.4000003,144,1252.077555
-4.0000005,144,1252.077602
-1.8000002,144,1254.214324
-2.8000004,144,1254.214375
-3.2000005,144,1256.494471
-2.8000004,144,1256.494511
-3.0000005,144,1259.254412
-2.8000004,144,1259.254452
-3.2000005,144,1259.927303
-3.6000006,144,1259.927352
-1.0,144,1262.027604
-2.6000004,144,1262.027696
-3.2000005,144,1264.155673
-3.0000005,144,1264.155742
-4.4,144,1265.28681
-3.2000005,144,1265.286851
-2.4000003,144,1267.365697
-3.6000006,144,1267.365757
-2.6000004,144,1269.255656
-3.0000005,144,1269.255701
-3.8000007,144,1271.085115
-4.0000005,144,1271.085164
-2.2000003,144,1271.763682
-2.2000003,144,1271.763742
-2.4000003,144,1275.134693
-2.6000004,144,1275.134767
-2.8000004,144,1281.320799
-2.8000004,144,1281.320963
-2.6000004,144,1285.49328
-2.4000003,144,1285.493323
-3.4000006,144,1286.086875
-3.2000005,144,1286.086934
-3.0000005,144,1289.194995
-2.0000002,144,1289.195045
-3.2000005,144,1292.746899
-2.0000002,144,1292.74694
-1.2,144,1293.817707
-1.6000001,144,1293.817748
-1.8000002,144,1297.365893
-3.6000006,144,1297.365944
-3.6000006,144,1300.958282
-3.4000006,144,1300.958515
-2.2000003,144,1304.8501
-2.2000003,144,1304.850143
-3.6000006,144,1305.793351
-3.4000006,144,1305.793403
-2.0000002,144,1309.042153
-4.0000005,144,1309.042192
-2.4000003,144,1312.526029
-2.8000004,144,1312.526066
-1.6000001,144,1313.572848
-2.4000003,144,1313.572905
-3.6000006,144,1316.619694
-4.2000003,144,1316.619754
-2.8000004,144,1320.154783
-2.8000004,144,1320.154824
-2.8000004,144,1323.765389
-3.0000005,144,1323.76543
-3.6000006,144,1325.148754
-4.2000003,144,1325.148794
-2.6000004,144,1329.030856
-2.4000003,144,1329.030896
-2.4000003,144,1333.452141
-3.0000005,144,1333.452182
-3.2000005,144,1335.050554
-3.8000007,144,1335.050599
-3.4000006,144,1338.699614
-3.4000006,144,1338.699654
-3.2000005,144,1342.872122
-2.2000003,144,1342.87217
-0.8,144,1347.147109
-2.2000003,144,1347.147156
-3.4000006,144,1349.277403
-1.4000001,144,1349.277471
-2.0000002,144,1352.620059
-1.2,144,1352.620116
-3.0000005,144,1356.356719
-3.0000005,144,1356.357011
-1.6000001,144,1359.347377
-2.2000003,144,1359.347416
-2.2000003,144,1359.895787
-1.8000002,144,1359.895841
-2.8000004,144,1362.935616
-0.6,144,1362.935653
-3.0000005,144,1365.548608
-2.0000002,144,1365.548656
-2.8000004,144,1366.071069
-3.0000005,144,1366.071119
-2.2000003,144,1368.455938
-3.6000006,144,1368.455982
-3.0000005,144,1371.30683
-2.6000004,144,1371.30687
-2.4000003,144,1374.601088
-3.6000006,144,1374.601125
-2.2000003,144,1375.123891
-3.6000006,144,1375.123951
-2.4000003,144,1378.124947
-1.8000002,144,1378.124985
-3.4000006,144,1380.912168
-2.2000003,144,1380.912201
-3.8000007,144,1381.437391
-1.6000001,144,1381.437438
-1.8000002,144,1383.85373
-3.0000005,144,1383.853768
-3.8000007,144,1386.54628
-3.4000006,144,1386.546314
-2.8000004,144,1389.222437
-1.8000002,144,1389.222487
-1.2,144,1390.370801
-2.6000004,144,1390.370836
-2.6000004,144,1393.366125
-3.4000006,144,1393.366167
-3.4000006,144,1397.211573
-2.4000003,144,1397.211629
-2.8000004,144,1399.240271
-4.0000005,144,1399.240307
-3.6000006,144,1401.892792
-3.2000005,144,1401.89283
-3.6000006,144,1404.587622
-3.0000005,144,1404.587659
-2.8000004,144,1407.254468
-2.0000002,144,1407.254508
-2.4000003,144,1407.729941
-2.6000004,144,1407.729984
-1.0,144,1410.241875
-3.0000005,144,1410.24191
-2.2000003,144,1412.812786
-2.8000004,144,1412.812819
-2.8000004,144,1414.763288
-3.4000006,144,1414.763422
-1.2,144,1415.71084
-2.8000004,144,1415.710906
-1.6000001,144,1418.494228
-3.0000005,144,1418.494314
-1.4000001,144,1422.0414
-2.6000004,144,1422.041434
-3.4000006,144,1423.039558
-2.6000004,144,1423.039593
-2.0000002,144,1425.718259
-3.6000006,144,1425.7183
-2.6000004,144,1428.716413
-2.0000002,144,1428.716452
-2.8000004,144,1431.502725
-3.8000007,144,1431.502766
-3.2000005,144,1432.733584
-3.2000005,144,1432.733618
-2.4000003,144,1436.574563
-1.8000002,144,1436.574609
-2.4000003,144,1440.735724
-2.4000003,144,1440.73583
-2.6000004,144,1441.692812
-2.6000004,144,1441.69285
-2.4000003,144,1445.691738
-2.6000004,144,1445.691772
-3.2000005,144,1448.81802
-3.0000005,144,1448.81808
-2.4000003,144,1451.986234
-3.0000005,144,1451.986274
-2.4000003,144,1452.999929
-2.0000002,144,1452.999962
-3.8000007,144,1456.293279
-2.8000004,144,1456.293325
-2.6000004,144,1460.877396
-1.4000001,144,1460.87748
-2.0000002,144,1462.732666
-2.2000003,144,1462.732726
-2.2000003,144,1467.570364
-2.6000004,144,1467.570409
-2.4000003,144,1471.265576
-2.2000003,144,1471.26562
-1.8000002,144,1474.208096
-1.2,144,1474.20814
-2.2000003,144,1475.158095
-1.6000001,144,1475.158145
-3.0000005,144,1477.729827
-4.4,144,1477.730068
-2.4000003,144,1480.607455
-2.6000004,144,1480.607536
-2.4000003,144,1484.63794
-1.4000001,144,1484.638011
-2.4000003,144,1485.62644
-2.8000004,144,1485.626478
-2.0000002,144,1488.694086
-2.8000004,144,1488.694129
-3.6000006,144,1491.688355
-1.2,144,1491.688397
-2.6000004,144,1492.609038
-1.2,144,1492.609074
-1.8000002,144,1495.329768
-2.0000002,144,1495.329805
-2.2000003,144,1498.23425
-2.4000003,144,1498.234299
-1.4000001,144,1501.386355
-1.8000002,144,1501.386392
-3.8000007,144,1502.002376
-1.4000001,144,1502.002433
-1.8000002,144,1504.759273
-1.6000001,144,1504.759316
-1.8000002,144,1507.719151
-2.6000004,144,1507.719196
-1.8000002,144,1508.226759
-3.4000006,144,1508.22684
-2.4000003,144,1511.26
-2.2000003,144,1511.260036
-3.0000005,144,1513.77983
-3.4000006,144,1513.779871
-3.2000005,144,1516.923047
-2.4000003,144,1516.923121
-2.4000003,144,1517.412639
-1.4000001,144,1517.412684
-2.4000003,144,1519.784214
-2.2000003,144,1519.784375
-1.8000002,144,1522.547462
-1.2,144,1522.547502
-2.2000003,144,1523.506768
-1.8000002,144,1523.506823
-1.6000001,144,1526.845013
-3.0000005,144,1526.845057
-1.4000001,144,1530.227257
-1.2,144,1530.227296
-2.4000003,144,1533.9059
-1.6000001,144,1533.905933
-2.4000003,144,1534.795396
-3.6000006,144,1534.795637
-2.4000003,144,1537.950216
-2.4000003,144,1537.950263
-3.8000007,144,1541.757874
-2.8000004,144,1541.757923
-2.0000002,144,1545.861315
-2.0000002,144,1545.861348
-2.2000003,144,1547.262349
-1.8000002,144,1547.262449
-1.8000002,144,1551.811878
-2.2000003,144,1551.812113
-2.2000003,144,1555.436931
-1.8000002,144,1555.437025
-2.2000003,144,1557.123124
-3.2000005,144,1557.12316
-0.8,144,1559.964602
-2.0000002,144,1559.964638
-0.8,144,1563.346737
-0.8,144,1563.346797
-1.6000001,144,1567.248029
-2.2000003,144,1567.248068
-0.6,144,1568.302255
-1.8000002,144,1568.30229
-1.2,144,1572.49809
-2.2000003,144,1572.498162
-1.4000001,144,1576.907818
-3.2000005,144,1576.907895
-2.8000004,144,1579.088987
-2.2000003,144,1579.089068
-1.8000002,144,1585.112293
-2.2000003,144,1585.112381
-1.4000001,144,1590.849319
-2.2000003,144,1590.84947
-1.8000002,144,1597.403342
-2.6000004,144,1597.403415
-2.4000003,144,1600.050913
-3.2000005,144,1600.05106
-2.8000004,144,1607.002113
-2.4000003,144,1607.00219
-1.8000002,144,1613.845819
-2.6000004,144,1613.845918
-1.2,144,1616.120179
-2.2000003,144,1616.120249
-2.4000003,144,1622.513886
-1.4000001,144,1622.51395
-2.2000003,144,1627.339458
-2.6000004,144,1627.339507
-2.0000002,144,1633.176576
-2.0000002,144,1633.176733
-1.4000001,144,1634.761234
-1.8000002,144,1634.761311
-2.2000003,144,1640.953875
-3.6000006,144,1640.953957
-1.8000002,144,1646.182393
-1.8000002,144,1646.182495
-2.8000004,144,1651.729808
-2.8000004,144,1651.729886
-2.0000002,144,1654.091674
-2.0000002,144,1654.091751
-1.4000001,144,1659.924782
-1.0,144,1659.92487
-2.6000004,144,1666.238536
-1.6000001,144,1666.238638
-1.6000001,144,1668.694037
-2.6000004,144,1668.694128
-0.4,144,1675.563791
-1.6000001,144,1675.563879
-1.0,144,1681.455078
-1.4000001,144,1681.455144
-3.4000006,144,1686.737546
-2.8000004,144,1686.737626
-1.6000001,144,1689.070798
-2.2000003,144,1689.070883
-0.8,144,1694.477643
-1.2,144,1694.477717
-2.6000004,144,1700.232177
-2.6000004,144,1700.232297
-2.0000002,144,1702.145306
-3.4000006,144,1702.145394
-1.8000002,144,1708.34753
-1.6000001,144,1708.347642
-1.6000001,144,1714.590579
-2.6000004,144,1714.590644
-2.2000003,144,1720.232016
-1.6000001,144,1720.232105
-2.4000003,144,1722.017642
-0.6,144,1722.017761
-2.6000004,144,1728.907377
-1.6000001,144,1728.907533
-3.2000005,144,1736.062136
-3.0000005,144,1736.062228
-2.2000003,144,1738.407699
-1.8000002,144,1738.407798
-1.8000002,144,1745.297125
-2.2000003,144,1745.297224
-1.2,144,1751.384127
-1.0,144,1751.384221
-2.0000002,144,1755.882281
-2.2000003,144,1755.882349
-2.2000003,144,1757.438411
-1.0,144,1757.438547
-2.2000003,144,1761.104739
-2.8000004,144,1761.104785
-1.2,144,1765.906155
-1.0,144,1765.906292
-2.2000003,144,1770.825598
-2.0000002,144,1770.825653
-1.2,144,1773.070853
-1.8000002,144,1773.070928
-2.2000003,144,1777.370722
-0.8,144,1777.370762
-2.0000002,144,1781.501148
-1.0,144,1781.501197
-2.6000004,144,1783.907055
-1.4000001,144,1783.907246
-1.8000002,144,1789.744662
-2.0000002,144,1789.744706
-1.0,144,1795.133948
-1.0,144,1795.134142
-2.4000003,144,1800.008214
-2.0000002,144,1800.008291
-2.0000002,144,1802.404977
-1.8000002,144,1802.405099
-1.0,144,1807.447198
-1.0,144,1807.447251
-2.0000002,144,1812.261421
-1.4000001,144,1812.261486
-0.8,144,1814.774544
-0.8,144,1814.774713
-1.6000001,144,1819.902966
-1.6000001,144,1819.903037
-1.4000001,144,1825.289765
-2.0000002,144,1825.289849
-2.2000003,144,1830.736519
-1.6000001,144,1830.736716
-1.2,144,1833.043049
-2.2000003,144,1833.043141
-2.2000003,144,1838.040537
-1.4000001,144,1838.04062
-2.2000003,144,1844.781491
-1.2,144,1844.781636
-0.6,144,1846.768111
-0.4,144,1846.768196
-2.4000003,144,1852.972115
-2.4000003,144,1852.972197
-1.2,144,1858.622121
-1.6000001,144,1858.622212
-2.6000004,144,1863.649437
-2.2000003,144,1863.649542
-1.0,144,1866.045024
-0.4,144,1866.045104
-1.4000001,144,1871.414923
-2.0000002,144,1871.414998
-2.2000003,144,1876.27556
-0.8,144,1876.275649
-2.2000003,144,1881.081551
-2.6000004,144,1881.08164
-1.2,144,1883.303978
-1.0,144,1883.304072
-1.0,144,1888.349898
-1.8000002,144,1888.350115
-0.8,144,1893.535157
-1.2,144,1893.535242
-0.8,144,1895.393736
-0.2,144,1895.393809
-0.6,144,1901.092457
-1.4000001,144,1901.092517
-1.4000001,144,1906.203806
-0.6,144,1906.203896
-1.6000001,144,1911.702386
-2.0000002,144,1911.702477
-0.2,144,1913.533334
-0.4,144,1913.533415
-0.8,144,1919.38759
-0.8,144,1919.387768
-1.0,144,1923.973449
-2.0000002,144,1923.973554
-1.8000002,144,1926.261009
-1.6000001,144,1926.261102
-1.2,144,1931.969414
-1.2,144,1931.969483
-1.6000001,144,1936.719319
-2.0000002,144,1936.719385
-2.0000002,144,1941.952276
-1.4000001,144,1941.952361
-1.2,144,1943.664022
-0.6,144,1943.664119
-1.8000002,144,1947.489732
-1.2,144,1947.489775
-1.0,144,1952.273998
-0.6,144,1952.274094
-1.8000002,144,1954.064043
-1.4000001,144,1954.064125
-1.2,144,1958.93117
-1.0,144,1958.931256
-1.6000001,144,1963.645432
-1.8000002,144,1963.645547
-1.4000001,144,1968.042409
-1.2,144,1968.042454
-1.8000002,144,1969.915568
-2.4000003,144,1969.915655
-2.4000003,144,1974.654291
-1.6000001,144,1974.654375
-1.6000001,144,1979.034087
-2.2000003,144,1979.034163
-2.6000004,144,1984.322926
-1.8000002,144,1984.323243
-1.2,144,1986.273176
-0.8,144,1986.273265
-2.0000002,144,1991.677417
-1.2,144,1991.67751
-1.0,144,1996.435954
-0.6,144,1996.436033
-2.0000002,144,1998.30286
-1.4000001,144,1998.302929
-2.0000002,144,2004.387342
-0.8,144,2004.38756
-1.2,144,2009.631359
-2.2000003,144,2009.631429
-1.6000001,144,2015.150865
-1.0,144,2015.150915
-0.6,144,2016.86067
-1.8000002,144,2016.860725
-2.0000002,144,2021.041502
-1.8000002,144,2021.041616
-1.2,144,2025.891209
-2.0000002,144,2025.891292
-1.4000001,144,2027.714399
-1.4000001,144,2027.714484
-0.8,144,2033.490882
-0.6,144,2033.490974
-1.0,144,2038.498934
-0.8,144,2038.499018
-1.8000002,144,2043.986102
-1.8000002,144,2043.986193
-1.4000001,144,2046.062558
-1.0,144,2046.062685
-1.6000001,144,2051.256839
-1.4000001,144,2051.256884
-0.8,144,2055.268785
-0.6,144,2055.268832
-1.4000001,144,2058.274051
-1.0,144,2058.274152
-0.8,144,2065.964803
-0.6,144,2065.964891
-1.0,144,2073.115673
-1.0,144,2073.115865
-1.8000002,144,2079.367357
-0.8,144,2079.367629
-1.4000001,144,2080.591255
-0.6,144,2080.591293
-2.0000002,144,2085.503718
-1.6000001,144,2085.503792
-1.4000001,144,2090.046926
-0.6,144,2090.047074
-0.2,144,2095.443486
-1.4000001,144,2095.443588
-1.2,144,2096.547056
-1.8000002,144,2096.547148
-2.4000003,144,2099.843441
-1.4000001,144,2099.843544
-1.4000001,144,2103.427111
-1.6000001,144,2103.427153
-0.6,144,2104.436535
-1.4000001,144,2104.436583
-1.0,144,2109.95702
-1.2,144,2109.957757
-1.0,144,2114.26096
-1.2,144,2114.261028
-0.6,144,2119.116579
-1.0,144,2119.116636
-1.0,144,2120.807837
-1.4000001,144,2120.807925
-0.2,144,2125.861198
-0.4,144,2125.861275
-0.6,144,2130.856822
-2.8000004,144,2130.85702
-1.8000002,144,2133.250266
-2.4000003,144,2133.250576
-2.0000002,144,2136.883955
-2.4000003,144,2136.883993
-0.2,144,2141.339042
-0.4,144,2141.339123
-0.6,144,2146.099391
-0.4,144,2146.099468
-0.2,144,2147.853518
-0.2,144,2147.853629
-0.6,144,2151.056641
-0.8,144,2151.056729
-1.8000002,144,2154.952999
-1.2,144,2154.95307
-1.8000002,144,2156.77961
-1.2,144,2156.77971
-1.2,144,2161.63967
-1.2,144,2161.639742
-1.6000001,144,2166.141326
-0.4,144,2166.141371
-0.8,144,2170.374497
-0.4,144,2170.374537
-1.2,144,2171.560347
-1.6000001,144,2171.560424
-1.2,144,2176.542891
-1.4000001,144,2176.542961
-1.2,144,2181.075716
-0.8,144,2181.07581
-0.2,144,2185.759752
-0.2,144,2185.759817
-0.8,144,2187.480936
-1.2,144,2187.480993
-1.4000001,144,2192.773773
-0.8,144,2192.773879
-1.0,144,2197.91189
-1.0,144,2197.911941
-1.2,144,2199.696502
-0.8,144,2199.696585
-2.0000002,144,2204.057985
-1.8000002,144,2204.058061
-0.6,144,2209.626957
-1.0,144,2209.627006
-1.2,144,2215.245234
-1.2,144,2215.245293
-0.8,144,2216.89467
-1.4000001,144,2216.894724
-1.0,144,2222.118469
-1.0,144,2222.118591
-1.2,144,2227.353837
-1.4000001,144,2227.353895
-0.6,144,2229.184446
-0.4,144,2229.184507
-0.2,144,2234.110679
-0.2,144,2234.110754
-0.2,144,2239.178382
-0.2,144,2239.178439
-2.0000002,144,2244.077778
-1.6000001,144,2244.077831
-1.8000002,144,2246.330853
-0.6,144,2246.330905
-0.2,144,2251.631289
-0.4,144,2251.631362
-0.2,144,2256.672921
-0.2,144,2256.673043
-1.4000001,144,2258.734652
-0.6,144,2258.734694
-0.2,144,2263.857908
-0.2,144,2263.857953
-0.6,144,2269.116379
-0.2,144,2269.11643
-1.4000001,144,2274.237108
-1.4000001,144,2274.237171
-1.0,144,2275.74052
-0.8,144,2275.740566
-0.8,144,2280.787945
-1.4000001,144,2280.788047
-0.8,144,2285.934604
-1.2,144,2285.934671
-0.6,144,2291.381337
-0.2,144,2291.381498
-1.6000001,144,2293.09548
-2.4000003,144,2293.095534
-0.6,144,2298.318253
-0.6,144,2298.318424
-0.2,144,2302.876776
-0.2,144,2302.876884
-1.2,144,2304.951317
-0.8,144,2304.951388
-1.0,144,2309.291929
-0.4,144,2309.292002
-0.6,144,2313.111261
-0.2,144,2313.111372
-1.4000001,144,2316.54039
-1.0,144,2316.540431
-0.2,144,2317.159957
-1.4000001,144,2317.160006
-1.6000001,144,2319.086889
-1.0,144,2319.086926
-0.8,144,2321.597307
-0.8,144,2321.597349
-1.0,144,2322.203598
-1.0,144,2322.203651
-0.8,144,2324.021162
-0.6,144,2324.021218
-0.6,144,2326.316681
-0.2,144,2326.316716
-0.8,144,2327.985121
-0.8,144,2327.985229
-0.4,144,2328.550971
-0.2,144,2328.551015
-0.6,144,2330.922482
-1.4000001,144,2330.92252
-0.2,144,2333.042815
-0.2,144,2333.04286
-0.6,144,2333.615313
-0.6,144,2333.615367
-0.2,144,2335.34304
-0.6,144,2335.343082
-1.0,144,2336.994725
-0.6,144,2336.994762
-1.4000001,144,2338.697376
-1.4000001,144,2338.69742
-0.6,144,2339.280654
-1.0,144,2339.280687
-0.6,144,2341.049431
-0.6,144,2341.049479
-1.4000001,144,2342.792178
-1.0,144,2342.792229
-0.8,144,2345.248763
-0.8,144,2345.248814
-1.0,144,2345.803765
-1.0,144,2345.803813
-1.6000001,144,2347.487044
-1.2,144,2347.487087
-1.2,144,2349.761037
-0.8,144,2349.761084
-1.0,144,2350.423937
-0.2,144,2350.423977
-0.8,144,2352.442467
-1.0,144,2352.442517
-1.0,144,2354.572175
-1.0,144,2354.572335
-0.4,144,2356.628685
-0.2,144,2356.628733
-1.0,144,2357.42252
-0.4,144,2357.422566
-0.6,144,2359.483491
-1.0,144,2359.483529
-0.2,144,2361.147546
-0.4,144,2361.14759
-0.6,144,2362.201598
-0.4,144,2362.201649
-0.4,144,2363.797876
-0.6,144,2363.797916
-1.0,144,2365.513844
-1.2,144,2365.513879
-0.4,144,2368.3715
-1.0,144,2368.371603
-0.6,144,2369.229974
-0.4,144,2369.230012
-0.4,144,2371.933362
-0.2,144,2371.933406
-0.2,144,2374.259446
-0.2,144,2374.259488
-0.2,144,2374.821481
-0.2,144,2374.821553
-0.8,144,2377.11123
-0.4,144,2377.111272
-0.6,144,2379.661992
-0.6,144,2379.662031
-0.2,144,2381.911567
-0.2,144,2381.911602
-1.2,144,2382.439893
-0.6,144,2382.439939
-0.4,144,2384.309316
-0.2,144,2384.309356
-0.2,144,2386.135091
-0.2,144,2386.135162
-1.2,144,2387.82004
-0.6,144,2387.820103
-0.2,144,2388.506449
-0.2,144,2388.506488
-0.4,144,2390.212193
-0.4,144,2390.212232
-0.2,144,2391.95483
-0.2,144,2391.954877
-1.0,144,2392.498861
-0.6,144,2392.498895
-0.6,144,2394.165808
-0.6,144,2394.16585
-0.2,144,2395.719846
-0.2,144,2395.719885
-0.6,144,2397.474723
-0.2,144,2397.474802
-0.2,144,2398.026016
-0.2,144,2398.026058
-0.4,144,2399.679854
-0.6,144,2399.679893
-0.4,144,2401.371235
-0.2,144,2401.371296
-0.4,144,2401.912872
-0.6,144,2401.91291
-0.2,144,2403.674472
-0.2,144,2403.67451
-1.0,144,2405.396853
-0.6,144,2405.396888
-0.2,144,2407.162958
-0.2,144,2407.162998
-0.2,144,2407.735462
-0.2,144,2407.735499
-1.0,144,2409.68751
-0.4,144,2409.687546
-0.2,144,2411.558811
-0.6,144,2411.558849
-0.2,144,2412.132842
-0.2,144,2412.132884
-0.4,144,2413.898745
-0.6,144,2413.898808
-0.8,144,2415.444534
-0.6,144,2415.444573
-0.4,144,2417.745389
-0.6,144,2417.745421
-0.6,144,2418.261682
-0.6,144,2418.261721
-0.2,144,2420.494557
-0.2,144,2420.494592
-0.2,144,2422.22875
-0.2,144,2422.228789
-1.2,144,2423.877682
-0.6,144,2423.877757
-0.2,144,2424.449477
-0.2,144,2424.449514
-0.2,144,2426.182681
-0.2,144,2426.182721
-0.2,144,2427.78346
-0.2,144,2427.783498
-0.2,144,2428.344529
-0.2,144,2428.344566
-0.4,144,2430.096416
-0.6,144,2430.096455
-0.2,144,2431.837798
-0.2,144,2431.837837
-0.2,144,2433.59922
-0.2,144,2433.599288
-0.6,144,2434.192335
-0.4,144,2434.192373
-0.6,144,2435.855788
-1.0,144,2435.855857
-0.2,144,2437.717524
-0.2,144,2437.717562
-0.2,144,2438.291801
-0.2,144,2438.291842
-0.2,144,2440.167739
-0.2,144,2440.167777
-0.4,144,2442.096209
-0.2,144,2442.096245
-1.0,144,2443.877803
-0.4,144,2443.877861
-0.8,144,2444.46517
-0.6,144,2444.465207
-0.4,144,2446.123799
-0.8,144,2446.12384
-0.2,144,2447.885755
-1.0,144,2447.885793
-0.2,144,2448.42652
-0.2,144,2448.426557
-0.2,144,2450.159285
-0.2,144,2450.159327
-0.6,144,2451.851685
-0.6,144,2451.851732
-0.2,144,2454.051632
-0.2,144,2454.05169
-0.6,144,2454.56793
-0.2,144,2454.567968
-0.2,144,2456.309337
-0.2,144,2456.309376
-0.2,144,2458.058276
-0.2,144,2458.058314
-0.4,144,2459.693264
-0.6,144,2459.693354
-0.2,144,2460.279348
-0.2,144,2460.279393
-0.4,144,2462.049415
-1.0,144,2462.049451
-0.2,144,2464.166954
-0.2,144,2464.166994
-0.2,144,2464.717673
-0.2,144,2464.717724
-0.2,144,2466.394469
-0.2,144,2466.394507
-0.6,144,2467.855654
-0.6,144,2467.855689
-0.6,144,2470.159661
-0.4,144,2470.159696
-0.2,144,2470.740685
-0.2,144,2470.740724
-0.6,144,2472.603924
-0.6,144,2472.603967
-0.2,144,2474.97676
-0.2,144,2474.976801
-0.2,144,2475.49952
-0.2,144,2475.499561
-0.4,144,2477.234395
-0.2,144,2477.234433
-0.6,144,2478.988991
-0.2,144,2478.989031
-0.8,144,2481.219384
-1.0,144,2481.21942
-0.2,144,2481.71722
-0.2,144,2481.717258
-0.2,144,2483.942986
-0.2,144,2483.943021
-0.2,144,2485.591317
-0.2,144,2485.591361
-0.2,144,2486.616927
-0.4,144,2486.616965
-0.6,144,2488.469926
-1.0,144,2488.469965
-0.4,144,2490.238113
-1.2,144,2490.238151
-1.0,144,2492.511745
-0.4,144,2492.51179
-0.2,144,2493.013547
-0.4,144,2493.013585
-0.6,144,2495.282626
-0.6,144,2495.282668
-0.8,144,2497.032063
-1.4000001,144,2497.032106
-0.6,144,2498.81258
-0.6,144,2498.812647
-0.2,144,2499.453379
-0.2,144,2499.453418
-0.2,144,2501.304685
-0.4,144,2501.304724
-0.2,144,2503.275832
-0.6,144,2503.275877
-0.2,144,2503.824156
-0.2,144,2503.824195
-0.4,144,2506.15094
-0.6,144,2506.150976
-0.2,144,2507.964372
-0.2,144,2507.964409
-0.2,144,2510.38407
-0.6,144,2510.384112
-0.2,144,2510.935606
-0.2,144,2510.935645
-0.2,144,2513.730927
-0.2,144,2513.730965
-0.2,144,2515.492614
-0.2,144,2515.492651
-0.2,144,2515.983813
-0.2,144,2515.983849
-0.2,144,2517.746082
-0.2,144,2517.746123
-0.2,144,2519.413452
-0.2,144,2519.413492
-0.2,144,2521.542943
-0.2,144,2521.542978
-0.2,144,2522.026111
-0.2,144,2522.026147
-0.6,144,2523.626716
-0.6,144,2523.626757
-0.2,144,2525.336814
-0.2,144,2525.33685
-0.2,144,2525.860852
-0.2,144,2525.860893
-0.2,144,2527.620125
-0.2,144,2527.620162
-0.4,144,2529.376614
-0.2,144,2529.376653
-0.2,144,2530.834067
-0.2,144,2530.834105
-0.2,144,2531.348102
-0.2,144,2531.34814
-0.2,144,2533.104329
-0.2,144,2533.104368
-0.8,144,2534.834515
-0.8,144,2534.834554
-0.4,144,2536.416669
-0.4,144,2536.416753
-0.4,144,2537.454797
-0.2,144,2537.454846
-0.4,144,2539.023276
-0.2,144,2539.023317
-0.2,144,2540.65263
-0.2,144,2540.652668
-0.2,144,2541.154966
-0.2,144,2541.155054
-0.2,144,2542.862772
-0.2,144,2542.86281
-0.2,144,2544.363314
-0.2,144,2544.363352
-0.4,144,2545.959484
-0.4,144,2545.95957
-0.6,144,2546.484637
-0.4,144,2546.48473
-0.2,144,2548.185248
-0.2,144,2548.185303
-0.2,144,2549.791152
-0.2,144,2549.791188
-0.2,144,2550.299658
-0.2,144,2550.299695
-0.2,144,2552.042403
-0.2,144,2552.042442
-0.4,144,2553.762531
-0.6,144,2553.762568
-0.4,144,2555.924012
-0.8,144,2555.924049
-0.2,144,2556.42419
-0.2,144,2556.424229
-0.2,144,2558.088409
-0.2,144,2558.088447
-0.2,144,2559.828265
-0.4,144,2559.828302
-0.2,144,2560.354047
-0.2,144,2560.354084
-0.4,144,2562.032068
-0.6,144,2562.032106
-0.6,144,2563.80278
-0.6,144,2563.802818
-0.2,144,2565.46892
-0.6,144,2565.468959
-0.2,144,2565.970145
-0.2,144,2565.970187
-0.2,144,2567.711001
-0.2,144,2567.711038
-0.6,144,2569.440826
-0.4,144,2569.440866
-0.2,144,2571.060535
-0.2,144,2571.06062
-0.6,144,2571.576041
-1.0,144,2571.576082
-0.2,144,2573.332037
-0.2,144,2573.332076
-0.8,144,2574.844016
-0.2,144,2574.844071
-0.4,144,2575.344689
-1.0,144,2575.344729
-0.6,144,2577.32182
-0.4,144,2577.321853
-0.2,144,2578.995933
-0.6,144,2578.99597
-0.4,144,2580.697583
-1.0,144,2580.697656
-0.2,144,2581.246807
-0.2,144,2581.246843
-0.6,144,2582.848263
-0.6,144,2582.848303
-0.2,144,2584.595797
-0.2,144,2584.595846
-0.2,144,2585.11455
-0.2,144,2585.114587
-0.2,144,2587.214539
-0.2,144,2587.214578
-0.4,144,2588.856958
-0.6,144,2588.856996
-0.2,144,2590.568049
-0.2,144,2590.568095
-0.2,144,2591.094538
-0.2,144,2591.094577
-0.2,144,2592.781574
-0.2,144,2592.781611
-0.2,144,2594.521358
-0.2,144,2594.521431
-0.6,144,2595.082635
-0.4,144,2595.082674
-0.2,144,2596.757384
-0.2,144,2596.757426
-0.4,144,2598.499218
-1.0,144,2598.499264
-0.2,144,2600.479559
-0.2,144,2600.479599
-0.4,144,2601.049777
-0.6,144,2601.049814
-0.2,144,2602.484432
-0.2,144,2602.484467
-0.4,144,2604.209187
-0.2,144,2604.209223
-0.6,144,2605.952288
-0.6,144,2605.952361
-0.2,144,2606.540378
-0.2,144,2606.540431
-0.2,144,2608.310742
-0.2,144,2608.31078
-0.2,144,2610.015754
-0.2,144,2610.015791
-0.4,144,2610.572638
-0.6,144,2610.572674
-0.6,144,2612.388382
-0.4,144,2612.388431
-1.0,144,2614.132298
-0.6,144,2614.132334
-0.4,144,2615.854637
-0.2,144,2615.854728
-0.6,144,2616.462974
-0.6,144,2616.46301
-0.2,144,2618.188651
-0.2,144,2618.188686
-0.2,144,2619.84563
-0.2,144,2619.845699
-0.2,144,2620.396747
-0.2,144,2620.396785
-0.2,144,2622.100855
-0.2,144,2622.10089
-0.6,144,2623.832144
-0.8,144,2623.832179
-0.6,144,2625.989781
-0.6,144,2625.98982
-0.6,144,2626.515342
-0.2,144,2626.515376
-0.2,144,2628.074481
-0.2,144,2628.074516
-0.2,144,2629.675574
-0.2,144,2629.675613
-0.6,144,2630.229534
-0.2,144,2630.22957
-0.4,144,2631.997052
-0.8,144,2631.997087
-0.2,144,2633.74624
-0.2,144,2633.746277
-1.0,144,2635.47103
-1.0,144,2635.471073
-0.2,144,2636.057133
-0.2,144,2636.057183
-0.2,144,2637.775217
-0.2,144,2637.775252
-0.2,144,2639.563813
-0.2,144,2639.563846
-0.4,144,2641.149724
-0.8,144,2641.149793
-0.8,144,2641.744994
-0.4,144,2641.74503
-0.2,144,2643.487649
-0.2,144,2643.487689
-1.0,144,2645.118518
-1.0,144,2645.118554
-0.2,144,2645.731084
-0.2,144,2645.731187
-0.2,144,2647.531039
-0.2,144,2647.531077
-0.6,144,2649.302188
-0.6,144,2649.302229
-0.6,144,2651.014166
-0.4,144,2651.014246
-0.2,144,2651.605512
-0.2,144,2651.605549
-0.6,144,2653.327641
-0.2,144,2653.327678
-0.6,144,2654.961877
-0.4,144,2654.961931
-0.2,144,2656.02434
-0.2,144,2656.024379
-0.2,144,2657.722704
-0.2,144,2657.722739
-0.2,144,2659.406466
-0.2,144,2659.406503
-0.4,144,2661.526212
-0.4,144,2661.526253
-0.2,144,2662.053081
-0.2,144,2662.05312
-0.8,144,2663.802915
-0.2,144,2663.803205
-0.2,144,2665.497079
-0.2,144,2665.497112
-0.2,144,2666.095726
-0.2,144,2666.095777
-0.6,144,2667.878475
-0.8,144,2667.878516
-0.2,144,2669.497598
-0.2,144,2669.497636
-0.2,144,2671.22748
-0.2,144,2671.227522
-0.2,144,2671.822205
-0.2,144,2671.822267
-0.2,144,2673.570092
-0.2,144,2673.570131
-0.6,144,2675.380269
-0.2,144,2675.380304
-0.6,144,2677.075634
-0.2,144,2677.075705
-0.6,144,2677.669515
-0.4,144,2677.669567
-1.0,144,2679.386376
-1.0,144,2679.386413
-0.2,144,2681.620642
-0.2,144,2681.62068
-0.4,144,2682.178421
-0.2,144,2682.178458
-0.2,144,2683.884397
-0.2,144,2683.884436
-0.8,144,2685.738936
-1.2,144,2685.738978
-0.2,144,2687.337212
-0.2,144,2687.3373
-0.4,144,2687.913379
-1.0,144,2687.913418
-0.2,144,2689.43843
-0.2,144,2689.438471
-0.2,144,2691.125168
-0.2,144,2691.125205
-0.2,144,2691.697997
-0.2,144,2691.698032
-0.6,144,2693.438621
-0.2,144,2693.438658
-0.2,144,2695.138607
-0.2,144,2695.138641
-0.8,144,2696.747603
-1.0,144,2696.747659
-0.2,144,2697.862492
-0.2,144,2697.862527
-0.2,144,2699.59838
-0.2,144,2699.598416
-0.2,144,2701.348473
-0.2,144,2701.348508
-0.2,144,2701.948609
-0.2,144,2701.948645
-0.4,144,2703.63238
-0.4,144,2703.632416
-0.6,144,2705.382872
-0.6,144,2705.382906
-0.2,144,2707.64175
-0.2,144,2707.641783
-0.6,144,2708.239032
-0.4,144,2708.239071
-0.2,144,2709.865781
-0.2,144,2709.865833
-0.2,144,2711.523329
-0.4,144,2711.523366
-0.2,144,2713.598163
-0.2,144,2713.598197
-0.2,144,2714.148277
-0.2,144,2714.148327
-1.4000001,144,2715.883363
-0.4,144,2715.883401
-0.2,144,2717.659444
-0.2,144,2717.659479
-0.6,144,2718.750382
-1.0,144,2718.750418
-0.4,144,2720.378826
-0.6,144,2720.378863
-0.2,144,2722.125677
-0.2,144,2722.125715
-0.4,144,2723.8629
-0.6,144,2723.862982
-0.2,144,2724.446252
-0.6,144,2724.44629
-0.2,144,2726.191082
-0.2,144,2726.191125
-0.2,144,2727.964493
-0.2,144,2727.964532
-0.2,144,2728.514829
-0.2,144,2728.514866
-0.4,144,2730.270756
-0.6,144,2730.270793
-0.2,144,2732.017682
-0.2,144,2732.017724
-0.2,144,2733.731685
-0.4,144,2733.731726
-0.2,144,2734.292543
-0.4,144,2734.292581
-0.6,144,2736.008439
-0.2,144,2736.008478
-0.2,144,2737.490759
-0.4,144,2737.490797
-1.0,144,2738.023054
-1.0,144,2738.023092
-0.4,144,2739.63843
-0.2,144,2739.638465
-0.2,144,2741.398502
-0.4,144,2741.398537
-0.4,144,2743.015199
-0.2,144,2743.015241
-0.4,144,2743.554013
-0.4,144,2743.554054
-0.6,144,2745.226003
-1.0,144,2745.226039
-0.4,144,2746.942314
-0.4,144,2746.94236
-0.2,144,2748.595121
-0.2,144,2748.595217
-0.2,144,2749.178736
-0.6,144,2749.178771
-0.2,144,2750.95067
-0.2,144,2750.950706
-0.6,144,2752.666323
-0.6,144,2752.666363
-0.2,144,2753.226312
-0.6,144,2753.22635
-0.6,144,2754.9633
-0.6,144,2754.963334
-0.2,144,2756.741229
-0.2,144,2756.74127
-0.2,144,2758.483814
-0.2,144,2758.483884
-0.8,144,2759.056805
-1.0,144,2759.056838
-0.2,144,2760.710448
-0.2,144,2760.710489
-0.6,144,2762.429274
-0.6,144,2762.429312
-0.2,144,2762.972645
-0.2,144,2762.972684
-0.2,144,2764.704724
-0.2,144,2764.704763
-0.6,144,2766.438982
-0.6,144,2766.439037
-0.2,144,2767.966769
-0.2,144,2767.966872
-0.2,144,2768.505677
-0.4,144,2768.505716
-0.2,144,2770.21392
-0.2,144,2770.213958
-0.2,144,2771.761967
-0.2,144,2771.762002
-0.2,144,2772.305715
-0.6,144,2772.305751
-0.6,144,2774.000415
-0.6,144,2774.000453
-0.2,144,2775.695709
-0.2,144,2775.695744
-0.6,144,2777.730981
-0.6,144,2777.731041
-0.2,144,2778.338836
-0.2,144,2778.338879
-0.2,144,2780.413124
-0.2,144,2780.413167
-0.2,144,2782.993834
-0.2,144,2782.993872
-0.2,144,2785.533118
-0.2,144,2785.533155
-0.6,144,2786.091445
-0.2,144,2786.091483
-0.2,144,2787.982034
-0.2,144,2787.982074
-0.2,144,2789.926414
-0.2,144,2789.92649
-0.6,144,2790.598483
-0.6,144,2790.598521
-0.6,144,2792.799768
-0.6,144,2792.799805
-0.2,144,2794.837211
-0.2,144,2794.837253
-0.2,144,2797.229178
-0.2,144,2797.229213
-0.2,144,2797.769872
-0.2,144,2797.769908
-0.6,144,2799.894551
-0.8,144,2799.894656
-0.8,144,2802.331774
-0.6,144,2802.33181
-0.8,144,2802.860816
-0.2,144,2802.86085
-0.6,144,2805.130151
-0.6,144,2805.130187
-1.2,144,2807.139855
-1.0,144,2807.139899
-0.2,144,2809.526348
-0.2,144,2809.526393
-0.6,144,2810.036235
-0.8,144,2810.036273
-0.4,144,2812.013054
-0.6,144,2812.013093
-0.2,144,2814.386226
-0.2,144,2814.386266
-0.2,144,2814.938048
-0.2,144,2814.938083
-0.2,144,2816.829836
-0.2,144,2816.829872
-0.6,144,2818.853339
-0.2,144,2818.853373
-0.2,144,2820.556531
-0.2,144,2820.55659
-0.2,144,2821.1855
-0.2,144,2821.18554
-0.6,144,2823.16344
-0.6,144,2823.163476
-0.6,144,2825.390841
-0.8,144,2825.391356
-0.2,144,2827.838799
-0.2,144,2827.838876
-0.2,144,2828.393033
-0.2,144,2828.393089
-0.2,144,2830.616622
-0.2,144,2830.616696
-0.2,144,2832.48264
-0.2,144,2832.482716
-0.4,144,2833.62381
-0.2,144,2833.623858
-0.6,144,2835.273499
-0.2,144,2835.273538
-0.4,144,2837.364819
-0.6,144,2837.364912
-0.4,144,2838.997217
-0.6,144,2838.997273
-0.2,144,2839.539542
-0.2,144,2839.539577
-0.2,144,2841.636638
-0.2,144,2841.636676
-0.2,144,2843.401321
-0.2,144,2843.40136
-0.6,144,2843.898092
-0.4,144,2843.898127
-0.2,144,2845.663494
-0.2,144,2845.663527
-0.6,144,2847.540871
-0.2,144,2847.540911
-0.2,144,2849.496141
-0.2,144,2849.496216
-0.2,144,2850.272233
-0.2,144,2850.272282
-0.8,144,2852.237371
-0.2,144,2852.23741
-0.6,144,2854.531106
-0.6,144,2854.531162
-0.2,144,2856.203007
-0.2,144,2856.203179
-1.2,144,2861.401349
-0.6,144,2861.401467
-0.4,144,2866.769134
-0.6,144,2866.769187
-0.6,144,2870.518224
-0.4,144,2870.518258
-0.2,144,2871.561959
-0.2,144,2871.562001
-0.6,144,2874.466175
-0.6,144,2874.466217
-0.4,144,2878.200416
-0.2,144,2878.200452
-0.6,144,2880.870149
-0.4,144,2880.870218
-0.6,144,2881.774216
-0.4,144,2881.774252
-0.2,144,2883.744026
-0.2,144,2883.744079
-0.2,144,2885.969743
-0.2,144,2885.969784
-0.2,144,2886.477918
-0.2,144,2886.477954
-0.2,144,2888.500962
-0.2,144,2888.500998
-0.6,144,2890.64097
-0.6,144,2890.641008
-0.2,144,2892.287275
-0.2,144,2892.287342
-0.2,144,2893.329624
-0.2,144,2893.329655
-0.2,144,2894.983304
-0.6,144,2894.983341
-0.2,144,2896.694456
-0.2,144,2896.69449
-0.6,144,2897.2048
-0.6,144,2897.20484
-0.2,144,2898.867766
-0.2,144,2898.867801
-0.4,144,2900.608449
-0.6,144,2900.608485
-0.4,144,2902.092871
-0.2,144,2902.092945
-0.2,144,2902.610786
-0.2,144,2902.610823
-0.4,144,2904.347666
-0.6,144,2904.347702
-0.2,144,2906.424747
-0.2,144,2906.424786
-0.2,144,2906.90851
-0.2,144,2906.908548
-0.4,144,2908.521813
-0.4,144,2908.521858
-0.4,144,2911.220133
-0.4,144,2911.220168
-0.2,144,2913.029094
-0.2,144,2913.029137
-0.2,144,2913.529938
-0.2,144,2913.529971
-0.2,144,2915.674921
-0.2,144,2915.674956
-0.2,144,2917.639153
-0.2,144,2917.639223
-0.2,144,2919.858206
-0.4,144,2919.85824
-0.2,144,2920.354868
-0.2,144,2920.354906
-0.2,144,2922.38605
-0.6,144,2922.386105
-0.2,144,2923.967708
-0.6,144,2923.967745
-0.2,144,2924.49117
-0.2,144,2924.491206
-0.4,144,2926.245446
-0.4,144,2926.245481
-0.2,144,2927.926002
-0.6,144,2927.92604
-0.2,144,2929.660566
-0.2,144,2929.660658
-0.6,144,2930.721416
-0.6,144,2930.72145
-0.2,144,2932.376873
-0.2,144,2932.37691
-0.2,144,2934.084338
-0.2,144,2934.084378
-0.6,144,2934.589985
-0.4,144,2934.59002
-0.2,144,2936.744705
-0.2,144,2936.74475
-0.2,144,2938.451857
-0.2,144,2938.451898
-0.6,144,2940.099537
-0.8,144,2940.099633
-0.4,144,2940.608511
-0.4,144,2940.608548
-0.4,144,2942.878726
-0.2,144,2942.878764
-0.2,144,2944.5723
-0.2,144,2944.572338
-0.4,144,2945.087065
-0.6,144,2945.087101
-0.2,144,2946.754355
-0.6,144,2946.754391
-0.6,144,2949.005196
-0.4,144,2949.005232
-0.2,144,2950.63128
-0.2,144,2950.631349
-0.2,144,2951.206662
-0.2,144,2951.206701
-0.4,144,2952.889316
-0.6,144,2952.889353
-0.2,144,2954.603462
-0.2,144,2954.603497
-0.2,144,2956.16645
-0.2,144,2956.166518
-0.2,144,2956.703389
-0.4,144,2956.703425
-0.2,144,2958.329204
-0.2,144,2958.329241
-0.2,144,2960.04618
-0.2,144,2960.046217
-0.2,144,2960.596811
-0.2,144,2960.596847
-0.2,144,2962.33202
-0.2,144,2962.332057
-0.4,144,2964.076015
-0.6,144,2964.076053
-0.2,144,2965.529391
-0.2,144,2965.529462
-0.6,144,2966.094781
-0.2,144,2966.094833
-0.2,144,2967.798246
-0.2,144,2967.798323
-0.8,144,2969.533766
-0.6,144,2969.533857
-0.2,144,2970.044327
-0.2,144,2970.044367
-0.2,144,2972.326971
-0.2,144,2972.327003
-0.2,144,2973.965669
-0.2,144,2973.965709
-0.2,144,2975.741961
-0.2,144,2975.742004
-0.2,144,2976.886868
-0.2,144,2976.886934
-0.6,144,2978.818669
-0.6,144,2978.818712
-1.0,144,2980.617853
-1.2,144,2980.61791
-0.8,144,2981.234453
-1.0,144,2981.234493
-0.2,144,2983.202519
-0.6,144,2983.202566
-0.2,144,2985.113095
-0.2,144,2985.113129
-0.2,144,2986.859733
-0.2,144,2986.859795
-0.6,144,2988.239371
-0.6,144,2988.239405
-0.2,144,2989.996222
-0.2,144,2989.99626
-0.2,144,2991.862326
-0.2,144,2991.862366
-0.4,144,2993.664668
-0.6,144,2993.664756
-0.2,144,2994.229322
-0.2,144,2994.22936
-0.2,144,2995.951633
-0.2,144,2995.951667
-1.0,144,2997.79264
-1.0,144,2997.792683
-0.2,144,2998.368016
-0.2,144,2998.368054
-0.2,144,3000.146215
-0.4,144,3000.146253
-0.4,144,3001.889337
-0.6,144,3001.88938
-0.4,144,3003.570305
-0.6,144,3003.570401
-0.2,144,3004.147055
-0.2,144,3004.14716
-0.6,144,3005.886325
-0.2,144,3005.886362
-0.6,144,3007.646854
-0.2,144,3007.64689
-0.2,144,3008.166224
-0.2,144,3008.166317
-0.6,144,3009.779073
-0.4,144,3009.77911
-0.2,144,3011.420992
-0.2,144,3011.421029
-1.4000001,144,3013.150316
-0.6,144,3013.150384
-0.2,144,3013.717321
-0.2,144,3013.71736
-0.6,144,3015.386688
-0.2,144,3015.386722
-0.2,144,3017.20809
-0.2,144,3017.208133
-0.4,144,3017.760184
-0.6,144,3017.760221
-0.2,144,3019.497049
-0.2,144,3019.497082
-0.6,144,3021.199955
-0.4,144,3021.19999
-0.2,144,3022.90914
-0.2,144,3022.909182
-0.6,144,3023.510016
-0.2,144,3023.510117
-0.2,144,3025.203858
-0.2,144,3025.20391
-1.2,144,3026.914796
-1.2,144,3026.914914
-0.2,144,3028.691138
-0.2,144,3028.69121
-0.2,144,3029.296864
-0.2,144,3029.296899
-0.2,144,3031.093934
-0.2,144,3031.093973
-0.2,144,3032.733767
-0.2,144,3032.733805
-0.6,144,3033.31953
-0.6,144,3033.319566
-0.2,144,3035.101694
-0.2,144,3035.101733
-0.4,144,3036.895258
-0.6,144,3036.895296
-0.2,144,3038.512928
-0.4,144,3038.512992
-0.2,144,3039.110831
-0.2,144,3039.110868
-0.2,144,3040.826439
-0.2,144,3040.82648
-0.2,144,3042.790974
-0.2,144,3042.79105
-0.4,144,3043.63049
-0.2,144,3043.630535
-0.2,144,3045.525014
-0.2,144,3045.525056
-0.2,144,3047.287837
-0.2,144,3047.287875
-1.0,144,3049.040366
-0.4,144,3049.04041
-0.2,144,3049.644774
-0.2,144,3049.64481
-0.2,144,3051.422015
-0.2,144,3051.422112
-0.2,144,3053.316832
-0.2,144,3053.316993
-1.0,144,3053.972944
-0.6,144,3053.972983
-0.2,144,3055.702759
-0.2,144,3055.702797
-0.2,144,3057.315765
-0.2,144,3057.315802
-0.6,144,3058.882276
-0.8,144,3058.882315
-0.2,144,3059.458341
-0.2,144,3059.458376
-0.2,144,3061.239902
-0.2,144,3061.239941
-0.6,144,3062.991153
-0.6,144,3062.991196
-0.2,144,3064.54764
-0.2,144,3064.547693
-0.2,144,3065.146231
-0.2,144,3065.146269
-0.2,144,3067.074227
-0.4,144,3067.07427
-0.2,144,3069.569664
-0.2,144,3069.5697
-0.2,144,3070.162838
-0.2,144,3070.162883
-0.4,144,3072.246142
-0.6,144,3072.246187
-0.6,144,3074.209425
-0.2,144,3074.209477
-0.2,144,3076.078339
-0.2,144,3076.078434
-0.2,144,3076.842357
-0.6,144,3076.842434
-0.6,144,3079.063843
-0.6,144,3079.063915
-0.2,144,3081.07835
-0.2,144,3081.078394
-0.6,144,3081.612415
-0.8,144,3081.612458
-0.2,144,3083.675797
-0.2,144,3083.675837
-1.0,144,3085.847754
-0.6,144,3085.847794
-0.4,144,3088.31739
-0.2,144,3088.317432
-0.2,144,3088.833151
-0.2,144,3088.833192
-0.2,144,3091.104909
-0.2,144,3091.104954
-0.4,144,3093.166138
-0.6,144,3093.166184
-0.8,144,3094.189499
-0.2,144,3094.189533
-0.4,144,3096.03375
-0.4,144,3096.033787
-0.2,144,3097.926303
-0.2,144,3097.926337
-0.4,144,3100.24863
-0.6,144,3100.248664
-0.2,144,3100.855892
-0.2,144,3100.855929
-0.4,144,3103.029315
-0.4,144,3103.029356
-0.2,144,3105.031051
-0.2,144,3105.031102
-0.6,144,3106.912681
-0.4,144,3106.912734
-0.2,144,3107.46963
-0.2,144,3107.469671
-0.8,144,3109.45627
-1.0,144,3109.456307
-0.2,144,3111.518175
-0.2,144,3111.518235
-0.4,144,3112.119176
-0.6,144,3112.119229
-0.2,144,3114.084939
-0.2,144,3114.08498
-0.6,144,3116.159329
-0.6,144,3116.15945
-1.2,144,3118.079182
-1.0,144,3118.079277
-0.6,144,3118.712927
-0.4,144,3118.712968
-0.2,144,3120.939961
-0.2,144,3120.939999
-0.4,144,3122.73491
-0.8,144,3122.734963
-0.6,144,3123.280338
-0.4,144,3123.280377
-0.2,144,3125.26624
-0.2,144,3125.26628
-0.2,144,3127.242593
-0.2,144,3127.242629
-0.2,144,3129.681777
-0.2,144,3129.681813
-0.2,144,3130.188903
-0.2,144,3130.188949
-0.8,144,3132.215137
-1.0,144,3132.215174
-1.0,144,3134.721202
-0.6,144,3134.721236
-0.6,144,3135.263847
-0.8,144,3135.263887
-0.4,144,3137.42713
-0.4,144,3137.427168
-0.2,144,3139.462292
-0.2,144,3139.462333
-0.6,144,3141.382309
-0.6,144,3141.382369
-0.2,144,3142.020649
-0.2,144,3142.020687
-0.2,144,3144.014913
-0.2,144,3144.014948
-0.2,144,3145.722079
-0.2,144,3145.722117
-0.2,144,3147.406171
-0.2,144,3147.406262
-0.2,144,3148.088612
-0.2,144,3148.088648
-0.2,144,3150.54149
-0.2,144,3150.541523
-0.2,144,3152.533735
-0.2,144,3152.533773
-0.2,144,3153.565225
-0.2,144,3153.565301
-0.6,144,3155.566897
-0.6,144,3155.566933
-0.6,144,3157.425304
-0.6,144,3157.425398
-0.6,144,3159.823992
-0.2,144,3159.824024
-0.4,144,3160.331677
-0.4,144,3160.331713
-0.6,144,3161.956958
-0.6,144,3161.957048
-0.4,144,3163.67995
-0.6,144,3163.679988
-0.2,144,3164.250502
-0.2,144,3164.250537
-0.4,144,3166.029778
-0.4,144,3166.029815
-0.2,144,3167.628689
-0.2,144,3167.628732
-0.4,144,3169.386635
-0.2,144,3169.386679
-0.6,144,3169.966653
-0.6,144,3169.966692
-0.2,144,3171.758376
-0.2,144,3171.758414
-0.4,144,3173.488687
-0.4,144,3173.48873
-0.6,144,3174.070895
-0.4,144,3174.070933
-0.2,144,3175.817284
-0.2,144,3175.81732
-0.2,144,3177.488377
-0.2,144,3177.488416
-0.2,144,3179.193869
-0.2,144,3179.193904
-0.2,144,3179.757653
-0.2,144,3179.757692
-0.6,144,3181.372989
-0.6,144,3181.373093
-1.0,144,3183.193362
-1.0,144,3183.193398
-0.2,144,3184.860372
-0.6,144,3184.860446
-0.2,144,3185.448257
-0.2,144,3185.448302
-0.2,144,3187.182561
-0.4,144,3187.1826
-0.2,144,3188.776004
-0.2,144,3188.776041
-0.2,144,3189.350969
-0.2,144,3189.351003
-0.4,144,3191.062694
-0.8,144,3191.062735
-0.2,144,3192.695895
-0.2,144,3192.695932
-0.2,144,3194.429694
-0.2,144,3194.429762
-0.2,144,3195.02825
-0.2,144,3195.028287
-0.6,144,3196.608612
-0.4,144,3196.608648
-1.0,144,3198.082186
-1.0,144,3198.082223
-0.2,144,3198.604257
-0.6,144,3198.604295
-0.6,144,3200.158438
-0.4,144,3200.158474
-0.2,144,3201.913864
-0.2,144,3201.913906
-0.2,144,3203.601134
-0.2,144,3203.601236
-0.2,144,3204.623822
-0.8,144,3204.623899
-0.6,144,3206.258543
-0.2,144,3206.25858
-0.2,144,3207.8778
-0.4,144,3207.877839
-0.4,144,3208.387511
-0.6,144,3208.387549
-0.2,144,3210.035986
-0.6,144,3210.036022
-0.6,144,3211.608082
-0.2,144,3211.608118
-0.2,144,3213.300219
-0.2,144,3213.300256
-0.2,144,3213.798246
-0.2,144,3213.798283
-0.2,144,3215.501042
-0.2,144,3215.501079
-0.2,144,3217.21775
-1.0,144,3217.217786
-0.2,144,3218.791966
-0.2,144,3218.79203
-0.2,144,3219.328018
-0.4,144,3219.328058
-0.2,144,3220.916713
-0.2,144,3220.916753
-0.6,144,3222.54208
-1.0,144,3222.542119
-0.2,144,3223.073449
-0.2,144,3223.073487
-0.4,144,3224.7428
-0.6,144,3224.742836
-0.2,144,3226.473391
-0.2,144,3226.473436
-0.2,144,3227.985987
-0.2,144,3227.986059
-0.6,144,3229.040668
-0.2,144,3229.040704
-0.2,144,3230.701501
-0.2,144,3230.701537
-0.2,144,3232.303708
-0.2,144,3232.303744
-0.2,144,3232.818396
-0.2,144,3232.818434
-1.0,144,3234.484382
-1.0,144,3234.484423
-0.2,144,3236.158693
-0.2,144,3236.158729
-0.2,144,3237.77285
-0.2,144,3237.772918
-0.6,144,3238.277325
-0.6,144,3238.277362
-0.2,144,3239.772389
-0.6,144,3239.772424
-0.2,144,3241.489769
-0.2,144,3241.489807
-0.2,144,3241.996588
-0.2,144,3241.996624
-0.2,144,3243.577632
-0.6,144,3243.577667
-0.2,144,3245.045873
-0.2,144,3245.04591
-0.2,144,3246.713204
-0.2,144,3246.71324
-0.2,144,3247.238204
-0.2,144,3247.238239
-0.2,144,3248.960677
-0.2,144,3248.960714
-0.4,144,3250.69777
-0.4,144,3250.697805
-0.2,144,3252.337944
-0.2,144,3252.337993
-0.6,144,3252.864765
-1.0,144,3252.864801
-0.2,144,3254.475901
-0.2,144,3254.475937
-0.4,144,3256.005518
-1.0,144,3256.005554
-0.2,144,3256.554022
-0.2,144,3256.55406
-0.2,144,3258.093828
-0.2,144,3258.093866
-0.2,144,3259.729286
-0.6,144,3259.729325
-0.2,144,3261.316889
-0.2,144,3261.316955
-0.6,144,3261.827427
-0.6,144,3261.827463
-0.2,144,3263.530398
-0.2,144,3263.530435
-0.2,144,3265.210083
-0.2,144,3265.210119
-0.2,144,3266.223886
-0.2,144,3266.22392
-0.6,144,3267.885902
-0.4,144,3267.885934
-0.6,144,3269.563847
-0.6,144,3269.563892
-0.4,144,3271.111599
-1.0,144,3271.111645
-0.2,144,3271.61333
-0.8,144,3271.613367
-0.2,144,3273.187455
-0.2,144,3273.187494
-0.6,144,3274.648807
-0.2,144,3274.648844
-1.0,144,3275.165643
-0.6,144,3275.165681
-0.2,144,3276.89929
-0.6,144,3276.899326
-0.2,144,3278.597287
-0.2,144,3278.597322
-0.2,144,3280.93636
-0.4,144,3280.93643
-0.2,144,3281.625019
-0.2,144,3281.625058
-0.2,144,3283.479924
-0.2,144,3283.479959
-1.0,144,3285.115845
-0.6,144,3285.115882
-0.2,144,3286.633753
-0.2,144,3286.633824
-1.0,144,3287.165696
-0.2,144,3287.165735
-0.2,144,3288.937969
-0.2,144,3288.938046
-0.6,144,3290.807024
-1.0,144,3290.807061
-0.2,144,3291.805892
-0.2,144,3291.805926
-1.2,144,3293.903694
-1.0,144,3293.903776
-0.2,144,3296.53912
-0.2,144,3296.539172
-0.2,144,3299.070961
-0.6,144,3299.071048
-0.6,144,3300.27416
-0.6,144,3300.274196
-1.0,144,3301.965699
-0.6,144,3301.965734
-0.2,144,3304.309967
-0.2,144,3304.31001
-0.2,144,3304.828321
-0.2,144,3304.828365
-0.6,144,3307.800178
-0.6,144,3307.800233
-0.2,144,3310.238165
-0.2,144,3310.238207
-0.2,144,3312.429061
-0.2,144,3312.429106
-0.4,144,3313.760321
-0.2,144,3313.760364
-0.2,144,3315.891791
-0.4,144,3315.891882
-0.2,144,3317.993572
-0.2,144,3317.993666
-0.4,144,3318.702044
-0.4,144,3318.702093
-0.4,144,3321.327037
-0.6,144,3321.327076
-0.4,144,3323.566659
-0.6,144,3323.56677
-0.2,144,3326.012225
-0.2,144,3326.012274
-0.2,144,3326.883278
-0.2,144,3326.883329
-0.2,144,3329.451142
-0.6,144,3329.451221
-0.2,144,3333.392879
-0.6,144,3333.392974
-0.6,144,3337.378293
-0.6,144,3337.378339
-0.8,144,3338.333737
-0.2,144,3338.333792
-0.6,144,3341.932334
-0.6,144,3341.932409
-0.4,144,3345.657008
-0.4,144,3345.657084
-0.6,144,3347.479486
-0.6,144,3347.479555
-0.2,144,3351.38012
-0.2,144,3351.38018
-0.6,144,3355.812922
-0.6,144,3355.81301
-0.4,144,3360.315167
-0.2,144,3360.315245
-0.2,144,3362.263636
-0.2,144,3362.263719
-0.2,144,3366.00597
-0.2,144,3366.006104
-0.2,144,3369.822166
-0.2,144,3369.82231
-0.6,144,3371.524563
-0.2,144,3371.524685
-0.2,144,3374.766441
-0.2,144,3374.766513
-0.2,144,3378.432174
-0.2,144,3378.432241
-1.0,144,3382.013795
-1.2,144,3382.013839
-0.2,144,3383.047316
-0.2,144,3383.047409
-0.2,144,3385.454566
-0.2,144,3385.454608
-0.2,144,3387.805748
-0.2,144,3387.805834
-0.6,144,3388.60329
-0.8,144,3388.603347
-0.2,144,3390.987191
-0.2,144,3390.987241
-0.2,144,3393.312585
-0.2,144,3393.312625
-0.2,144,3395.668853
-0.2,144,3395.668924
-0.2,144,3396.614761
-0.2,144,3396.614807
-0.6,144,3399.153928
-0.8,144,3399.15399
-0.2,144,3401.746341
-0.6,144,3401.746393
-0.2,144,3404.42343
-0.2,144,3404.423509
-1.0,144,3405.221762
-1.0,144,3405.22184
-0.2,144,3407.46423
-0.6,144,3407.464272
-0.2,144,3409.914224
-0.2,144,3409.914274
-0.6,144,3411.065754
-0.6,144,3411.065789
-0.6,144,3413.312328
-0.4,144,3413.312372
-0.2,144,3415.296731
-0.6,144,3415.296771
-0.4,144,3417.827447
-0.6,144,3417.827486
-0.2,144,3418.48187
-0.2,144,3418.481915
-0.2,144,3420.771099
-0.2,144,3420.771147
-0.2,144,3426.939461
-0.2,144,3426.939526
-0.6,144,3429.317219
-0.4,144,3429.3174
-0.6,144,3439.512794
-0.4,144,3439.51292
-0.2,144,3444.51858
-0.2,144,3444.51862
-1.0,144,3446.349132
-0.4,144,3446.349191
-0.6,144,3446.917871
-0.8,144,3446.917906
-0.2,144,3449.478392
-0.2,144,3449.478431
-0.2,144,3452.711587
-0.2,144,3452.71168
-0.2,144,3453.632116
-0.2,144,3453.632164
-0.6,144,3457.805882
-0.4,144,3457.805921
-0.6,144,3461.457797
-0.8,144,3461.457999
-0.2,144,3465.974485
-0.2,144,3465.974524
-0.6,144,3467.630882
-0.4,144,3467.630942
-0.2,144,3471.537112
-0.2,144,3471.537151
-0.2,144,3475.438996
-0.2,144,3475.439033
-0.2,144,3479.467726
-0.2,144,3479.467767
-0.6,144,3481.144167
-0.8,144,3481.144232
-0.2,144,3485.340317
-0.2,144,3485.340412
-0.2,144,3490.012952
-1.0,144,3490.013024
-0.4,144,3491.759844
-0.2,144,3491.759885
-0.2,144,3496.239445
-0.2,144,3496.239518
-0.2,144,3500.306026
-0.2,144,3500.30611
-1.0,144,3504.379705
-0.6,144,3504.379744
-0.4,144,3505.975572
-0.6,144,3505.975613
-0.6,144,3509.649659
-0.4,144,3509.649723
-0.2,144,3513.190777
-0.2,144,3513.190815
-0.2,144,3514.302634
-0.2,144,3514.302777
-0.2,144,3518.023059
-0.2,144,3518.023096
-0.2,144,3522.290987
-0.2,144,3522.291045
-0.2,144,3526.319546
-0.2,144,3526.319591
-0.6,144,3527.330157
-0.6,144,3527.330189
-0.6,144,3529.319221
-0.6,144,3529.319261
-0.2,144,3531.287481
-0.4,144,3531.287516
-0.2,144,3531.844719
-0.2,144,3531.844756
-0.2,144,3534.18766
-0.2,144,3534.187741
-0.2,144,3536.978683
-0.2,144,3536.978722
-0.8,144,3541.298052
-0.6,144,3541.298102
-0.6,144,3542.77147
-0.4,144,3542.771512
-0.4,144,3545.885458
-0.8,144,3545.885494
-0.2,144,3549.146015
-0.2,144,3549.146304
-0.2,144,3552.663242
-0.2,144,3552.663298
-0.4,144,3553.19772
-0.4,144,3553.197772
-0.4,144,3556.307166
-0.6,144,3556.30721
-0.6,144,3560.026811
-0.6,144,3560.026856
-0.2,144,3560.600792
-0.2,144,3560.601062
-0.4,144,3563.552904
-0.6,144,3563.552943
-0.2,144,3567.472047
-0.2,144,3567.472156
-0.4,144,3572.226877
-0.4,144,3572.226933
-0.6,144,3573.831424
-0.4,144,3573.831475
-0.2,144,3578.045179
-0.2,144,3578.045214
-0.6,144,3581.099448
-0.4,144,3581.099488
-0.2,144,3581.717124
-0.2,144,3581.717168
-0.6,144,3584.877139
-0.2,144,3584.877207
-0.2,144,3588.02323
-0.2,144,3588.023264
-0.6,144,3590.960942
-0.6,144,3590.961041
-0.2,144,3591.910522
-0.2,144,3591.910572
-0.2,144,3595.734938
-0.2,144,3595.734977
-0.2,144,3599.3475
-0.4,144,3599.347542
-0.6,144,3600.423883
-0.4,144,3600.423945
-1.2,144,3604.232761
-0.6,144,3604.232799
-0.4,144,3607.801935
-0.6,144,3607.802006
-0.2,144,3611.610461
-0.4,144,3611.6105
-0.6,144,3612.594578
-0.2,144,3612.594619
-0.4,144,3616.079519
-0.2,144,3616.079561
-0.2,144,3619.472212
-0.2,144,3619.472253
-0.2,144,3622.872781
-0.4,144,3622.872858
-1.0,144,3624.335414
-0.8,144,3624.335451
-0.4,144,3627.899306
-0.4,144,3627.899353
-0.2,144,3631.76008
-0.2,144,3631.760164
-0.6,144,3633.28461
-0.6,144,3633.284647
-0.2,144,3636.726168
-0.4,144,3636.726205
-0.2,144,3640.180485
-0.2,144,3640.180526
-0.6,144,3643.98465
-1.0,144,3643.984691
-0.2,144,3645.030867
-0.2,144,3645.030917
-0.2,144,3648.437206
-0.2,144,3648.437385
-0.2,144,3652.14314
-0.2,144,3652.143178
-0.8,144,3653.654017
-1.0,144,3653.654054
-0.2,144,3657.291436
-0.2,144,3657.291478
-0.4,144,3661.076947
-0.6,144,3661.077097
-0.4,144,3665.467798
-0.2,144,3665.467844
-0.6,144,3666.621424
-0.2,144,3666.62158
-0.2,144,3670.264026
-0.6,144,3670.264076
-0.2,144,3674.076386
-0.2,144,3674.076425
-0.4,144,3675.555581
-0.6,144,3675.555626
-0.2,144,3679.016034
-0.2,144,3679.016111
-0.6,144,3682.417545
-0.6,144,3682.417624
-0.2,144,3686.766466
-0.2,144,3686.766512
-0.2,144,3688.939628
-0.2,144,3688.939682
-0.2,144,3693.432584
-0.2,144,3693.43262
-0.6,144,3696.476813
-0.6,144,3696.476871
-0.2,144,3699.061737
-0.2,144,3699.061777
-0.2,144,3699.626322
-0.2,144,3699.626358
-0.6,144,3701.549786
-0.6,144,3701.54982
-0.4,144,3704.14963
-0.6,144,3704.149729
-0.2,144,3704.947859
-0.2,144,3704.947915
-0.2,144,3707.1081
-0.2,144,3707.108145
-0.2,144,3709.767789
-0.2,144,3709.767826
-0.2,144,3711.954437
-0.2,144,3711.954595
-0.6,144,3712.830124
-0.4,144,3712.830175
-0.8,144,3715.415127
-0.6,144,3715.415166
-0.2,144,3717.700528
-0.6,144,3717.700562
-0.6,144,3718.829705
-0.6,144,3718.829738
-0.6,144,3722.296696
-0.8,144,3722.296768
-0.8,144,3726.79438
-0.8,144,3726.79458
-0.6,144,3731.578383
-1.0,144,3731.578466
-0.6,144,3733.232575
-0.6,144,3733.232812
-0.2,144,3737.860627
-0.2,144,3737.86068
-0.2,144,3740.894099
-0.2,144,3740.894158
-0.2,144,3741.774902
-0.2,144,3741.774986
-0.2,144,3745.305896
-0.2,144,3745.30598
-0.2,144,3750.006656
-0.2,144,3750.006704
-0.6,144,3754.0598
-0.8,144,3754.059857
-0.2,144,3755.578402
-0.2,144,3755.578452
-0.4,144,3760.186388
-0.6,144,3760.186465
-0.2,144,3764.87641
-0.2,144,3764.876451
-0.2,144,3767.807175
-0.2,144,3767.807369
-0.2,144,3769.980678
-0.2,144,3769.980735
-0.2,144,3773.802278
-0.2,144,3773.802311
-0.4,144,3776.199499
-0.2,144,3776.199544
-0.2,144,3776.925563
-0.2,144,3776.925602
-0.4,144,3779.210025
-0.2,144,3779.210066
-0.4,144,3781.638251
-0.4,144,3781.638289
-0.6,144,3783.716194
-0.6,144,3783.716291
-0.6,144,3784.600401
-0.2,144,3784.600522
-0.2,144,3787.404612
-0.2,144,3787.404649
-0.2,144,3789.932951
-0.2,144,3789.932994
-0.2,144,3790.856559
-0.2,144,3790.8566
-1.6000001,144,3793.538064
-0.6,144,3793.538902
-0.2,144,3796.321667
-0.2,144,3796.321699
-0.2,144,3799.266722
-0.2,144,3799.266763
-0.2,144,3801.344234
-0.2,144,3801.344288
-0.6,144,3804.91748
-0.4,144,3804.917539
-0.4,144,3807.856475
-0.4,144,3807.856514
-0.6,144,3808.94975
-0.6,144,3808.949784
-0.2,144,3811.912452
-0.2,144,3811.913573
-0.2,144,3815.559437
-0.6,144,3815.559593
-1.0,144,3818.631054
-0.4,144,3818.631093
-0.2,144,3820.485496
-0.2,144,3820.485579
-0.2,144,3825.902572
-0.2,144,3825.902627
-0.2,144,3830.839635
-0.2,144,3830.839682
-0.2,144,3835.706817
-0.4,144,3835.706932
-0.2,144,3837.457055
-0.2,144,3837.457238
-0.2,144,3842.539047
-0.2,144,3842.53969
-0.4,144,3847.821156
-0.6,144,3847.821389
-0.2,144,3849.696811
-0.4,144,3849.696861
-0.2,144,3854.538325
-0.6,144,3854.538403
-0.2,144,3858.801499
-0.6,144,3858.801578
-0.2,144,3863.664395
-0.2,144,3863.664487
-0.2,144,3865.447317
-0.4,144,3865.447475
-1.0,144,3870.10188
-0.8,144,3870.102004
-0.4,144,3875.473555
-0.4,144,3875.473645
-1.2,144,3877.81419
-0.8,144,3877.814662
-0.8,144,3882.260835
-0.2,144,3882.260907
-0.4,144,3887.04317
-0.4,144,3887.043242
-0.4,144,3891.847918
-0.6,144,3891.847977
-0.2,144,3893.46157
-0.2,144,3893.46162
-0.2,144,3897.900463
-0.2,144,3897.90053
-0.8,144,3902.265475
-1.0,144,3902.265639
-0.4,144,3904.423938
-0.4,144,3904.424067
-0.2,144,3909.68328
-0.2,144,3909.683331
-0.6,144,3914.95199
-0.4,144,3914.952826
-0.2,144,3919.048709
-0.2,144,3919.04877
-0.2,144,3921.359456
-0.2,144,3921.359509
-0.2,144,3926.139821
-0.2,144,3926.139903
-0.2,144,3932.079625
-0.2,144,3932.080602
-1.0,144,3937.233341
-0.6,144,3937.233436
-0.2,144,3939.447621
-0.2,144,3939.447764
-0.2,144,3944.549364
-0.2,144,3944.549714
-0.6,144,3948.970447
-1.0,144,3948.970496
-1.0,144,3950.674884
-0.6,144,3950.674986
-0.2,144,3955.303156
-0.2,144,3955.3032
-1.0,144,3960.330249
-0.2,144,3960.330315
-0.2,144,3964.705697
-0.2,144,3964.705783
-0.2,144,3966.892515
-0.2,144,3966.892608
-1.0,144,3971.917944
-0.8,144,3971.918001
-0.4,144,3976.182568
-0.2,144,3976.182649
-0.6,144,3978.334279
-0.8,144,3978.334352
-0.6,144,3983.327256
-0.2,144,3983.327308
-0.6,144,3988.690774
-0.2,144,3988.690834
-1.0,144,3993.568337
-0.6,144,3993.568392
-0.6,144,3995.78967
-0.2,144,3995.789888
-0.2,144,4001.042173
-0.2,144,4001.042289
-0.2,144,4006.422876
-0.2,144,4006.422921
-0.4,144,4008.62963
-0.2,144,4008.629684
-0.2,144,4014.504448
-0.4,144,4014.504596
-0.2,144,4019.897599
-0.2,144,4019.89768
-0.2,144,4024.734841
-0.2,144,4024.734918
-0.2,144,4026.95838
-0.2,144,4026.958833
-0.2,144,4031.96425
-0.2,144,4031.964332
-0.6,144,4037.568102
-0.4,144,4037.568187
-0.2,144,4042.517141
-0.2,144,4042.517205
-0.2,144,4044.824545
-0.2,144,4044.824778
-0.4,144,4049.498333
-0.4,144,4049.498388
-0.2,144,4054.521575
-0.2,144,4054.52163
-0.6,144,4056.162754
-0.6,144,4056.162869
-0.2,144,4061.093141
-0.2,144,4061.093252
-0.2,144,4066.661508
-0.2,144,4066.662266
-0.2,144,4072.184097
-0.2,144,4072.184164
-0.4,144,4074.053334
-0.2,144,4074.053428
-0.2,144,4079.898905
-0.2,144,4079.899012
-0.2,144,4086.770124
-0.2,144,4086.77019
-0.6,144,4089.01446
-0.8,144,4089.01454
-0.6,144,4094.230987
-0.8,144,4094.231071
-0.2,144,4099.988383
-0.2,144,4099.988561
-0.4,144,4106.220382
-0.2,144,4106.220574
-0.2,144,4108.759778
-0.2,144,4108.759842
-0.2,144,4115.040683
-0.2,144,4115.040806
-0.6,144,4121.214316
-0.6,144,4121.214386
-0.2,144,4123.962514
-0.4,144,4123.96259
-0.4,144,4130.108387
-0.4,144,4130.108496
-0.8,144,4135.55443
-0.4,144,4135.55452
-0.2,144,4140.53033
-0.2,144,4140.53038
-0.2,144,4142.989291
-0.2,144,4142.989353
-0.2,144,4147.696549
-0.2,144,4147.696648
-0.4,144,4152.7474
-0.4,144,4152.747446
-0.6,144,4156.060603
-0.2,144,4156.060692
-0.2,144,4157.537932
-0.2,144,4157.537974
-0.2,144,4162.626095
-0.2,144,4162.62625
-0.6,144,4167.142634
-0.2,144,4167.142682
-0.6,144,4168.571318
-0.8,144,4168.571354
-0.2,144,4171.106111
-0.4,144,4171.106153
-0.6,144,4174.939907
-0.6,144,4174.939942
-0.2,144,4177.662045
-0.2,144,4177.662079
-0.2,144,4178.15253
-0.6,144,4178.152565
-1.0,144,4181.026853
-0.6,144,4181.026886
-0.8,144,4184.245437
-1.0,144,4184.245493
-0.2,144,4185.063615
-0.2,144,4185.063654
-1.0,144,4188.631185
-0.8,144,4188.631221
-0.2,144,4191.045373
-0.2,144,4191.045408
-0.6,144,4193.360881
-0.2,144,4193.360923
-0.2,144,4193.884972
-0.2,144,4193.885009
-0.2,144,4196.155578
-0.6,144,4196.155615
-0.6,144,4198.856633
-0.6,144,4198.85667
-0.2,144,4199.394628
-0.2,144,4199.394662
-1.2,144,4201.940829
-0.2,144,4201.940865
-0.8,144,4204.33136
-0.8,144,4204.331454
-0.2,144,4207.211163
-0.2,144,4207.211202
-0.4,144,4207.828917
-1.0,144,4207.829072
-0.6,144,4210.383157
-0.4,144,4210.383197
-0.2,144,4212.772535
-0.2,144,4212.772582
-0.2,144,4215.376115
-0.4,144,4215.376149
-0.6,144,4215.90345
-0.6,144,4215.903511
-0.4,144,4218.725662
-0.6,144,4218.725703
-0.2,144,4221.300852
-0.2,144,4221.300887
-0.2,144,4221.82588
-0.2,144,4221.825975
-0.6,144,4224.250401
-0.6,144,4224.250439
-0.2,144,4227.527003
-0.2,144,4227.52705
-0.8,144,4230.467296
-0.6,144,4230.467332
-0.6,144,4230.982768
-0.4,144,4230.982832
-0.2,144,4234.320722
-0.2,144,4234.320756
-1.0,144,4236.115507
-0.4,144,4236.11556
-0.2,144,4237.238948
-0.2,144,4237.238981
-0.2,144,4239.340065
-0.4,144,4239.340137
-0.2,144,4242.213362
-0.2,144,4242.213393
-0.2,144,4244.032785
-0.2,144,4244.032854
-0.2,144,4244.621032
-0.2,144,4244.621068
-0.2,144,4247.243729
-0.2,144,4247.243764
-0.4,144,4249.093411
-0.6,144,4249.093452
-0.6,144,4249.661616
-0.6,144,4249.661652
-0.6,144,4251.738538
-0.2,144,4251.738577
-0.2,144,4253.475729
-0.2,144,4253.475769
-0.2,144,4256.091858
-0.4,144,4256.091891
-0.2,144,4256.620413
-0.2,144,4256.620487
-1.2,144,4258.612157
-0.8,144,4258.612197
-0.2,144,4261.473336
-0.2,144,4261.473374
-0.2,144,4263.144789
-0.2,144,4263.144842
-1.0,144,4263.888492
-0.4,144,4263.888529
-0.2,144,4265.864733
-0.2,144,4265.864794
-0.6,144,4267.629214
-0.6,144,4267.629272
-0.2,144,4268.205588
-0.2,144,4268.205628
-0.2,144,4270.503178
-0.2,144,4270.503227
-0.2,144,4272.428135
-0.2,144,4272.428171
-0.6,144,4274.17177
-0.4,144,4274.171827
-0.6,144,4274.818707
-0.4,144,4274.818748
-0.2,144,4277.046186
-0.2,144,4277.046228
-0.6,144,4279.61044
-0.2,144,4279.610479
-0.2,144,4280.096448
-0.2,144,4280.096483
-0.2,144,4282.422171
-0.2,144,4282.422207
-0.2,144,4285.110139
-0.2,144,4285.110217
-0.4,144,4288.417502
-0.6,144,4288.41754
-0.8,144,4288.910804
-0.2,144,4288.910841
-0.4,144,4290.875227
-0.6,144,4290.875268
-0.6,144,4293.235182
-0.6,144,4293.235228
-0.2,144,4294.235147
-0.2,144,4294.235201
-0.2,144,4296.790843
-0.2,144,4296.790881
-0.4,144,4300.151712
-0.4,144,4300.151802
-0.2,144,4302.470278
-0.6,144,4302.470342
-0.4,144,4303.202707
-0.2,144,4303.202755
-0.2,144,4305.559358
-0.2,144,4305.559394
-0.2,144,4308.618739
-0.4,144,4308.618793
-0.2,144,4311.291417
-0.2,144,4311.291484
-0.6,144,4312.250071
-0.4,144,4312.250133
-0.2,144,4315.382733
-0.2,144,4315.382776
-0.2,144,4318.825189
-0.2,144,4318.825226
-0.2,144,4321.024348
-0.2,144,4321.024508
-0.6,144,4324.671197
-0.6,144,4324.671233
-0.6,144,4328.999816
-0.6,144,4328.999857
-0.6,144,4330.828725
-0.6,144,4330.828786
-0.2,144,4332.055701
-0.2,144,4332.055735
-0.2,144,4334.880825
-0.2,144,4334.880871
-0.2,144,4338.036126
-0.2,144,4338.036161
-0.2,144,4339.034216
-0.2,144,4339.034259
-0.4,144,4342.365691
-0.2,144,4342.365748
-0.6,144,4345.42137
-0.6,144,4345.421403
-0.2,144,4347.908119
-0.2,144,4347.908155
-0.6,144,4348.378798
-1.0,144,4348.378836
-0.4,144,4351.220745
-0.6,144,4351.220785
-0.2,144,4354.864467
-0.2,144,4354.864508
-0.2,144,4355.938424
-0.2,144,4355.93846
-0.2,144,4358.741047
-0.2,144,4358.741103
-0.2,144,4362.04822
-0.2,144,4362.048274
-0.6,144,4364.979907
-0.2,144,4364.979941
-0.2,144,4366.03828
-0.2,144,4366.038324
-0.4,144,4368.773705
-0.4,144,4368.773751
-0.2,144,4371.377871
-0.2,144,4371.377913
-0.8,144,4373.970682
-0.8,144,4373.97074
-0.2,144,4374.938021
-0.2,144,4374.938068
-0.2,144,4377.30014
-1.0,144,4377.300217
-0.4,144,4379.42816
-0.2,144,4379.428201
-0.2,144,4380.656111
-0.2,144,4380.656162
-0.2,144,4383.791491
-0.2,144,4383.791531
-0.2,144,4386.078208
-0.2,144,4386.078242
-0.2,144,4388.986782
-0.2,144,4388.986833
-0.4,144,4390.111491
-0.2,144,4390.111557
-0.4,144,4392.982902
-0.4,144,4392.983102
-0.6,144,4395.691341
-0.2,144,4395.691378
-0.2,144,4396.77637
-0.4,144,4396.776409
-0.2,144,4400.417361
-0.2,144,4400.417409
-0.2,144,4403.504714
-0.2,144,4403.504749
-0.6,144,4406.535027
-0.4,144,4406.535108
-0.2,144,4408.036915
-0.2,144,4408.036958
-0.8,144,4411.040768
-0.6,144,4411.04082
-0.2,144,4413.507576
-0.2,144,4413.507626
-0.2,144,4414.692758
-0.2,144,4414.692793
-0.2,144,4417.950375
-0.2,144,4417.950413
-0.8,144,4421.369642
-0.2,144,4421.369683
-0.2,144,4424.690024
-0.2,144,4424.690285
-0.4,144,4425.700979
-0.6,144,4425.70106
-0.2,144,4429.169168
-0.2,144,4429.169906
-0.4,144,4431.769554
-0.6,144,4431.769592
-0.2,144,4433.795245
-0.2,144,4433.79531
-0.2,144,4434.425102
-0.2,144,4434.425141
-0.2,144,4436.536498
-0.2,144,4436.536532
-0.2,144,4440.985491
-0.2,144,4440.985661
-0.2,144,4442.481001
-0.2,144,4442.481045
-0.6,144,4445.604413
-0.6,144,4445.604475
-0.2,144,4450.489972
-0.2,144,4450.490045
-0.2,144,4454.306468
-0.2,144,4454.306515
-0.2,144,4455.440961
-0.2,144,4455.44101
-0.2,144,4459.746954
-0.2,144,4459.747032
-0.6,144,4464.08121
-0.6,144,4464.081252
-0.4,144,4465.034262
-0.4,144,4465.034306
-0.6,144,4469.296994
-0.6,144,4469.297032
-0.4,144,4473.06701
-0.4,144,4473.067055
-0.2,144,4476.90572
-0.2,144,4476.905768
-0.2,144,4479.081563
-0.2,144,4479.081972
-0.6,144,4483.559441
-0.4,144,4483.559487
-0.8,144,4487.803099
-0.8,144,4487.803135
-0.2,144,4489.579835
-0.2,144,4489.579878
-0.2,144,4493.411396
-0.2,144,4493.411465
-0.2,144,4496.408724
-0.2,144,4496.408769
-0.2,144,4499.309581
-0.2,144,4499.309623
-1.0,144,4499.847925
-0.2,144,4499.847971
-0.2,144,4502.185679
-0.4,144,4502.185717
-0.2,144,4504.175789
-0.4,144,4504.175829
-1.0,144,4506.370531
-0.8,144,4506.37062
-0.6,144,4507.651288
-0.2,144,4507.651324
-0.2,144,4509.703592
-0.2,144,4509.703752
-0.6,144,4512.284855
-0.8,144,4512.284905
-0.6,144,4512.882994
-1.6000001,144,4512.883041
-0.2,144,4515.235892
-0.2,144,4515.235929
-0.2,144,4517.259171
-0.2,144,4517.259207
-0.2,144,4519.391571
-0.2,144,4519.391629
-0.6,144,4520.048444
-0.6,144,4520.048545
-0.4,144,4522.201164
-1.0,144,4522.201202
-0.4,144,4524.114393
-0.6,144,4524.114442
-0.2,144,4524.716272
-0.2,144,4524.716311
-0.2,144,4526.634066
-0.2,144,4526.634103
-0.4,144,4528.774735
-0.4,144,4528.774777
-0.2,144,4531.336986
-0.2,144,4531.33702
-0.8,144,4531.895177
-0.6,144,4531.895237
-0.2,144,4534.961786
-0.6,144,4534.961822
-0.2,144,4537.731036
-0.2,144,4537.731071
-0.2,144,4538.237781
-0.2,144,4538.237818
-0.2,144,4540.494529
-0.2,144,4540.494569
-0.2,144,4542.537686
-0.2,144,4542.537722
-0.2,144,4545.097647
-0.2,144,4545.097684
-0.4,144,4545.604809
-0.6,144,4545.604844
-0.2,144,4548.838882
-0.2,144,4548.83892
-0.2,144,4551.471403
-0.2,144,4551.471467
-1.0,144,4554.49128
-0.4,144,4554.491369
-1.0,144,4555.327901
-0.4,144,4555.327937
-0.4,144,4557.715463
-0.2,144,4557.715496
-0.2,144,4560.636033
-0.2,144,4560.636105
-0.2,144,4562.022063
-0.2,144,4562.022108
-0.2,144,4566.065686
-0.2,144,4566.065738
-0.2,144,4569.691067
-0.2,144,4569.691125
-0.6,144,4574.285055
-0.6,144,4574.285146
-1.0,144,4575.389061
-0.6,144,4575.389112
-0.6,144,4578.138814
-0.6,144,4578.138851
-0.6,144,4582.152366
-0.4,144,4582.152408
-0.6,144,4582.73236
-0.6,144,4582.732443
-0.4,144,4586.950181
-0.6,144,4586.950222
-0.2,144,4590.997823
-0.2,144,4590.997864
-0.2,144,4593.479479
-0.2,144,4593.48022
-0.4,144,4594.147483
-0.8,144,4594.147523
-0.2,144,4598.175987
-0.2,144,4598.176027
-0.2,144,4601.209316
-0.6,144,4601.209361
-0.4,144,4601.789613
-0.4,144,4601.789661
-0.4,144,4604.437674
-0.4,144,4604.437746
-0.2,144,4607.863266
-0.2,144,4607.863306
-0.4,144,4610.34874
-0.8,144,4610.348779
-0.2,144,4610.8832
-0.2,144,4610.883233
-0.2,144,4613.778383
-0.2,144,4613.778438
-0.8,144,4617.032721
-0.2,144,4617.032835
-0.2,144,4621.029391
-0.2,144,4621.02944
-0.2,144,4622.730489
-0.2,144,4622.730556
-0.2,144,4626.703633
-0.2,144,4626.703705
-0.2,144,4629.601207
-0.2,144,4629.601246
-0.6,144,4630.210397
-0.6,144,4630.210489
-0.2,144,4633.24739
-0.6,144,4633.247426
-0.2,144,4636.034537
-0.2,144,4636.034578
-0.4,144,4639.229995
-0.6,144,4639.230031
-0.2,144,4640.428159
-0.2,144,4640.428229
-0.6,144,4643.718194
-0.4,144,4643.718234
-0.6,144,4646.898249
-0.4,144,4646.898287
-0.8,144,4647.380825
-0.4,144,4647.380867
-0.2,144,4650.493502
-0.2,144,4650.493538
-0.2,144,4653.901401
-0.2,144,4653.901439
-0.2,144,4657.047692
-0.2,144,4657.047728
-0.6,144,4657.635003
-0.6,144,4657.635046
-0.8,144,4661.002497
-0.6,144,4661.002566
-0.2,144,4664.96559
-0.2,144,4664.965648
-0.2,144,4666.408822
-0.2,144,4666.408924
-0.2,144,4671.012544
-0.2,144,4671.012624
-0.8,144,4674.888621
-0.2,144,4674.888702
-0.2,144,4680.02029
-0.6,144,4680.020368
-0.2,144,4681.751095
-0.2,144,4681.751191
-0.6,144,4686.901642
-0.4,144,4686.901739
-0.6,144,4691.33829
-0.2,144,4691.338329
-0.2,144,4694.355191
-0.2,144,4694.355228
-0.6,144,4694.855014
-0.4,144,4694.855049
-1.0,144,4697.495707
-0.6,144,4697.495744
-0.4,144,4700.76949
-0.6,144,4700.769534
-0.4,144,4701.288676
-0.6,144,4701.288725
-0.6,144,4704.569721
-0.6,144,4704.569784
-0.4,144,4707.052083
-0.4,144,4707.052132
-0.4,144,4709.351381
-0.2,144,4709.352115
-0.2,144,4710.188252
-0.2,144,4710.188296
-0.6,144,4714.418696
-0.6,144,4714.418788
-0.2,144,4718.679054
-0.2,144,4718.679094
-0.2,144,4719.729574
-0.2,144,4719.729628
-0.6,144,4723.27549
-0.6,144,4723.275533
-1.0,144,4726.66163
-0.8,144,4726.661695
-0.2,144,4729.920861
-0.2,144,4729.921057
-0.2,144,4731.636739
-0.2,144,4731.63683
-0.6,144,4734.78104
-0.6,144,4734.781075
-0.2,144,4738.618372
-0.2,144,4738.61853
-0.2,144,4739.785338
-0.2,144,4739.785376
-1.2,144,4742.862996
-0.8,144,4742.863037
-0.2,144,4747.370475
-0.2,144,4747.3706
-0.4,144,4750.372723
-0.2,144,4750.372762
-0.2,144,4751.419138
-0.2,144,4751.419171
-1.2,144,4754.639374
-0.2,144,4754.639423
-0.2,144,4756.84838
-0.2,144,4756.848417
-0.2,144,4759.313936
-0.2,144,4759.313982
-0.2,144,4760.280855
-0.2,144,4760.280925
-0.2,144,4763.059955
-0.2,144,4763.060048
-0.2,144,4765.984933
-0.2,144,4765.984974
-0.2,144,4767.081428
-0.4,144,4767.081466
-0.2,144,4770.258806
-0.2,144,4770.258888
-0.2,144,4774.455146
-0.2,144,4774.455229
-0.2,144,4777.606714
-0.2,144,4777.606758
-0.2,144,4778.879827
-0.2,144,4778.879884
-0.2,144,4783.975323
-0.2,144,4783.975363
-0.6,144,4787.627346
-0.2,144,4787.627381
-0.2,144,4789.369854
-0.2,144,4789.369888
-0.2,144,4792.325852
-0.2,144,4792.32589
-0.2,144,4794.938606
-0.2,144,4794.938645
-0.2,144,4797.794436
-0.4,144,4797.794484
-0.4,144,4799.046342
-0.6,144,4799.046378
-0.2,144,4802.21595
-0.6,144,4802.215991
-0.6,144,4804.774547
-0.6,144,4804.774667
-0.2,144,4806.662917
-0.2,144,4806.662959
-0.4,144,4809.196447
-0.2,144,4809.196488
-0.2,144,4812.41298
-0.2,144,4812.413049
-0.2,144,4816.266602
-0.4,144,4816.266633
-0.2,144,4817.127028
-0.6,144,4817.127063
-0.2,144,4819.688634
-0.2,144,4819.688668
-0.2,144,4821.902071
-0.2,144,4821.902106
-0.4,144,4824.404176
-0.6,144,4824.404239
-0.2,144,4825.195835
-0.2,144,4825.195875
-1.2,144,4827.31409
-1.0,144,4827.314135
-0.2,144,4830.027729
-0.2,144,4830.027779
-0.2,144,4830.959853
-0.2,144,4830.95989
-0.2,144,4833.041219
-0.6,144,4833.041262
-0.2,144,4834.741431
-0.2,144,4834.741477
-0.4,144,4836.71118
-0.4,144,4836.711231
-0.4,144,4837.862123
-0.8,144,4837.86216
-0.2,144,4841.379437
-0.2,144,4841.379478
-0.2,144,4845.484412
-0.2,144,4845.484514
-0.4,144,4846.61903
-0.8,144,4846.619074
-0.4,144,4851.105422
-0.4,144,4851.105518
-0.6,144,4855.77945
-0.2,144,4855.779557
-0.6,144,4860.705236
-0.6,144,4860.705336
-0.2,144,4862.52029
-0.2,144,4862.520413
-0.2,144,4867.418002
-0.2,144,4867.41817
-0.2,144,4872.324401
-0.2,144,4872.32447
-0.6,144,4873.48115
-0.6,144,4873.481255
-0.2,144,4877.320014
-0.2,144,4877.320051
-0.6,144,4880.477297
-0.4,144,4880.477342
-0.2,144,4883.115751
-0.2,144,4883.115826
-0.2,144,4884.736713
-0.2,144,4884.736775
-0.6,144,4887.37566
-0.4,144,4887.375704
-0.2,144,4889.844322
-0.2,144,4889.84436
-0.4,144,4892.896898
-0.4,144,4892.896933
-0.4,144,4893.454158
-0.6,144,4893.454197
-0.2,144,4895.433449
-0.2,144,4895.433488
-0.2,144,4897.44486
-0.2,144,4897.444899
-0.2,144,4898.13893
-0.2,144,4898.138965
-0.6,144,4900.123106
-0.2,144,4900.123144
-0.6,144,4902.324353
-1.0,144,4902.324392
-0.6,144,4904.83986
-0.2,144,4904.839976
-0.2,144,4905.597377
-0.2,144,4905.597415
-0.8,144,4907.718677
-0.8,144,4907.718716
-0.6,144,4909.522751
-0.6,144,4909.522783
-0.2,144,4910.054416
-0.2,144,4910.054452
-0.6,144,4911.894284
-0.8,144,4911.894319
-0.2,144,4913.81302
-0.2,144,4913.813056
-0.4,144,4915.755645
-0.4,144,4915.755736
-0.4,144,4916.316513
-0.6,144,4916.316551
-0.6,144,4918.312222
-0.6,144,4918.312258
-0.2,144,4920.113071
-0.2,144,4920.113108
-0.6,144,4920.665941
-0.4,144,4920.665974
-0.6,144,4923.248051
-0.6,144,4923.248086
-0.4,144,4925.221905
-0.6,144,4925.221943
-0.6,144,4927.000622
-0.4,144,4927.000697
-0.4,144,4927.613757
-1.0,144,4927.613796
-0.8,144,4929.598713
-0.8,144,4929.598751
-0.2,144,4931.464689
-0.2,144,4931.464813
-1.0,144,4933.841558
-0.2,144,4933.841596
-0.2,144,4934.367595
-0.2,144,4934.367632
-0.6,144,4936.133919
-0.2,144,4936.133956
-0.2,144,4937.932199
-0.2,144,4937.932314
-1.0,144,4938.560706
-1.2,144,4938.560743
-0.2,144,4940.484936
-0.2,144,4940.484972
-0.2,144,4942.620109
-0.6,144,4942.620145
-0.4,144,4944.450087
-0.2,144,4944.45015
-1.4000001,144,4945.046475
-0.2,144,4945.046514
-0.2,144,4947.025643
-0.4,144,4947.025681
-0.2,144,4948.931033
-0.2,144,4948.9311
-0.8,144,4949.526004
-0.4,144,4949.526045
-0.2,144,4951.437184
-0.2,144,4951.43722
-0.4,144,4953.386193
-0.6,144,4953.386233
-0.2,144,4955.237986
-0.2,144,4955.23803
-0.6,144,4955.790883
-0.6,144,4955.790976
-0.2,144,4957.869407
-0.4,144,4957.869444
-0.2,144,4959.785702
-0.2,144,4959.785758
-0.8,144,4960.396882
-0.6,144,4960.396918
-0.2,144,4962.402165
-0.2,144,4962.402202
-0.4,144,4964.474548
-0.4,144,4964.47458
-0.6,144,4966.309725
-0.6,144,4966.309762
-0.2,144,4966.84662
-0.2,144,4966.846653
-0.8,144,4969.018692
-0.6,144,4969.018728
-0.6,144,4970.776366
-0.4,144,4970.776433
-0.2,144,4973.193609
-0.2,144,4973.193643
-0.2,144,4973.712447
-0.2,144,4973.712484
-0.6,144,4975.795189
-0.2,144,4975.795223
-0.2,144,4978.094632
-0.2,144,4978.094668
-0.6,144,4978.604946
-0.4,144,4978.60498
-0.6,144,4980.576253
-0.2,144,4980.576291
-0.8,144,4982.819732
-0.4,144,4982.819766
-0.2,144,4984.673591
-0.2,144,4984.673681
-1.0,144,4985.425271
-1.4000001,144,4985.425308
-0.2,144,4987.705241
-0.6,144,4987.705275
-0.6,144,4989.592113
-0.4,144,4989.592171
-0.6,144,4990.174483
-0.6,144,4990.174517
-0.2,144,4991.912799
-0.2,144,4991.912835
-0.6,144,4994.914654
-1.0,144,4994.914688
-0.2,144,4997.918259
-0.2,144,4997.918293
-0.8,144,4998.512866
-0.2,144,4998.512919
-0.2,144,5001.257993
-0.2,144,5001.258025
-0.2,144,5003.82487
-0.2,144,5003.824906
-0.6,144,5004.82918
-0.6,144,5004.829218
-0.2,144,5007.348736
-0.2,144,5007.34877
-0.2,144,5010.161693
-0.6,144,5010.161756
-1.0,144,5013.221277
-0.4,144,5013.221311
-0.2,144,5014.217643
-0.2,144,5014.217676
-0.2,144,5016.002095
-0.2,144,5016.002129
-0.4,144,5019.7036
-0.6,144,5019.703658
-0.2,144,5023.322909
-0.2,144,5023.322953
-0.2,144,5025.621902
-0.2,144,5025.622198
-0.2,144,5029.487294
-0.2,144,5029.487341
-0.2,144,5032.898771
-0.2,144,5032.898808
-0.6,144,5033.406907
-0.6,144,5033.40695
-0.2,144,5036.205719
-0.2,144,5036.205757
-0.6,144,5039.4268
-0.8,144,5039.426845
-0.4,144,5042.055776
-0.4,144,5042.05586
-0.2,144,5042.631856
-0.6,144,5042.631892
-0.2,144,5044.288213
-0.2,144,5044.288248
-1.0,144,5047.255421
-0.6,144,5047.255454
-0.2,144,5048.784108
-0.4,144,5048.784142
-0.6,144,5051.54996
-0.4,144,5051.550005
-0.2,144,5054.796755
-0.2,144,5054.796794
-1.0,144,5058.609764
-0.8,144,5058.609905
-0.6,144,5060.387563
-1.0,144,5060.387634
-0.6,144,5065.568228
-0.6,144,5065.568336
-0.2,144,5070.492675
-0.6,144,5070.492714
-0.4,144,5071.532517
-0.4,144,5071.532555
-0.2,144,5074.667322
-0.6,144,5074.667362
-0.6,144,5077.305445
-0.8,144,5077.305484
-0.6,144,5080.539099
-0.6,144,5080.539139
-0.2,144,5081.618542
-0.2,144,5081.618575
-0.2,144,5084.745711
-0.2,144,5084.745752
-0.2,144,5088.5919
-0.2,144,5088.591976
-0.2,144,5092.294472
-0.2,144,5092.294555
-0.2,144,5093.204474
-0.2,144,5093.204521
-0.6,144,5096.62651
-0.6,144,5096.626551
-0.2,144,5099.899379
-0.2,144,5099.899419
-0.4,144,5101.382586
-0.6,144,5101.38306
-0.6,144,5105.095995
-0.2,144,5105.096032
-0.6,144,5108.758797
-0.2,144,5108.758885
-0.6,144,5111.892387
-0.2,144,5111.892421
-0.2,144,5112.38003
-0.2,144,5112.380066
-0.4,144,5114.511019
-0.4,144,5114.511055
-0.2,144,5116.284739
-0.2,144,5116.284789
-0.2,144,5117.954865
-0.2,144,5117.954897
-0.8,144,5119.905436
-0.8,144,5119.905484
-0.2,144,5123.655401
-0.4,144,5123.655435
-0.6,144,5126.561087
-0.6,144,5126.561162
-0.2,144,5128.025237
-0.2,144,5128.025272
-0.2,144,5131.714012
-0.2,144,5131.714053
-0.2,144,5135.620508
-0.2,144,5135.620677
-0.4,144,5136.68913
-0.6,144,5136.689289
-0.6,144,5140.875469
-0.6,144,5140.875513
-0.4,144,5144.208042
-0.2,144,5144.208154
-0.2,144,5148.441067
-0.2,144,5148.441164
-0.2,144,5149.461918
-0.2,144,5149.461967
-0.2,144,5153.736109
-0.2,144,5153.736158
-0.2,144,5157.402902
-0.2,144,5157.402957
-0.2,144,5160.488008
-0.6,144,5160.488052
-0.2,144,5161.418945
-0.2,144,5161.419026
-0.2,144,5165.907238
-0.6,144,5165.907326
-0.2,144,5170.232697
-0.2,144,5170.232729
-0.4,144,5171.504545
-0.8,144,5171.504622
-0.2,144,5174.139299
-0.2,144,5174.139349
-0.4,144,5177.761423
-0.6,144,5177.761469
-0.4,144,5180.99724
-0.4,144,5180.998129
-0.6,144,5182.442629
-0.6,144,5182.442669
-0.8,144,5185.738805
-0.8,144,5185.738891
-0.2,144,5190.155625
-0.2,144,5190.155698
-0.4,144,5192.352462
-0.2,144,5192.352505
-0.6,144,5196.98129
-0.6,144,5196.981325
-0.2,144,5201.334497
-0.2,144,5201.334587
-0.2,144,5206.929302
-0.2,144,5206.929435
-0.4,144,5208.641088
-0.2,144,5208.641136
-0.2,144,5211.847647
-0.2,144,5211.847682
-0.2,144,5214.585915
-0.2,144,5214.585964
-0.2,144,5215.754521
-0.2,144,5215.755452
-0.8,144,5217.941965
-0.4,144,5217.942022
-0.2,144,5220.025684
-0.2,144,5220.025733
-0.2,144,5222.314019
-0.2,144,5222.314053
-0.6,144,5222.846642
-0.6,144,5222.846688
-0.2,144,5225.288464
-0.2,144,5225.288514
-0.6,144,5227.223096
-0.4,144,5227.223146
-0.2,144,5229.088153
-0.2,144,5229.088217
-0.4,144,5230.303993
-0.2,144,5230.30406
-0.2,144,5232.978504
-0.2,144,5232.978539
-0.2,144,5235.084961
-0.2,144,5235.085009
-0.2,144,5236.378344
-0.2,144,5236.378413
-0.4,144,5239.040272
-0.6,144,5239.040312
-0.2,144,5241.872709
-0.4,144,5241.872751
-0.6,144,5243.980442
-0.2,144,5243.980511
-0.2,144,5244.551578
-0.2,144,5244.551617
-0.2,144,5246.932905
-0.2,144,5246.932942
-0.6,144,5249.64738
-0.6,144,5249.647416
-0.2,144,5250.701235
-0.2,144,5250.70127
-0.2,144,5252.573692
-0.4,144,5252.57374
-1.0,144,5256.639261
-0.6,144,5256.639307
-0.4,144,5260.605006
-0.2,144,5260.605061
-0.2,144,5262.281387
-0.2,144,5262.281536
-0.2,144,5266.899811
-0.2,144,5266.899956
-0.2,144,5270.957572
-0.2,144,5270.957645
-0.6,144,5272.576495
-0.8,144,5272.576586
-0.2,144,5276.840053
-0.2,144,5276.84009
-0.6,144,5280.106241
-0.6,144,5280.106282
-0.2,144,5282.351555
-0.2,144,5282.351625
-0.2,144,5283.537952
-0.2,144,5283.537998
-0.4,144,5286.8695
-0.4,144,5286.869554
-0.2,144,5290.397215
-0.2,144,5290.397388
-1.0,144,5293.519494
-1.0,144,5293.519542
-0.4,144,5294.929513
-0.6,144,5294.929552
-0.2,144,5297.960485
-0.2,144,5297.960522
-0.2,144,5301.004014
-0.2,144,5301.004067
-0.2,144,5302.455726
-0.6,144,5302.455777
-0.2,144,5306.114281
-0.2,144,5306.115371
-0.6,144,5311.310653
-0.6,144,5311.310708
-0.2,144,5315.748351
-0.6,144,5315.748402
-0.2,144,5317.590795
-0.2,144,5317.591051
-0.6,144,5323.04993
-0.8,144,5323.050093
-0.2,144,5327.66996
-0.6,144,5327.670063
-0.4,144,5329.932931
-0.2,144,5329.932999
-0.2,144,5335.533207
-0.6,144,5335.533345
-1.0,144,5340.654448
-0.4,144,5340.65452
-0.2,144,5345.249701
-0.2,144,5345.249799
-1.0,144,5347.24259
-0.2,144,5347.242888
-0.2,144,5351.94881
-0.2,144,5351.948905
-0.8,144,5357.050244
-0.6,144,5357.050309
-0.8,144,5359.076653
-0.8,144,5359.077604
-0.4,144,5363.805274
-0.6,144,5363.805388
-0.2,144,5369.219094
-0.2,144,5369.219273
-0.6,144,5373.758894
-0.6,144,5373.758975
-0.2,144,5375.527774
-0.2,144,5375.527877
-1.0,144,5380.491469
-0.2,144,5380.491556
-0.4,144,5386.082409
-0.2,144,5386.082519
-1.0,144,5391.260774
-0.8,144,5391.260826
-0.6,144,5393.502073
-0.6,144,5393.50218
-0.2,144,5398.20129
-0.8,144,5398.201392
-0.2,144,5403.164036
-0.2,144,5403.16412
-0.2,144,5405.843381
-0.2,144,5405.843576
-0.2,144,5410.579466
-0.2,144,5410.579537
-0.4,144,5415.381125
-0.6,144,5415.381196
-0.2,144,5420.22546
-0.2,144,5420.225532
-0.2,144,5421.824378
-0.2,144,5421.824498
-0.2,144,5426.807271
-1.0,144,5426.807337
-0.2,144,5431.330544
-0.2,144,5431.330687
-0.2,144,5433.523585
-0.2,144,5433.523655
-0.2,144,5438.59919
-0.2,144,5438.599431
-0.2,144,5443.595617
-0.2,144,5443.595714
-0.2,144,5448.601037
-0.2,144,5448.60109
-0.2,144,5450.289401
-0.2,144,5450.289488
-0.4,144,5455.830477
-0.6,144,5455.830613
-0.2,144,5460.440236
-0.2,144,5460.440318
-0.2,144,5462.717621
-0.2,144,5462.717688
-0.6,144,5467.935314
-0.4,144,5467.935384
-0.2,144,5473.227334
-0.6,144,5473.227445
-0.2,144,5478.851851
-0.4,144,5478.852037
-1.2,144,5481.138482
-0.8,144,5481.138686
-0.4,144,5485.964169
-0.6,144,5485.96446
-0.2,144,5490.976463
-0.2,144,5490.976738
-0.6,144,5495.871335
-0.6,144,5495.871504
-0.2,144,5497.569201
-0.2,144,5497.569315
-0.2,144,5502.642289
-0.2,144,5502.642375
-0.6,144,5507.601552
-0.6,144,5507.601658
-0.2,144,5509.248756
-0.2,144,5509.248829
-0.2,144,5514.37155
-0.4,144,5514.371629
-0.2,144,5519.561335
-0.2,144,5519.561454
-0.6,144,5524.421818
-0.6,144,5524.421922
-0.8,144,5526.629796
-0.6,144,5526.629874
-0.2,144,5531.686303
-0.2,144,5531.686369
-0.2,144,5536.89842
-0.2,144,5536.898492
-0.2,144,5538.735099
-0.2,144,5538.735416
-0.2,144,5543.700176
-0.2,144,5543.7003
-0.2,144,5548.720976
-0.2,144,5548.721061
-0.2,144,5553.75457
-0.2,144,5553.754645
-0.2,144,5556.036952
-0.2,144,5556.037058
-0.4,144,5561.289989
-1.0,144,5561.290066
-0.2,144,5566.609833
-0.2,144,5566.609954
-0.2,144,5569.322939
-0.2,144,5569.323084
-0.2,144,5575.622967
-0.2,144,5575.623091
-0.4,144,5581.062791
-0.8,144,5581.06287
-0.2,144,5586.838292
-0.2,144,5586.83836
-0.8,144,5589.138155
-0.8,144,5589.138226
-0.6,144,5594.339612
-0.6,144,5594.339703
-0.2,144,5600.049512
-0.2,144,5600.049609
-0.2,144,5605.664668
-0.2,144,5605.664741
-0.2,144,5607.741973
-0.2,144,5607.742103
-0.2,144,5614.071914
-0.2,144,5614.072027
-0.2,144,5619.539339
-0.2,144,5619.539429
-0.6,144,5621.636727
-0.2,144,5621.636795
-0.2,144,5627.850632
-0.2,144,5627.850755
-0.6,144,5633.683483
-0.6,144,5633.683558
-0.2,144,5638.764041
-0.2,144,5638.764119
-0.6,144,5641.256255
-0.4,144,5641.256318
-1.4000001,144,5646.726449
-0.6,144,5646.726576
-0.2,144,5652.567899
-0.2,144,5652.567977
-0.6,144,5654.975413
-0.6,144,5654.975488
-1.0,144,5661.131422
-0.4,144,5661.131675
-0.2,144,5666.389885
-0.2,144,5666.389966
-0.6,144,5672.366275
-0.4,144,5672.367251
-0.4,144,5674.564066
-0.8,144,5674.564291
-0.6,144,5680.106314
-0.2,144,5680.106409
-0.4,144,5685.383588
-0.6,144,5685.383666
-0.2,144,5688.082788
-0.2,144,5688.082995
-0.6,144,5694.31304
-0.4,144,5694.313233
-0.2,144,5699.545435
-0.4,144,5699.545515
-0.8,144,5705.584872
-0.4,144,5705.584952
-1.4000001,144,5707.841583
-0.8,144,5707.84166
-0.2,144,5713.819016
-0.2,144,5713.819125
-0.2,144,5720.39115
-0.6,144,5720.391966
-1.2,144,5727.24753
-1.0,144,5727.247609
-0.6,144,5730.207902
-0.6,144,5730.207979
-0.2,144,5736.730937
-0.2,144,5736.731031
-0.6,144,5741.905167
-0.6,144,5741.905238
-0.2,144,5744.297825
-0.2,144,5744.297897
-0.6,144,5750.836675
-0.4,144,5750.836925
-0.2,144,5756.649028
-0.2,144,5756.649108
-0.6,144,5762.827246
-0.6,144,5762.827699
-0.6,144,5764.805812
-0.8,144,5764.805885
-0.2,144,5770.156719
-0.2,144,5770.156812
-0.2,144,5775.529489
-0.2,144,5775.529567
-0.2,144,5777.801369
-0.2,144,5777.801463
-0.2,144,5784.951454
-0.2,144,5784.952007
-0.2,144,5790.698379
-0.2,144,5790.698991
-0.2,144,5795.893175
-0.2,144,5795.893248
-0.4,144,5798.272332
-0.6,144,5798.272408
-0.2,144,5803.956228
-0.2,144,5803.9563
-0.2,144,5810.092535
-0.2,144,5810.09272
-0.2,144,5811.922033
-0.2,144,5811.922104
-0.2,144,5817.210277
-0.2,144,5817.210374
-0.6,144,5822.46063
-1.0,144,5822.460724
-0.6,144,5827.581336
-0.6,144,5827.581554
-0.2,144,5830.410503
-0.2,144,5830.410609
-0.6,144,5836.340302
-0.2,144,5836.340404
-0.2,144,5842.191787
-0.2,144,5842.191854
-0.8,144,5847.691218
-1.0,144,5847.691306
-0.2,144,5849.529594
-0.2,144,5849.529684
-0.4,144,5855.105156
-0.4,144,5855.105255
-0.2,144,5860.601004
-0.2,144,5860.601094
-0.4,144,5862.908967
-0.6,144,5862.909051
-0.2,144,5868.77584
-0.2,144,5868.775943
-0.2,144,5874.780627
-0.2,144,5874.780711
-0.2,144,5880.800386
-0.2,144,5880.800648
-0.2,144,5883.143092
-0.6,144,5883.1432
-0.2,144,5888.291619
-0.2,144,5888.291708
-1.2,144,5893.962108
-0.8,144,5893.962178
-0.2,144,5896.983552
-0.2,144,5896.983762
-0.4,144,5903.208668
-0.4,144,5903.208906
-0.2,144,5908.466602
-0.2,144,5908.466749
-0.6,144,5914.354306
-0.2,144,5914.354395
-0.8,144,5916.662161
-0.8,144,5916.662258
-0.2,144,5922.98451
-0.2,144,5922.984592
-0.2,144,5928.954289
-0.2,144,5928.954378
-0.2,144,5931.835727
-0.2,144,5931.835858
-0.2,144,5938.087209
-0.2,144,5938.087283
-0.2,144,5943.796163
-0.2,144,5943.796247
-0.2,144,5949.515614
-0.6,144,5949.515721
-0.4,144,5952.462405
-0.2,144,5952.462532
-0.6,144,5958.468518
-0.6,144,5958.468614
-0.4,144,5964.302875
-0.6,144,5964.302944
-0.2,144,5970.021129
-0.2,144,5970.021223
-0.2,144,5972.332135
-0.2,144,5972.332217
-0.4,144,5978.43199
-0.6,144,5978.432101
-0.6,144,5984.051956
-0.6,144,5984.052034
-0.6,144,5986.691528
-0.2,144,5986.691634
-0.2,144,5992.288136
-0.4,144,5992.288211
-0.4,144,5998.082828
-0.4,144,5998.083299
-0.2,144,6004.026422
-0.2,144,6004.026653
-0.4,144,6005.97543
-0.4,144,6005.975537
-0.6,144,6011.233343
-0.4,144,6011.233486
-0.4,144,6017.477281
-1.2,144,6017.477325
-0.6,144,6019.822069
-0.8,144,6019.822157
-0.2,144,6025.831909
-0.4,144,6025.831999
-0.2,144,6031.973836
-0.4,144,6031.974086
-0.2,144,6037.601449
-0.2,144,6037.601643
-0.2,144,6039.64709
-0.2,144,6039.647191
-0.2,144,6045.14965
-0.2,144,6045.14978
-1.2,144,6050.976215
-0.6,144,6050.976288
-0.2,144,6052.775822
-0.2,144,6052.775932
-0.4,144,6058.399457
-0.4,144,6058.399513
-0.4,144,6064.069972
-0.4,144,6064.070278
-0.2,144,6067.648397
-0.2,144,6067.64844
-0.2,144,6068.70013
-0.2,144,6068.700179
-0.6,144,6072.61699
-0.6,144,6072.617781
-0.4,144,6076.575239
-0.6,144,6076.575279
-0.8,144,6081.117294
-0.6,144,6081.117345
-0.6,144,6082.157665
-0.6,144,6082.157722
-0.4,144,6085.911514
-0.4,144,6085.9119
-0.6,144,6090.599647
-0.6,144,6090.599706
-0.2,144,6091.515039
-0.2,144,6091.515102
-0.2,144,6095.51275
-0.2,144,6095.512846
-0.2,144,6100.552831
-0.2,144,6100.552942
-0.6,144,6105.676152
-0.2,144,6105.676215
-0.2,144,6107.622955
-0.2,144,6107.623041
-0.2,144,6112.923947
-0.2,144,6112.924019
-1.0,144,6117.572918
-0.6,144,6117.57303
-0.2,144,6119.557823
-0.2,144,6119.557915
-0.6,144,6123.464247
-0.2,144,6123.464283
-0.4,144,6126.697951
-0.4,144,6126.697986
-1.0,144,6130.509752
-0.4,144,6130.509791
-0.4,144,6131.064861
-0.6,144,6131.064907
-0.4,144,6135.424637
-1.2,144,6135.424704
-0.6,144,6140.475494
-0.8,144,6140.475561
-0.6,144,6142.152644
-0.4,144,6142.152725
-0.4,144,6147.430963
-1.0,144,6147.431123
-0.6,144,6152.546044
-0.6,144,6152.546103
-0.6,144,6157.639963
-0.6,144,6157.640117
-0.2,144,6159.420077
-0.2,144,6159.420172
-0.2,144,6164.815657
-0.2,144,6164.815811
-0.6,144,6169.352292
-0.8,144,6169.352382
-0.2,144,6174.34588
-0.4,144,6174.34596
-0.2,144,6176.569263
-0.2,144,6176.569336
-0.2,144,6181.801838
-0.2,144,6181.801942
-0.4,144,6187.043955
-0.8,144,6187.044035
-0.2,144,6189.460367
-0.2,144,6189.460437
-0.2,144,6194.514989
-0.2,144,6194.515082
-0.4,144,6198.896323
-0.6,144,6198.896445
-0.6,144,6202.81925
-0.8,144,6202.820181
-0.2,144,6204.123939
-0.4,144,6204.123987
-0.2,144,6207.416905
-0.2,144,6207.416968
-0.4,144,6212.598712
-0.4,144,6212.598788
-0.2,144,6214.373558
-0.2,144,6214.37364
-0.6,144,6219.45257
-0.6,144,6219.452645
-0.6,144,6224.069335
-0.8,144,6224.069428
-0.2,144,6227.88299
-0.2,144,6227.883175
-0.2,144,6229.225752
-0.4,144,6229.225816
-0.2,144,6233.887092
-0.2,144,6233.887193
-0.6,144,6238.717093
-0.6,144,6238.717187
-0.2,144,6239.558913
-0.2,144,6239.558949
-0.4,144,6242.129387
-0.4,144,6242.129433
-0.2,144,6244.689215
-0.2,144,6244.68925
-0.2,144,6247.47016
-0.4,144,6247.470194
-0.2,144,6248.015794
-0.2,144,6248.015948
-0.2,144,6251.005502
-0.6,144,6251.00554
-0.2,144,6255.833544
-0.2,144,6255.833609
-0.4,144,6260.36058
-0.2,144,6260.360625
-0.2,144,6261.689237
-0.2,144,6261.689523
-0.2,144,6264.595982
-0.4,144,6264.59671
-0.2,144,6268.730612
-0.2,144,6268.730657
-0.6,144,6269.779602
-0.6,144,6269.779643
-0.2,144,6273.523739
-0.2,144,6273.523787
-0.4,144,6277.319637
-0.4,144,6277.319679
-0.2,144,6279.876634
-0.2,144,6279.87676
-0.2,144,6280.908272
-0.4,144,6280.908309
-0.2,144,6283.631189
-0.2,144,6283.631267
-0.6,144,6287.147812
-0.6,144,6287.147851
-0.2,144,6288.154579
-0.2,144,6288.154629
-0.2,144,6291.902202
-0.4,144,6291.902241
-0.6,144,6295.345376
-0.6,144,6295.345413
-0.4,144,6298.091586
-0.2,144,6298.091628
-0.2,144,6298.657576
-0.2,144,6298.657621
-1.0,144,6300.622249
-1.0,144,6300.622287
-0.2,144,6302.454004
-0.2,144,6302.454085
-0.4,144,6303.132274
-0.2,144,6303.132331
-0.6,144,6306.049515
-0.6,144,6306.049548
-0.4,144,6309.148008
-0.6,144,6309.148056
-0.4,144,6311.772945
-0.6,144,6311.773013
-0.2,144,6312.998352
-0.8,144,6312.998386
-0.4,144,6315.469275
-0.4,144,6315.469309
-0.6,144,6317.580458
-0.2,144,6317.5805
-0.2,144,6320.526208
-0.2,144,6320.526268
-0.2,144,6321.645568
-0.2,144,6321.645614
-0.6,144,6326.674517
-0.4,144,6326.674664
-0.4,144,6331.086206
-0.6,144,6331.086248
-0.2,144,6332.297768
-0.2,144,6332.297841
-0.2,144,6334.869493
-0.2,144,6334.869673
-0.2,144,6338.846347
-0.2,144,6338.846419
-0.2,144,6344.618763
-0.2,144,6344.618917
-0.6,144,6346.979559
-0.6,144,6346.980455
-0.2,144,6352.367037
-0.6,144,6352.367138
-0.6,144,6356.665973
-0.4,144,6356.666028
-0.6,144,6358.425747
-0.2,144,6358.42589
-0.2,144,6363.388767
-0.2,144,6363.388828
-0.2,144,6368.556077
-0.6,144,6368.556129
-0.6,144,6373.641571
-0.4,144,6373.641629
-0.6,144,6375.31237
-0.2,144,6375.312487
-0.2,144,6379.634118
-0.2,144,6379.634182
-0.2,144,6384.576996
-0.2,144,6384.577051
-0.2,144,6386.296778
-0.2,144,6386.296887
-0.2,144,6391.794846
-0.8,144,6391.795154
-0.6,144,6396.157183
-0.6,144,6396.157229
-0.2,144,6400.710922
-0.2,144,6400.710991
-0.2,144,6401.98277
-0.2,144,6401.983371
-0.6,144,6405.953277
-0.6,144,6405.953313
-0.2,144,6408.769335
-0.2,144,6408.769374
-0.2,144,6411.993236
-0.2,144,6411.993277
-0.2,144,6412.92043
-0.2,144,6412.920464
-0.2,144,6415.623996
-0.2,144,6415.624068
-0.6,144,6418.32695
-0.6,144,6418.326992
-0.6,144,6418.874872
-0.4,144,6418.874931
-0.6,144,6422.289626
-0.6,144,6422.289669
-0.2,144,6425.579892
-0.6,144,6425.579928
-0.6,144,6427.963498
-0.6,144,6427.963541
-0.4,144,6429.177413
-0.4,144,6429.177449
-0.6,144,6431.896453
-0.4,144,6431.89649
-0.2,144,6435.026656
-0.2,144,6435.026709
-0.4,144,6436.091958
-0.6,144,6436.092001
-0.2,144,6439.838208
-0.6,144,6439.838298
-0.6,144,6442.947671
-1.2,144,6442.947704
-0.2,144,6445.456879
-0.2,144,6445.456914
-0.6,144,6445.958106
-0.2,144,6445.958144
-0.6,144,6449.52621
-0.6,144,6449.526249
-0.6,144,6453.206511
-0.6,144,6453.206548
-1.0,144,6454.134882
-0.6,144,6454.13492
-0.8,144,6456.747567
-0.2,144,6456.747605
-0.2,144,6459.768772
-0.2,144,6459.768811
-0.6,144,6462.744002
-0.6,144,6462.744043
-0.2,144,6463.231007
-0.2,144,6463.231042
-0.8,144,6465.667837
-1.0,144,6465.667877
-0.8,144,6468.848788
-0.6,144,6468.848829
-0.2,144,6471.711923
-0.4,144,6471.711978
-0.2,144,6472.688076
-0.2,144,6472.688111
-0.6,144,6475.138679
-0.2,144,6475.138723
-0.2,144,6477.572141
-0.2,144,6477.572304
-0.2,144,6478.460501
-0.4,144,6478.460536
-0.2,144,6481.708035
-0.2,144,6481.708107
-0.4,144,6484.883456
-0.6,144,6484.883493
-0.6,144,6487.760485
-0.2,144,6487.760529
-0.2,144,6488.350079
-0.2,144,6488.350139
-0.2,144,6490.339154
-0.2,144,6490.339201
-0.6,144,6493.617614
-0.6,144,6493.617746
-0.2,144,6494.648193
-0.2,144,6494.648233
-0.6,144,6497.690979
-0.6,144,6497.691015
-0.4,144,6500.791964
-0.4,144,6500.792002
-0.6,144,6503.991844
-0.6,144,6503.991887
-0.6,144,6504.474313
-0.6,144,6504.474369
-0.6,144,6507.704369
-0.2,144,6507.704408
-1.0,144,6510.444282
-0.8,144,6510.444333
-0.6,144,6511.430993
-0.6,144,6511.431032
-0.6,144,6514.530593
-0.2,144,6514.53065
-0.2,144,6516.927559
-0.2,144,6516.927596
-0.6,144,6519.386063
-0.4,144,6519.386102
-0.2,144,6519.883173
-0.6,144,6519.883207
-1.0,144,6522.314692
-0.6,144,6522.314746
-0.6,144,6524.86253
-0.4,144,6524.862565
-0.2,144,6527.016494
-0.2,144,6527.016565
-0.2,144,6527.758143
-0.2,144,6527.758206
-0.6,144,6531.221916
-1.0,144,6531.22195
-0.6,144,6533.031334
-0.4,144,6533.031374
-0.2,144,6534.580181
-0.2,144,6534.580227
-0.2,144,6537.363228
-0.2,144,6537.363337
-0.2,144,6540.556694
-0.2,144,6540.556732
-0.6,144,6543.680029
-0.4,144,6543.680071
-0.4,144,6545.068161
-0.2,144,6545.068212
-0.2,144,6547.719429
-0.4,144,6547.719466
-0.2,144,6550.791347
-0.2,144,6550.791384
-0.6,144,6551.758008
-0.4,144,6551.758042
-0.6,144,6553.950411
-0.6,144,6553.950452
-0.6,144,6555.75965
-0.8,144,6555.759685
-0.8,144,6557.395122
-0.6,144,6557.395188
-1.0,144,6558.016918
-0.6,144,6558.016956
-0.2,144,6559.963139
-0.2,144,6559.963177
-0.2,144,6562.937477
-0.2,144,6562.937517
-0.2,144,6563.967399
-0.8,144,6563.96746
-0.2,144,6566.860714
-0.2,144,6566.860747
-0.2,144,6569.707167
-0.2,144,6569.707207
-0.4,144,6572.84779
-0.6,144,6572.847836
-1.0,144,6573.486599
-1.0,144,6573.486637
-0.6,144,6576.088044
-0.4,144,6576.088163
-0.2,144,6578.878699
-0.2,144,6578.878733
-1.0,144,6581.011083
-0.8,144,6581.011164
-0.2,144,6581.909006
-0.2,144,6581.909047
-0.2,144,6585.360377
-0.6,144,6585.361881
-0.8,144,6589.250349
-1.2,144,6589.25042
-0.2,144,6589.74298
-0.6,144,6589.743016
-0.2,144,6592.287941
-0.2,144,6592.287978
-0.8,144,6594.702988
-0.8,144,6594.703044
-0.2,144,6598.432136
-0.2,144,6598.432177
-0.2,144,6599.427099
-0.6,144,6599.427187
-0.8,144,6602.382651
-0.6,144,6602.382697
-0.6,144,6605.559695
-1.0,144,6605.559739
-0.2,144,6606.497461
-0.2,144,6606.497499
-0.2,144,6609.019547
-0.6,144,6609.019606
-0.4,144,6612.159401
-0.2,144,6612.159445
-0.6,144,6615.371177
-0.6,144,6615.371217
-0.6,144,6616.358451
-0.2,144,6616.358489
-0.2,144,6619.459779
-0.2,144,6619.45986
-0.2,144,6623.064853
-0.6,144,6623.064899
-0.2,144,6623.942948
-0.2,144,6623.943011
-0.2,144,6627.082236
-0.4,144,6627.082311
-0.2,144,6630.612334
-0.2,144,6630.612411
-0.2,144,6633.531787
-0.2,144,6633.531858
-0.2,144,6634.369061
-0.2,144,6634.369114
-0.6,144,6637.090349
-0.4,144,6637.090388
-0.2,144,6640.048541
-0.2,144,6640.048633
-0.4,144,6642.9442
-0.2,144,6642.944238
-1.0,144,6644.008574
-0.2,144,6644.008608
-0.6,144,6646.450525
-0.4,144,6646.450558
-0.2,144,6649.070836
-0.2,144,6649.070877
-0.2,144,6649.84378
-0.2,144,6649.843816
-0.6,144,6652.400496
-0.6,144,6652.400541
-0.2,144,6655.509634
-0.4,144,6655.509672
-0.2,144,6658.053929
-0.2,144,6658.054684
-0.2,144,6659.592049
-0.2,144,6659.592081
-0.2,144,6661.650679
-0.2,144,6661.650731
-0.4,144,6664.306342
-0.2,144,6664.306377
-0.6,144,6664.880145
-0.4,144,6664.880189
-0.2,144,6667.486115
-0.2,144,6667.486866
-1.0,144,6670.28282
-0.6,144,6670.282859
-0.6,144,6673.428158
-0.6,144,6673.428205
-0.4,144,6674.441579
-0.2,144,6674.441613
-0.6,144,6677.138203
-0.4,144,6677.138247
-0.2,144,6680.398217
-0.2,144,6680.398269
-0.2,144,6681.165475
-0.2,144,6681.165528
-0.2,144,6683.744888
-0.2,144,6683.744955
-0.4,144,6686.813548
-0.6,144,6686.813582
-0.4,144,6689.674042
-0.4,144,6689.674077
-0.6,144,6690.352626
-0.4,144,6690.353363
-0.2,144,6693.405999
-0.2,144,6693.406102
-0.2,144,6697.212469
-0.2,144,6697.212508
-0.2,144,6699.961358
-0.4,144,6699.961426
-0.2,144,6701.051524
-0.2,144,6701.051567
-0.2,144,6703.686769
-0.2,144,6703.686808
-0.2,144,6706.743773
-0.2,144,6706.743865
-0.6,144,6707.324483
-0.4,144,6707.324584
-0.2,144,6709.580825
-0.2,144,6709.580885
-0.6,144,6712.835456
-0.6,144,6712.835496
-0.2,144,6716.411443
-0.2,144,6716.411478
-0.2,144,6717.550093
-0.2,144,6717.550132
-0.2,144,6719.538272
-0.2,144,6719.538312
-1.0,144,6722.290749
-0.4,144,6722.290783
-0.2,144,6723.460921
-0.2,144,6723.460956
-0.2,144,6726.333704
-0.2,144,6726.333738
-0.4,144,6728.747694
-0.2,144,6728.747735
-0.2,144,6731.374973
-0.6,144,6731.375013
-1.0,144,6731.932749
-0.8,144,6731.932853
-0.2,144,6734.683314
-0.2,144,6734.683372
-0.6,144,6737.755011
-1.8000002,144,6737.755052
-0.8,144,6738.441104
-0.8,144,6738.441141
-0.6,144,6740.23186
-0.6,144,6740.231898
-0.2,144,6742.511319
-0.2,144,6742.511363
-0.6,144,6744.611695
-0.2,144,6744.611744
-0.2,144,6745.219843
-0.2,144,6745.219879
-0.6,144,6747.858687
-0.6,144,6747.858721
-0.4,144,6750.428541
-0.6,144,6750.428575
-0.2,144,6753.124784
-0.2,144,6753.124851
-0.2,144,6754.116008
-0.2,144,6754.116047
-0.2,144,6757.261623
-0.2,144,6757.261673
-0.4,144,6760.547125
-1.0,144,6760.547179
-0.2,144,6761.582384
-0.2,144,6761.582425
-0.6,144,6764.518202
-0.2,144,6764.518237
-0.6,144,6766.48011
-0.4,144,6766.480152
-0.4,144,6768.352642
-0.6,144,6768.3528
-0.2,144,6769.063492
-0.2,144,6769.063528
-1.0,144,6771.341931
-0.4,144,6771.341971
-0.4,144,6773.360605
-0.4,144,6773.360661
-0.4,144,6773.941315
-0.4,144,6773.941351
-0.4,144,6775.965808
-0.6,144,6775.965898
-0.2,144,6778.420248
-0.2,144,6778.420287
-0.2,144,6780.944532
-0.2,144,6780.944564
-0.6,144,6781.476796
-0.8,144,6781.476829
-0.2,144,6783.467242
-0.2,144,6783.467283
-0.6,144,6785.422902
-0.6,144,6785.422942
-0.8,144,6786.014252
-1.0,144,6786.01429
-0.2,144,6788.739315
-0.2,144,6788.73935
-0.4,144,6790.49146
-0.4,144,6790.491498
-0.6,144,6792.914047
-0.2,144,6792.914084
-0.2,144,6793.458012
-0.2,144,6793.458046
-1.4000001,144,6795.292832
-0.8,144,6795.292871
-0.6,144,6797.205763
-0.6,144,6797.205798
-0.2,144,6799.835078
-0.2,144,6799.835112
-0.2,144,6800.823747
-0.2,144,6800.82378
-0.4,144,6802.534393
-0.4,144,6802.534427
-0.4,144,6804.289145
-0.6,144,6804.289215
-0.2,144,6804.99394
-0.2,144,6804.994001
-0.2,144,6807.872939
-0.2,144,6807.872974
-0.2,144,6809.675623
-0.2,144,6809.675662
-0.6,144,6811.320444
-0.6,144,6811.320516
-0.2,144,6812.16569
-0.2,144,6812.165782
-1.0,144,6814.305863
-0.6,144,6814.305897
-0.4,144,6816.657495
-0.4,144,6816.657529
-0.4,144,6817.147384
-0.6,144,6817.147422
-0.2,144,6818.988562
-0.2,144,6818.988596
-0.2,144,6820.97934
-0.6,144,6820.97938
-0.4,144,6823.227963
-0.6,144,6823.227996
-0.2,144,6823.725476
-0.2,144,6823.725512
-0.2,144,6825.617013
-0.2,144,6825.617046
-0.2,144,6827.481638
-0.2,144,6827.481726
-1.2,144,6828.030942
-0.8,144,6828.030983
-0.2,144,6829.998603
-0.2,144,6829.99864
-0.2,144,6832.048548
-0.2,144,6832.048583
-0.8,144,6834.488288
-1.0,144,6834.488323
-0.2,144,6835.003069
-0.2,144,6835.003104
-0.2,144,6836.876895
-0.2,144,6836.87693
-0.4,144,6839.242546
-0.6,144,6839.242628
-0.2,144,6841.61072
-0.2,144,6841.610756
-0.2,144,6842.086658
-0.2,144,6842.086693
-0.2,144,6844.171227
-0.2,144,6844.171269
-0.6,144,6846.368664
-0.6,144,6846.368699
-1.0,144,6846.969424
-0.6,144,6846.96948
-0.2,144,6849.048794
-0.2,144,6849.048829
-0.6,144,6850.918728
-0.6,144,6850.918768
-0.2,144,6852.922178
-0.2,144,6852.922246
-0.2,144,6853.502434
-0.2,144,6853.502469
-0.6,144,6855.676574
-0.6,144,6855.676629
-0.2,144,6857.638587
-0.4,144,6857.63866
-0.6,144,6858.809925
-0.6,144,6858.809964
-0.6,144,6860.857059
-0.6,144,6860.857095
-0.4,144,6862.806944
-0.2,144,6862.806981
-0.4,144,6865.275813
-0.6,144,6865.275845
-0.2,144,6865.79049
-0.2,144,6865.790525
-0.4,144,6867.881691
-0.6,144,6867.881725
-0.2,144,6869.872298
-0.2,144,6869.872342
-0.2,144,6870.395379
-0.2,144,6870.395422
-0.2,144,6872.683686
-0.2,144,6872.683788
-0.6,144,6875.061125
-0.2,144,6875.061158
-0.6,144,6876.631716
-0.6,144,6876.631782
-0.2,144,6877.76226
-0.2,144,6877.762295
-0.2,144,6879.605613
-0.2,144,6879.605647
-0.2,144,6881.605928
-0.2,144,6881.605966
-0.2,144,6884.246514
-0.2,144,6884.246577
-0.6,144,6884.745537
-0.4,144,6884.745577
-0.2,144,6886.960326
-0.8,144,6886.96043
-0.2,144,6889.296721
-0.2,144,6889.296758
-0.6,144,6889.806142
-0.6,144,6889.806177
-0.4,144,6891.734738
-0.2,144,6891.734774
-0.2,144,6894.008919
-0.2,144,6894.008955
-0.2,144,6895.937047
-0.2,144,6895.93731
-0.2,144,6896.647608
-0.2,144,6896.647642
-0.4,144,6898.793373
-0.6,144,6898.793408
-0.6,144,6900.706412
-0.6,144,6900.706465
-0.6,144,6901.288857
-0.6,144,6901.288899
-0.2,144,6903.527855
-0.2,144,6903.527892
-0.2,144,6905.706801
-0.2,144,6905.706851
-0.2,144,6908.238019
-0.2,144,6908.238054
-0.6,144,6908.755706
-0.6,144,6908.755749
-0.2,144,6910.883638
-0.2,144,6910.883676
-0.2,144,6913.145556
-0.2,144,6913.145597
-0.2,144,6913.631653
-0.2,144,6913.631688
-0.2,144,6915.812068
-0.2,144,6915.812103
-0.2,144,6918.70144
-0.2,144,6918.701539
-0.2,144,6921.042365
-0.2,144,6921.042403
-0.6,144,6921.640449
-0.6,144,6921.640502
-0.2,144,6924.169517
-0.2,144,6924.169604
-0.2,144,6926.481636
-0.2,144,6926.481674
-1.0,144,6929.10573
-0.4,144,6929.105812
-0.2,144,6929.652437
-0.2,144,6929.65249
-0.4,144,6932.067896
-0.4,144,6932.067932
-0.2,144,6934.624629
-0.2,144,6934.624732
-0.6,144,6935.375645
-0.6,144,6935.375692
-0.2,144,6937.620775
-0.2,144,6937.620815
-0.2,144,6940.052522
-0.6,144,6940.052561
-0.2,144,6942.682847
-0.2,144,6942.682914
-0.6,144,6943.712251
-0.2,144,6943.712286
-0.2,144,6946.395226
-0.2,144,6946.395266
-0.6,144,6948.295094
-0.6,144,6948.295133
-0.4,144,6948.993287
-0.6,144,6948.993324
-0.6,144,6951.168359
-0.6,144,6951.168398
-0.6,144,6953.38004
-0.6,144,6953.380081
-0.2,144,6955.556074
-0.2,144,6955.55612
-0.2,144,6956.640631
-0.4,144,6956.640666
-0.6,144,6958.767986
-0.4,144,6958.768028
-0.2,144,6961.392777
-0.2,144,6961.392817
-0.6,144,6962.468462
-1.2,144,6962.468527
-0.6,144,6966.57437
-0.8,144,6966.574407
-0.6,144,6969.736902
-0.6,144,6969.736947
-0.2,144,6972.962861
-0.2,144,6972.9629
-0.2,144,6973.811515
-0.2,144,6973.811785
-0.6,144,6977.166686
-0.6,144,6977.16674
-0.2,144,6980.328793
-0.2,144,6980.328851
-0.2,144,6984.84792
-0.2,144,6984.847998
-0.2,144,6986.491148
-0.2,144,6986.491236
-0.2,144,6990.080709
-0.2,144,6990.080774
-0.2,144,6993.596217
-0.2,144,6993.596262
-0.2,144,6994.64818
-0.6,144,6994.648224
-0.2,144,6996.985289
-0.2,144,6996.985369
-0.2,144,6999.447109
-0.2,144,6999.447168
-0.6,144,7001.986543
-0.2,144,7001.986589
-0.4,144,7003.091237
-0.6,144,7003.091273
-0.2,144,7005.346206
-0.6,144,7005.346241
-0.2,144,7008.271824
-0.2,144,7008.271869
-0.2,144,7008.831729
-0.2,144,7008.831781
-0.4,144,7010.968451
-0.8,144,7010.968497
-0.2,144,7013.113988
-0.2,144,7013.114036
-0.2,144,7015.206971
-0.2,144,7015.207012
-0.8,144,7015.99403
-0.6,144,7015.994068
-0.2,144,7018.897323
-0.2,144,7018.897365
-0.2,144,7021.264088
-0.2,144,7021.264128
-0.4,144,7022.134187
-0.2,144,7022.134227
-0.2,144,7024.455402
-0.2,144,7024.455448
-0.2,144,7026.702595
-0.6,144,7026.702634
-0.2,144,7028.811709
-0.6,144,7028.811759
-1.0,144,7029.471709
-1.0,144,7029.471754
-0.6,144,7031.704832
-0.6,144,7031.70487
-0.2,144,7034.195177
-0.4,144,7034.195212
-0.2,144,7036.166171
-0.4,144,7036.166242
-0.2,144,7037.702366
-0.2,144,7037.702459
-0.2,144,7039.887319
-0.2,144,7039.887363
-0.2,144,7042.386213
-0.2,144,7042.386249
-0.2,144,7042.888989
-0.2,144,7042.889025
-0.2,144,7044.932614
-0.4,144,7044.932652
-1.0,144,7047.489085
-0.4,144,7047.489121
-0.2,144,7049.396517
-0.2,144,7049.396605
-0.2,144,7050.122812
-0.2,144,7050.122859
-0.2,144,7052.469615
-0.2,144,7052.46966
-0.2,144,7054.576845
-0.2,144,7054.576883
-0.8,144,7055.105071
-0.8,144,7055.10511
-0.2,144,7057.095307
-0.2,144,7057.095349
-0.4,144,7059.353628
-0.2,144,7059.35367
-0.2,144,7061.527827
-0.2,144,7061.527869
-0.6,144,7062.088397
-0.6,144,7062.088457
-0.2,144,7064.752829
-0.2,144,7064.752871
-0.8,144,7068.109054
-1.2,144,7068.109089
-1.0,144,7068.619025
-0.6,144,7068.619061
-0.2,144,7071.151484
-0.6,144,7071.151523
-0.2,144,7073.302551
-0.2,144,7073.30259
-0.2,144,7075.766635
-0.2,144,7075.766674
-0.4,144,7076.281885
-0.6,144,7076.281923
-0.6,144,7078.356789
-0.6,144,7078.356834
-0.6,144,7080.88163
-0.4,144,7080.881666
-0.2,144,7083.654674
-0.2,144,7083.654714
-0.4,144,7084.724839
-0.6,144,7084.724876
-0.6,144,7086.796519
-0.8,144,7086.796554
-0.2,144,7088.759189
-0.2,144,7088.75925
-0.2,144,7089.965811
-0.2,144,7089.965858
-0.2,144,7091.830621
-0.6,144,7091.830666
-0.6,144,7094.909747
-0.6,144,7094.909784
-0.6,144,7096.842995
-0.4,144,7096.843102
-0.2,144,7097.450947
-0.2,144,7097.451042
-0.2,144,7099.666117
-0.2,144,7099.66617
-0.2,144,7101.744642
-0.2,144,7101.74473
-0.2,144,7102.306139
-0.2,144,7102.306182
-0.2,144,7104.463585
-0.2,144,7104.463624
-0.2,144,7106.57949
-0.2,144,7106.579544
-0.2,144,7108.798101
-0.2,144,7108.798203
-0.2,144,7109.530367
-0.2,144,7109.530404
-0.2,144,7111.544924
-0.2,144,7111.544961
-0.2,144,7114.005834
-0.2,144,7114.00587
-0.2,144,7114.517111
-0.6,144,7114.517149
-0.2,144,7116.951878
-0.2,144,7116.951913
-0.6,144,7119.515406
-0.6,144,7119.515445
-0.6,144,7121.961812
-0.4,144,7121.961849
-0.2,144,7123.006627
-0.4,144,7123.006661
-0.2,144,7124.978398
-0.2,144,7124.978434
-0.2,144,7127.026678
-0.2,144,7127.026716
-0.6,144,7129.394415
-0.2,144,7129.394457
-0.2,144,7129.935184
-0.2,144,7129.935221
-0.2,144,7132.016362
-0.2,144,7132.016425
-0.2,144,7134.487688
-0.2,144,7134.487725
-0.2,144,7135.029902
-0.2,144,7135.029939
-0.2,144,7137.043944
-0.2,144,7137.043982
-0.4,144,7139.1978
-0.2,144,7139.197844
-0.2,144,7141.27105
-0.6,144,7141.271093
-0.2,144,7141.835708
-0.2,144,7141.835745
-0.2,144,7144.305202
-0.2,144,7144.305238
-0.2,144,7146.342525
-0.2,144,7146.342563
-0.2,144,7146.8761
-0.2,144,7146.876148
-0.4,144,7148.946247
-0.2,144,7148.946288
-0.6,144,7151.386757
-0.2,144,7151.386792
-0.2,144,7153.899728
-0.2,144,7153.899775
-0.6,144,7154.653877
-1.2,144,7154.653911
-0.2,144,7157.703191
-0.2,144,7157.703227
-0.6,144,7159.694442
-0.4,144,7159.694482
-0.4,144,7160.227673
-0.6,144,7160.227711
-0.2,144,7162.880098
-0.2,144,7162.880136
-0.6,144,7165.432691
-0.2,144,7165.43273
-1.0,144,7167.630062
-1.2,144,7167.63011
-0.2,144,7168.167838
-0.6,144,7168.167882
-0.2,144,7170.46955
-0.4,144,7170.469588
-0.2,144,7173.596884
-0.2,144,7173.596921
-0.2,144,7175.909156
-0.2,144,7175.90923
-0.2,144,7176.66581
-0.2,144,7176.665858
-0.2,144,7179.008456
-0.2,144,7179.008489
-0.8,144,7181.443825
-0.4,144,7181.443897
-0.2,144,7182.168746
-0.6,144,7182.168782
-0.6,144,7185.430281
-0.6,144,7185.430323
-0.2,144,7187.371447
-0.6,144,7187.371488
-0.6,144,7189.729761
-0.2,144,7189.730223
-0.6,144,7190.54302
-0.4,144,7190.543076
-0.6,144,7193.471912
-0.4,144,7193.471948
-0.6,144,7195.30081
-0.6,144,7195.300857
-1.0,144,7195.792003
-1.0,144,7195.792051
-0.2,144,7198.037401
-0.2,144,7198.037438
-0.2,144,7200.387051
-0.2,144,7200.387123
-0.4,144,7202.741993
-0.4,144,7202.742031
-0.2,144,7203.24065
-0.2,144,7203.240687
-1.0,144,7205.816723
-0.4,144,7205.816756
-0.2,144,7207.885954
-0.2,144,7207.886001
-1.4000001,144,7208.399186
-0.8,144,7208.399225
-0.2,144,7210.924447
-0.2,144,7210.924481
-0.2,144,7212.958225
-0.2,144,7212.958262
-0.6,144,7215.54228
-0.6,144,7215.542326
-0.2,144,7216.134522
-0.2,144,7216.134567
-0.4,144,7218.500481
-0.4,144,7218.500598
-0.4,144,7220.944306
-0.6,144,7220.944356
-0.2,144,7223.854185
-0.2,144,7223.85422
-0.4,144,7224.39583
-0.2,144,7224.395869
-0.2,144,7226.671841
-0.2,144,7226.67189
-0.2,144,7228.80771
-1.0,144,7228.80775
-0.6,144,7229.300071
-0.6,144,7229.300112
-0.2,144,7232.446743
-0.2,144,7232.446785
-0.2,144,7235.987712
-0.4,144,7235.987754
-0.2,144,7238.201438
-0.2,144,7238.201555
-1.0,144,7240.269423
-0.2,144,7240.270046
-0.2,144,7243.622915
-0.2,144,7243.62307
-0.2,144,7246.312659
-0.2,144,7246.312696
-0.2,144,7246.81459
-0.6,144,7246.814624
-0.6,144,7249.749204
-0.4,144,7249.749263
-0.6,144,7252.916276
-0.6,144,7252.916327
-0.2,144,7256.384472
-0.2,144,7256.384512
-0.2,144,7256.997423
-0.2,144,7256.99746
-0.2,144,7259.373885
-0.4,144,7259.373921
-0.6,144,7262.458625
-0.6,144,7262.458675
-0.4,144,7264.122124
-0.4,144,7264.122163
-0.2,144,7266.490157
-0.2,144,7266.490239
-0.2,144,7270.76251
-0.2,144,7270.762549
-0.2,144,7274.812285
-0.2,144,7274.812346
-0.2,144,7276.627403
-0.6,144,7276.627447
-0.2,144,7279.707603
-0.8,144,7279.707644
-0.6,144,7282.368376
-0.6,144,7282.368417
-0.6,144,7284.925344
-0.8,144,7284.925381
-0.2,144,7285.617087
-0.2,144,7285.617133
-0.2,144,7287.951893
-0.2,144,7287.951929
-0.2,144,7290.953891
-0.2,144,7290.953928
-0.2,144,7291.50501
-0.2,144,7291.505056
-0.2,144,7294.764153
-0.2,144,7294.764235
-0.2,144,7298.513197
-0.2,144,7298.513253
-0.2,144,7302.544332
-0.4,144,7302.544378
-0.6,144,7303.635119
-0.6,144,7303.635164
-0.2,144,7307.30877
-0.6,144,7307.308807
-0.2,144,7309.592648
-0.2,144,7309.592689
-0.2,144,7310.926851
-0.6,144,7310.926888
-0.6,144,7313.883301
-0.6,144,7313.883436
-0.2,144,7317.109358
-0.2,144,7317.109396
-0.2,144,7320.114227
-0.2,144,7320.114266
-0.4,144,7321.066146
-0.6,144,7321.066185
-0.2,144,7324.602448
-0.2,144,7324.602507
-0.2,144,7327.676202
-0.2,144,7327.676238
-1.0,144,7328.688031
-0.4,144,7328.688082
-0.2,144,7332.342747
-0.2,144,7332.342784
-0.2,144,7335.855858
-0.2,144,7335.855899
-0.6,144,7339.466204
-0.6,144,7339.466245
-1.0,144,7340.493467
-0.2,144,7340.493505
-0.4,144,7343.936031
-0.2,144,7343.936071
-0.2,144,7346.4482
-0.2,144,7346.448242
-0.2,144,7349.48765
-0.2,144,7349.487688
-0.2,144,7350.542895
-0.2,144,7350.542933
-0.6,144,7353.269264
-0.4,144,7353.269321
-0.4,144,7356.157587
-0.4,144,7356.15764
-0.2,144,7357.235263
-0.2,144,7357.235299
-0.2,144,7360.225688
-0.2,144,7360.225769
-1.0,144,7363.713927
-0.2,144,7363.713963
-0.2,144,7367.170846
-0.2,144,7367.170886
-1.0,144,7368.09336
-0.6,144,7368.093401
-0.6,144,7371.197592
-0.4,144,7371.19764
-0.6,144,7374.179714
-0.8,144,7374.17975
-0.2,144,7375.360794
-0.2,144,7375.360839
-0.2,144,7377.338234
-0.2,144,7377.338297
-0.2,144,7379.880129
-0.4,144,7379.880166
-0.8,144,7382.127703
-0.6,144,7382.12774
-0.2,144,7382.65079
-0.2,144,7382.650838
-0.2,144,7384.817312
-1.2,144,7384.817352
-0.2,144,7387.051585
-0.2,144,7387.051641
-0.4,144,7387.773016
-0.6,144,7387.773053
-0.2,144,7389.740029
-0.2,144,7389.740071
-0.2,144,7392.388228
-0.2,144,7392.388264
-0.2,144,7394.504719
-0.2,144,7394.504763
-1.0,144,7395.430209
-0.6,144,7395.430244
-0.2,144,7397.555719
-0.2,144,7397.555762
-0.4,144,7400.136806
-0.6,144,7400.136889
-0.4,144,7402.187264
-0.4,144,7402.187339
-0.4,144,7403.049031
-0.6,144,7403.049068
-0.2,144,7405.67235
-0.2,144,7405.672395
-0.2,144,7408.261629
-0.2,144,7408.261667
-0.2,144,7408.787705
-0.2,144,7408.787746
-0.8,144,7410.931055
-0.2,144,7410.931097
-0.8,144,7413.123158
-0.6,144,7413.123195
-0.6,144,7415.453134
-0.6,144,7415.45317
-0.6,144,7415.9526
-0.6,144,7415.952635
-0.2,144,7418.384356
-0.2,144,7418.384431
-0.2,144,7421.081294
-0.2,144,7421.081341
-0.2,144,7421.679925
-0.2,144,7421.679961
-0.2,144,7423.796542
-1.0,144,7423.79659
-0.2,144,7426.176006
-0.2,144,7426.176041
-0.2,144,7428.258794
-0.2,144,7428.258907
-0.4,144,7428.918439
-0.6,144,7428.918477
-0.2,144,7431.282365
-0.2,144,7431.282495
-0.2,144,7433.968611
-0.6,144,7433.968671
-0.4,144,7434.651453
-0.6,144,7434.651489
-0.2,144,7436.825755
-0.2,144,7436.82579
-0.2,144,7439.174371
-1.2,144,7439.17441
-0.2,144,7441.069502
-0.2,144,7441.069576
-0.2,144,7441.755474
-0.2,144,7441.75551
-0.6,144,7443.906762
-0.6,144,7443.906801
-1.0,144,7445.989825
-0.6,144,7445.989922
-0.6,144,7448.552984
-0.6,144,7448.553064
-0.6,144,7449.353523
-0.2,144,7449.35356
-0.2,144,7452.160036
-0.2,144,7452.160072
-0.2,144,7454.175669
-0.2,144,7454.175732
-0.4,144,7454.776979
-0.4,144,7454.777016
-0.2,144,7457.291148
-0.2,144,7457.291199
-0.6,144,7461.152665
-0.6,144,7461.1527
-0.2,144,7463.751307
-0.2,144,7463.751372
-0.2,144,7464.552035
-0.2,144,7464.552074
-0.2,144,7466.668652
-0.2,144,7466.668688
-0.2,144,7468.952698
-0.2,144,7468.952736
-0.6,144,7469.488847
-0.4,144,7469.488883
-1.0,144,7471.800004
-0.8,144,7471.800041
-0.2,144,7473.978322
-0.2,144,7473.978359
-0.2,144,7476.241569
-0.2,144,7476.241636
-0.6,144,7476.865205
-0.6,144,7476.86524
-0.2,144,7479.430401
-0.2,144,7479.430436
-0.2,144,7481.383899
-0.2,144,7481.383953
-0.2,144,7482.06057
-0.2,144,7482.060679
-0.2,144,7485.654824
-0.2,144,7485.654859
-1.2,144,7488.93938
-0.8,144,7488.939432
-0.2,144,7492.240388
-0.2,144,7492.240421
-0.2,144,7492.781557
-0.2,144,7492.781609
-0.2,144,7495.900107
-0.2,144,7495.90016
-0.2,144,7498.915717
-0.2,144,7498.915751
-0.2,144,7501.246219
-0.2,144,7501.246299
-0.6,144,7501.907641
-0.8,144,7501.907676
-0.2,144,7504.48031
-0.2,144,7504.480455
-0.2,144,7507.058718
-0.2,144,7507.058812
-0.2,144,7507.601862
-0.2,144,7507.6019
-0.4,144,7509.547809
-0.6,144,7509.547844
-0.2,144,7511.523897
-0.2,144,7511.523933
-0.2,144,7513.376408
-0.2,144,7513.376482
-0.2,144,7514.137323
-0.2,144,7514.13736
-0.2,144,7516.408708
-0.2,144,7516.408748
-0.2,144,7518.277534
-0.2,144,7518.277594
-0.6,144,7518.826372
-0.2,144,7518.826406
-0.2,144,7521.14508
-0.2,144,7521.145116
-0.4,144,7523.099805
-0.6,144,7523.099842
-0.6,144,7524.818717
-0.6,144,7524.818789
-0.2,144,7525.500691
-0.2,144,7525.500725
-0.2,144,7527.525767
-0.2,144,7527.525801
-0.4,144,7530.005294
-0.2,144,7530.005331
-1.0,144,7530.482531
-1.2,144,7530.482564
-0.2,144,7532.400316
-0.2,144,7532.40035
-0.8,144,7534.193226
-0.4,144,7534.193268
-0.8,144,7536.635245
-0.8,144,7536.635278
-0.4,144,7537.136161
-0.4,144,7537.136197
-0.2,144,7539.227559
-0.2,144,7539.227597
-0.2,144,7541.663136
-0.4,144,7541.66317
-0.2,144,7543.373424
-0.2,144,7543.3735
-0.2,144,7544.361779
-0.6,144,7544.361814
-0.4,144,7546.535003
-0.6,144,7546.535037
-1.2,144,7548.941754
-0.8,144,7548.941805
-0.2,144,7549.444835
-0.4,144,7549.44487
-0.2,144,7551.210184
-0.2,144,7551.210222
-0.8,144,7553.256833
-1.2,144,7553.256867
-0.6,144,7555.700856
-0.2,144,7555.70089
-0.2,144,7556.172592
-0.2,144,7556.172629
-0.2,144,7558.138971
-0.2,144,7558.139008
-0.6,144,7560.641926
-0.6,144,7560.641964
-0.2,144,7561.117126
-0.2,144,7561.117162
-0.2,144,7563.052641
-0.2,144,7563.052679
-0.2,144,7565.051659
-0.2,144,7565.051699
-0.6,144,7567.043189
-0.6,144,7567.043231
-0.4,144,7567.53547
-0.2,144,7567.535509
-1.2,144,7569.575716
-1.0,144,7569.575752
-0.6,144,7571.494453
-0.4,144,7571.4945
-0.2,144,7572.025181
-0.2,144,7572.025219
-0.2,144,7574.337602
-0.2,144,7574.337637
-0.2,144,7577.001782
-0.2,144,7577.001816
-0.2,144,7579.221384
-0.2,144,7579.221419
-0.4,144,7579.713455
-0.2,144,7579.713493
-0.2,144,7581.682501
-0.2,144,7581.682543
-0.2,144,7583.691638
-0.2,144,7583.691692
-0.6,144,7585.46646
-0.6,144,7585.466527
-0.2,144,7585.986418
-0.2,144,7585.986457
-0.6,144,7588.132736
-0.6,144,7588.132783
-0.2,144,7590.294688
-0.4,144,7590.294726
-0.2,144,7590.77531
-0.2,144,7590.775346
-0.2,144,7592.594843
-0.2,144,7592.59488
-0.8,144,7595.350786
-0.6,144,7595.350819
-0.2,144,7597.266686
-0.2,144,7597.266751
-0.8,144,7598.334069
-0.4,144,7598.334115
-0.2,144,7600.17199
-0.2,144,7600.172029
-0.2,144,7602.12203
-0.2,144,7602.122072
-1.2,144,7602.627119
-0.6,144,7602.627159
-0.6,144,7604.781354
-0.6,144,7604.781394
-0.2,144,7606.940264
-0.2,144,7606.9403
-0.6,144,7609.322757
-0.6,144,7609.322789
-0.4,144,7609.828699
-0.6,144,7609.828737
-0.2,144,7612.082469
-0.2,144,7612.082511
-0.2,144,7614.279885
-0.4,144,7614.279921
-1.0,144,7614.789109
-1.0,144,7614.789146
-0.6,144,7616.854208
-0.6,144,7616.854244
-0.6,144,7619.050812
-0.6,144,7619.050853
-0.2,144,7621.602983
-0.2,144,7621.603023
-0.6,144,7622.074468
-1.4000001,144,7622.074504
-0.6,144,7624.353276
-0.6,144,7624.353312
-0.2,144,7626.753837
-0.2,144,7626.753871
-0.2,144,7629.269771
-0.6,144,7629.269819
-0.2,144,7630.168293
-0.4,144,7630.168392
-0.2,144,7633.560123
-0.6,144,7633.560231
-0.6,144,7637.307452
-0.8,144,7637.307495
-1.0,144,7638.244221
-0.2,144,7638.24427
-0.2,144,7641.784408
-0.6,144,7641.784448
-0.6,144,7644.646718
-0.6,144,7644.646756
-0.2,144,7647.767337
-0.2,144,7647.767389
-0.2,144,7649.362343
-0.2,144,7649.362378
-1.6000001,144,7652.478168
-1.0,144,7652.478262
-1.0,144,7655.809406
-0.6,144,7655.809505
-0.2,144,7656.781275
-0.2,144,7656.781323
-0.4,144,7659.961277
-0.8,144,7659.961312
-0.8,144,7662.82512
-0.8,144,7662.82529
-0.6,144,7666.743423
-0.6,144,7666.743458
-0.2,144,7667.673659
-0.2,144,7667.673701
-0.6,144,7669.603655
-0.6,144,7669.603696
-0.6,144,7671.624036
-0.6,144,7671.624121
-0.6,144,7672.402561
-0.6,144,7672.402616
-0.2,144,7675.721751
-0.2,144,7675.721788
-0.2,144,7678.855192
-0.2,144,7678.855255
-0.2,144,7682.285285
-0.2,144,7682.285336
-0.2,144,7683.201169
-0.2,144,7683.201205
-0.6,144,7686.937961
-0.4,144,7686.938046
-0.6,144,7689.964079
-0.4,144,7689.964116
-0.6,144,7693.029951
-0.4,144,7693.029994
-0.2,144,7694.099943
-0.2,144,7694.099998
-0.2,144,7697.639985
-0.2,144,7697.640081
-0.6,144,7701.520813
-0.4,144,7701.520852
-0.6,144,7702.494839
-0.6,144,7702.494889
-0.6,144,7705.515018
-0.2,144,7705.51506
-0.2,144,7708.303446
-0.6,144,7708.303485
-0.6,144,7711.061062
-0.8,144,7711.061146
-0.2,144,7712.137379
-0.2,144,7712.137421
-0.2,144,7714.991791
-0.2,144,7714.991836
-0.2,144,7717.851893
-0.4,144,7717.851937
-0.6,144,7718.783612
-0.2,144,7718.783659
-0.6,144,7722.095506
-0.4,144,7722.095544
-0.2,144,7725.177888
-0.2,144,7725.177936
-0.6,144,7729.050853
-0.4,144,7729.050891
-0.4,144,7730.61721
-0.6,144,7730.617251
-0.2,144,7733.513636
-0.8,144,7733.513671
-0.4,144,7736.18364
-0.2,144,7736.183688
-0.2,144,7736.758704
-0.6,144,7736.758749
-0.6,144,7739.30065
-0.6,144,7739.300685
-0.2,144,7742.374975
-0.2,144,7742.375013
-0.2,144,7745.949258
-0.6,144,7745.949298
-0.2,144,7746.940046
-0.2,144,7746.940083
-0.2,144,7750.370352
-0.2,144,7750.370502
-0.6,144,7753.572041
-0.6,144,7753.572087
-0.6,144,7757.128904
-0.2,144,7757.128942
-1.0,144,7758.249305
-0.6,144,7758.249388
-0.2,144,7762.065681
-0.2,144,7762.065876
-0.2,144,7765.332541
-0.2,144,7765.33258
-0.2,144,7765.983923
-0.2,144,7765.984041
-0.6,144,7769.339933
-0.2,144,7769.339974
-0.2,144,7772.167629
-0.4,144,7772.167673
-0.2,144,7775.762066
-0.2,144,7775.762105
-0.4,144,7776.769163
-0.4,144,7776.769201
-0.2,144,7779.998067
-0.6,144,7779.998111
-0.2,144,7782.909812
-0.2,144,7782.909852
-0.6,144,7783.461924
-0.6,144,7783.462012
-0.6,144,7786.37639
-0.6,144,7786.37643
-0.6,144,7790.952237
-0.2,144,7790.952305
-0.2,144,7794.853945
-0.2,144,7794.853981
-0.2,144,7796.008734
-0.2,144,7796.008779
-1.0,144,7799.688696
-0.6,144,7799.688817
-0.2,144,7803.502123
-0.2,144,7803.50218
-0.8,144,7804.590685
-0.6,144,7804.590754
-0.2,144,7809.390089
-0.6,144,7809.39016
-0.6,144,7814.494508
-0.8,144,7814.494597
-0.2,144,7819.297155
-0.2,144,7819.297237
-0.6,144,7821.749888
-0.2,144,7821.750134
-0.2,144,7826.67947
-0.6,144,7826.679553
-0.2,144,7831.545153
-0.4,144,7831.545279
-0.2,144,7837.087699
-0.2,144,7837.087838
-0.6,144,7838.953256
-0.4,144,7838.953315
-0.2,144,7844.106107
-0.6,144,7844.106225
-1.0,144,7849.469704
-1.0,144,7849.469809
-0.6,144,7850.593654
-1.0,144,7850.593699
-0.2,144,7854.739875
-0.2,144,7854.739916
-0.6,144,7859.993086
-0.4,144,7859.993166
-0.6,144,7864.867482
-0.6,144,7864.867554
-0.6,144,7866.612481
-0.6,144,7866.612556
-0.2,144,7871.549881
-0.2,144,7871.549949
-0.4,144,7876.04273
-0.6,144,7876.042799
-0.4,144,7877.656909
-0.6,144,7877.656947
-0.2,144,7881.765095
-0.2,144,7881.76513
-0.6,144,7885.140104
-0.6,144,7885.140145
-0.2,144,7888.317144
-0.2,144,7888.317181
-0.2,144,7888.815331
-0.6,144,7888.815373
-0.6,144,7891.866352
-0.4,144,7891.866389
-0.2,144,7894.570074
-0.2,144,7894.570127
-0.4,144,7895.530605
-0.4,144,7895.530642
-0.2,144,7898.832982
-0.2,144,7898.833022
-0.2,144,7902.893955
-0.2,144,7902.893997
-0.2,144,7906.087404
-0.2,144,7906.087438
-0.4,144,7907.57219
-0.2,144,7907.572234
-0.2,144,7912.222264
-0.2,144,7912.222325
-0.2,144,7916.512686
-0.2,144,7916.512762
-0.2,144,7921.078894
-0.2,144,7921.078976
-0.6,144,7922.849175
-0.2,144,7922.849241
-0.6,144,7927.778366
-0.2,144,7927.778426
-0.2,144,7931.178388
-0.2,144,7931.178423
-0.2,144,7931.704358
-0.2,144,7931.704444
-1.0,144,7935.181018
-0.6,144,7935.181053
-0.6,144,7938.345205
-0.4,144,7938.345245
-0.2,144,7941.737812
-0.2,144,7941.73785
-0.6,144,7943.762213
-0.6,144,7943.762286
-1.4000001,144,7946.928983
-0.8,144,7946.929029
-1.0,144,7950.022371
-0.8,144,7950.022413
-0.2,144,7951.157556
-0.2,144,7951.157767
-0.6,144,7954.721294
-0.6,144,7954.721384
-0.2,144,7958.448626
-0.2,144,7958.448668
-0.4,144,7962.117751
-0.6,144,7962.11779
-0.6,144,7963.301681
-0.6,144,7963.301716
-0.2,144,7965.922284
-0.2,144,7965.922334
-0.4,144,7968.929051
-1.0,144,7968.929091
-0.6,144,7969.890882
-0.4,144,7969.890927
-0.2,144,7973.515425
-0.2,144,7973.515463
-1.0,144,7976.23965
-1.0,144,7976.239696
-0.2,144,7979.866617
-0.2,144,7979.866677
-0.6,144,7980.796311
-0.6,144,7980.796351
-0.6,144,7983.80058
-0.6,144,7983.800621
-1.0,144,7986.376955
-0.6,144,7986.377014
-1.0,144,7989.121006
-0.4,144,7989.121078
-0.2,144,7990.676492
-0.2,144,7990.676565
-0.2,144,7993.249897
-0.2,144,7993.249941
-0.4,144,7995.820205
-0.8,144,7995.82026
-0.6,144,7996.911529
-0.6,144,7996.911629
-0.2,144,8000.141338
-0.2,144,8000.141373
-0.4,144,8003.531408
-0.6,144,8003.531442
-0.2,144,8007.02761
-0.2,144,8007.027645
-0.4,144,8007.672215
-0.8,144,8007.672256
-0.2,144,8010.798366
-0.2,144,8010.798405
-0.6,144,8014.24304
-1.0,144,8014.243085
-0.8,144,8015.981792
-0.4,144,8015.981877
-0.2,144,8019.206289
-0.2,144,8019.206329
-0.6,144,8022.288131
-0.2,144,8022.288179
-1.0,144,8026.03781
-0.6,144,8026.037849
-0.8,144,8027.036673
-0.8,144,8027.036709
-0.2,144,8030.693507
-0.2,144,8030.693546
-0.6,144,8033.904713
-0.6,144,8033.904757
-0.2,144,8034.880089
-0.2,144,8034.880215
-0.2,144,8038.29687
-0.2,144,8038.297109
-1.2,144,8040.791578
-0.8,144,8040.791631
-0.2,144,8044.053107
-0.2,144,8044.05315
-0.6,144,8045.040346
-0.4,144,8045.040384
-0.6,144,8048.145637
-0.4,144,8048.145694
-0.2,144,8051.58191
-0.2,144,8051.581994
-0.6,144,8054.655667
-0.2,144,8054.655727
-0.6,144,8055.679803
-0.6,144,8055.679852
-0.2,144,8058.809895
-0.2,144,8058.809989
-0.2,144,8062.037851
-0.2,144,8062.037906
-0.4,144,8063.291548
-0.4,144,8063.291798
-0.2,144,8066.685807
-0.2,144,8066.687042
-0.6,144,8070.127409
-0.6,144,8070.127448
-0.8,144,8073.332
-0.8,144,8073.332066
-0.6,144,8074.306383
-0.6,144,8074.306418
-0.2,144,8077.600018
-0.2,144,8077.600059
-0.2,144,8081.574443
-0.2,144,8081.574478
-0.6,144,8082.706887
-0.4,144,8082.706925
-0.6,144,8084.993383
-0.2,144,8084.993422
-0.2,144,8089.610316
-0.2,144,8089.610356
-0.2,144,8092.926035
-0.2,144,8092.926114
-0.6,144,8093.991248
-0.2,144,8093.991317
-0.4,144,8097.634949
-0.6,144,8097.634985
-0.2,144,8100.705947
-0.2,144,8100.705987
-1.0,144,8101.665404
-0.8,144,8101.665439
-0.2,144,8104.333735
-0.2,144,8104.33378
-1.0,144,8107.35337
-0.6,144,8107.353409
-0.2,144,8110.902924
-0.4,144,8110.903125
-0.2,144,8112.234299
-0.2,144,8112.234335
-0.2,144,8114.502186
-0.2,144,8114.502231
-0.2,144,8117.727261
-0.2,144,8117.727365
-0.2,144,8121.64312
-0.4,144,8121.643163
-0.6,144,8122.30402
-0.2,144,8122.304671
-0.6,144,8124.514058
-0.6,144,8124.514092
-0.8,144,8126.916032
-1.6000001,144,8126.91607
-0.4,144,8127.892249
-0.6,144,8127.892287
-0.2,144,8130.494512
-0.2,144,8130.494554
-0.2,144,8132.846998
-0.2,144,8132.84705
-0.2,144,8135.195885
-0.6,144,8135.195925
-0.6,144,8135.704637
-0.6,144,8135.704674
-0.2,144,8139.115321
-0.6,144,8139.115356
-0.4,144,8142.613898
-0.2,144,8142.613933
-0.4,144,8143.158024
-0.4,144,8143.158095
-0.2,144,8147.030192
-0.6,144,8147.030255
-0.2,144,8150.765509
-0.2,144,8150.765549
-0.6,144,8153.784741
-0.4,144,8153.78478
-0.2,144,8154.312595
-0.2,144,8154.31266
-0.2,144,8156.175596
-0.2,144,8156.175638
-0.2,144,8158.592775
-0.2,144,8158.59281
-1.0,144,8159.602458
-1.0,144,8159.602491
-0.8,144,8161.341875
-0.8,144,8161.34191
-0.6,144,8163.449353
-0.4,144,8163.449398
-0.6,144,8165.747792
-0.6,144,8165.747827
-0.2,144,8166.23137
-0.2,144,8166.231405
-0.2,144,8168.139928
-0.2,144,8168.139984
-0.4,144,8170.155049
-0.6,144,8170.155089
-1.0,144,8172.599106
-0.6,144,8172.599145
-0.2,144,8173.094114
-0.2,144,8173.094151
-0.2,144,8175.158
-0.2,144,8175.158035
-0.2,144,8177.131933
-1.0,144,8177.131973
-0.2,144,8177.66519
-0.2,144,8177.665238
-0.2,144,8179.832934
-0.2,144,8179.83297
-0.2,144,8181.970025
-1.0,144,8181.970065
-0.2,144,8184.330178
-0.2,144,8184.330212
-0.2,144,8184.866299
-0.4,144,8184.866334
-0.2,144,8186.764299
-0.2,144,8186.764334
-1.2,144,8188.732224
-0.6,144,8188.732272
-0.2,144,8189.303014
-0.2,144,8189.303049
-0.6,144,8191.283289
-0.6,144,8191.283324
-0.6,144,8193.193004
-0.4,144,8193.193053
-0.2,144,8195.530117
-0.2,144,8195.530152
-0.2,144,8196.070931
-0.6,144,8196.070968
