#{"t_start": 1786480422.497421, "env_id": "None"}
r,l,t
-59.606384,144,4.676875
-102.39928,144,4.677532
-77.91858,144,6.675348
-79.61071,144,6.675382
-75.98058,144,8.695071
-66.28804,144,8.695104
-83.617,144,11.776429
-70.48343,144,11.776471
-58.471188,144,15.646188
-69.70121,144,15.646227
-73.4973,144,19.582631
-73.20292,144,19.582669
-62.452198,144,23.450574
-82.83713,144,23.450609
-70.95797,144,27.29657
-58.400497,144,27.296604
-70.474205,144,31.166083
-62.211567,144,31.166118
-80.58761,144,35.090441
-70.3245,144,35.090477
-86.859795,144,39.045551
-66.83364,144,39.045588
-74.06697,144,42.989412
-82.869675,144,42.989453
-60.419888,144,46.856509
-74.68253,144,46.856544
-61.156094,144,50.746291
-68.8313,144,50.746326
-71.22721,144,54.656849
-88.503235,144,54.656887
-65.86528,144,58.56803
-71.78801,144,58.568065
-74.4534,144,62.481128
-66.53954,144,62.481165
-66.08373,144,66.423522
-87.81673,144,66.423559
-73.82384,144,70.366529
-74.98525,144,70.366563
-78.96313,144,74.258143
-71.43478,144,74.258188
-68.20954,144,78.197643
-81.68051,144,78.197679
-95.94488,144,82.108154
-53.309406,144,82.108187
-84.14122,144,86.515632
-64.54097,144,86.515664
-73.05039,144,90.887913
-80.11987,144,90.887945
-90.63202,144,94.822626
-75.457596,144,94.822661
-64.84032,144,98.723342
-74.16316,144,98.723379
-54.900642,144,103.150165
-63.744995,144,103.150204
-72.34368,144,107.046229
-75.590065,144,107.04627
-75.96266,144,111.000664
-67.05162,144,111.000701
-68.93033,144,114.975752
-94.12807,144,114.975785
-49.251305,144,118.902482
-81.693146,144,118.902517
-57.59944,144,122.818186
-74.03206,144,122.818222
-69.9219,144,126.962148
-63.679226,144,126.962184
-52.280113,144,130.967117
-84.84557,144,130.967153
-82.961,144,134.958983
-63.06056,144,134.95902
-65.32227,144,138.917972
-66.98441,144,138.918007
-62.13186,144,142.890652
-66.3657,144,142.890689
-62.560177,144,146.863009
-63.018154,144,146.863048
-84.86394,144,150.87449
-54.756367,144,150.874525
-84.07767,144,154.885433
-60.227486,144,154.885469
-64.975395,144,158.90627
-96.763405,144,158.906307
-59.90068,144,162.915293
-66.106,144,162.915326
-73.22288,144,167.469995
-89.723625,144,167.470034
-61.10241,144,171.353198
-55.88499,144,171.353236
-76.766655,144,175.521099
-100.70648,144,175.521136
-89.572815,144,179.502746
-56.46712,144,179.502782
-66.24988,144,184.025612
-68.36761,144,184.02565
-90.51709,144,188.502888
-70.36486,144,188.502944
-80.67066,144,192.824026
-73.20986,144,192.824057
-69.636925,144,196.858724
-61.408543,144,196.858775
-74.79746,144,201.011326
-80.81496,144,201.011375
-59.997982,144,205.022214
-79.08953,144,205.022249
-59.999893,144,208.986766
-86.4639,144,208.986802
-83.020454,144,213.464113
-69.113434,144,213.464143
-69.24215,144,217.332904
-67.77195,144,217.33294
-61.80696,144,221.764725
-60.085194,144,221.764758
-64.260216,144,225.687439
-85.882095,144,225.687476
-68.77779,144,229.608313
-65.41687,144,229.608356
-86.89606,144,233.618122
-64.40488,144,233.618159
-75.09568,144,237.568203
-82.599014,144,237.568238
-73.58604,144,241.576985
-75.209335,144,241.577026
-75.59155,144,245.546706
-75.55609,144,245.546741
-62.747597,144,249.537457
-55.54287,144,249.537491
-85.96691,144,253.537889
-76.318016,144,253.537923
-67.54684,144,257.503068
-70.36521,144,257.503104
-68.63202,144,261.993198
-82.4698,144,261.993231
-68.283,144,265.93238
-70.96854,144,265.932415
-71.88846,144,270.399359
-67.27238,144,270.399396
-73.99566,144,274.328474
-81.57081,144,274.328517
-76.19414,144,278.352176
-63.170193,144,278.352211
-73.76987,144,282.340912
-66.29699,144,282.340947
-63.981117,144,286.295556
-72.89812,144,286.295593
-83.423874,144,290.794646
-67.101166,144,290.794684
-68.31005,144,294.745389
-76.919014,144,294.745425
-74.604126,144,299.362981
-70.45587,144,299.363017
-68.520935,144,303.36651
-100.368645,144,303.366546
-73.91215,144,307.957101
-75.747,144,307.957141
-69.28141,144,312.002916
-63.967964,144,312.002955
-79.440384,144,316.113757
-72.39047,144,316.113827
-70.124954,144,320.217674
-62.03158,144,320.217711
-70.130104,144,324.296108
-64.99257,144,324.296146
-66.71956,144,328.463273
-98.58134,144,328.46331
-68.48548,144,332.603299
-83.07043,144,332.603335
-63.93561,144,336.708098
-65.51917,144,336.708148
-95.27964,144,340.862736
-65.82342,144,340.862772
-68.14772,144,345.005104
-94.403275,144,345.005157
-67.953896,144,349.808686
-65.989876,144,349.808723
-64.10279,144,354.070935
-77.6015,144,354.070996
-77.65942,144,358.851378
-60.341965,144,358.85142
-78.03802,144,362.985797
-76.42166,144,362.985831
-88.55943,144,367.047286
-70.30372,144,367.047319
-72.5081,144,371.9998
-63.26392,144,371.999832
-70.49204,144,376.103465
-67.98475,144,376.1035
-79.57012,144,380.887966
-62.981773,144,380.888
-63.39712,144,384.930192
-77.464066,144,384.930227
-70.81595,144,389.128153
-75.63958,144,389.128201
-59.453144,144,393.193629
-83.38435,144,393.193667
-68.32127,144,397.311575
-76.41881,144,397.311615
-66.63101,144,401.593513
-72.57513,144,401.593551
-61.25424,144,406.376665
-64.25396,144,406.376698
-84.9978,144,410.546149
-74.58588,144,410.546183
-75.77915,144,414.629138
-72.09743,144,414.629178
-86.132,144,418.774379
-54.591682,144,418.774444
-54.645763,144,423.074625
-58.607815,144,423.074661
-97.133446,144,427.142094
-80.61358,144,427.14213
-105.18941,144,431.151952
-80.853615,144,431.151988
-71.99629,144,436.083356
-68.813255,144,436.083393
-70.01314,144,440.848659
-71.99675,144,440.848694
-73.74187,144,445.183308
-81.95449,144,445.183357
-58.46626,144,449.723342
-83.91383,144,449.723391
-86.02344,144,454.193011
-55.984013,144,454.193053
-68.27064,144,458.650177
-72.10474,144,458.650227
-62.560436,144,463.470468
-76.230705,144,463.470502
-79.65721,144,467.833788
-87.37377,144,467.833835
-71.62374,144,472.194101
-57.685944,144,472.19416
-72.08522,144,477.030555
-73.05324,144,477.030587
-61.017044,144,481.313016
-55.65382,144,481.313068
-67.93981,144,486.230325
-74.287926,144,486.230361
-62.697018,144,490.529126
-82.94737,144,490.52916
-80.378395,144,494.610184
-65.16713,144,494.610224
-65.20814,144,498.576207
-45.421238,144,498.57625
-72.135445,144,502.621518
-66.873985,144,502.621554
-62.269047,144,506.610756
-74.59473,144,506.610794
-58.72911,144,510.61344
-84.79664,144,510.613477
-85.618164,144,514.625564
-68.27094,144,514.625599
-97.581245,144,518.663771
-79.92304,144,518.663808
-59.504913,144,522.689134
-68.36793,144,522.689169
-67.6721,144,527.167818
-63.724567,144,527.16785
-81.851265,144,531.143128
-80.841995,144,531.143164
-65.18806,144,535.158564
-66.559906,144,535.158606
-77.433495,144,539.201274
-74.60621,144,539.201311
-71.30961,144,543.261697
-85.42653,144,543.261733
-65.73992,144,547.26748
-58.023457,144,547.267516
-69.94038,144,551.2999
-82.03717,144,551.299934
-68.311195,144,555.312074
-65.56433,144,555.312119
-73.14376,144,559.350118
-68.61357,144,559.350155
-61.538944,144,563.362541
-74.9351,144,563.362578
-59.75933,144,567.344826
-62.89085,144,567.344864
-57.246983,144,571.298337
-80.756454,144,571.298372
-111.80739,144,575.839467
-71.54468,144,575.8395
-66.730675,144,579.746956
-65.61057,144,579.746993
-68.530334,144,583.788157
-73.49868,144,583.788193
-79.47959,144,587.809021
-65.031845,144,587.809058
-47.275146,144,591.787303
-81.12074,144,591.78734
-68.215195,144,595.796843
-64.05667,144,595.796881
-66.79621,144,599.791922
-74.182594,144,599.791957
-63.783756,144,603.815519
-58.69532,144,603.815555
-63.349705,144,607.816455
-60.17019,144,607.816497
-77.51157,144,612.307442
-74.164345,144,612.307474
-67.73444,144,616.228175
-70.58033,144,616.228208
-62.869015,144,620.246727
-59.236538,144,620.246762
-58.25091,144,624.261966
-70.72484,144,624.262004
-69.87344,144,628.244856
-74.72832,144,628.244889
-60.434296,144,632.291266
-83.24686,144,632.291301
-79.78232,144,636.41267
-67.178505,144,636.412708
-66.85198,144,640.423267
-64.14821,144,640.423312
-75.10706,144,644.420263
-80.486694,144,644.420299
-81.9871,144,648.457247
-89.77798,144,648.457283
-74.12645,144,652.455813
-77.682495,144,652.45585
-54.66137,144,656.43714
-64.65358,144,656.437176
-70.55141,144,660.383508
-61.082466,144,660.383541
-62.245514,144,664.353892
-59.651794,144,664.353933
-70.84698,144,668.374224
-63.47741,144,668.374259
-66.61908,144,672.384234
-70.626785,144,672.384271
-97.612915,144,676.41847
-56.798164,144,676.418503
-68.04978,144,680.454913
-79.0303,144,680.454949
-96.69453,144,684.503193
-60.463722,144,684.503229
-55.18099,144,688.523947
-66.1053,144,688.523984
-70.37894,144,692.58042
-70.37449,144,692.580455
-81.89784,144,696.616308
-60.571194,144,696.616354
-85.53971,144,700.660505
-59.04055,144,700.660542
-69.85166,144,705.005079
-49.736725,144,705.005118
-81.00769,144,708.985601
-57.123627,144,708.985636
-61.821156,144,713.073799
-86.13427,144,713.073835
-68.530235,144,717.125407
-68.7624,144,717.125444
-70.05924,144,721.096932
-67.80563,144,721.096968
-71.891365,144,725.105627
-61.291584,144,725.105664
-106.05933,144,729.167915
-65.26285,144,729.16795
-54.51755,144,733.138776
-80.455795,144,733.13881
-82.90762,144,737.178392
-65.79741,144,737.178427
-64.34025,144,741.190299
-57.857346,144,741.190333
-87.67122,144,745.186606
-67.45346,144,745.186645
-74.31333,144,749.192716
-55.33358,144,749.192753
-90.145584,144,753.214392
-67.46117,144,753.214432
-53.5425,144,757.219746
-76.10979,144,757.219786
-85.25835,144,761.219901
-73.72596,144,761.219937
-75.58443,144,765.211643
-60.12411,144,765.211681
-86.28323,144,769.201562
-63.368435,144,769.201598
-98.78808,144,773.261196
-77.10973,144,773.26126
-64.679,144,777.275799
-59.842464,144,777.275834
-78.20746,144,781.255497
-67.32752,144,781.255532
-68.12658,144,785.221337
-77.38239,144,785.221371
-80.15932,144,789.248992
-88.51368,144,789.249027
-73.01337,144,794.10682
-64.14992,144,794.106852
-67.65673,144,798.722864
-76.4978,144,798.722896
-68.178696,144,803.350438
-66.9158,144,803.350469
-67.7027,144,807.975634
-65.11725,144,807.97567
-67.862236,144,811.846168
-63.29413,144,811.846205
-61.243515,144,816.013321
-67.89615,144,816.013355
-59.579826,144,820.221887
-61.643494,144,820.221936
-64.39789,144,824.837098
-63.6662,144,824.837131
-69.29924,144,828.957809
-104.63594,144,828.957859
-65.78956,144,833.037105
-67.983025,144,833.037142
-63.904236,144,837.03686
-63.79184,144,837.036895
-77.5624,144,841.023163
-69.73494,144,841.023198
-66.72017,144,845.029346
-64.19168,144,845.02938
-72.61888,144,849.028132
-80.61403,144,849.028167
-67.52572,144,853.000291
-75.42511,144,853.000327
-75.40451,144,857.046042
-77.68077,144,857.046084
-76.697586,144,861.062575
-64.39859,144,861.06261
-68.30233,144,865.204794
-82.21397,144,865.204836
-63.718525,144,869.707938
-63.1917,144,869.707973
-63.033825,144,874.169644
-68.956764,144,874.169676
-70.63689,144,878.118459
-77.80042,144,878.118493
-59.07239,144,882.121036
-67.810776,144,882.12107
-65.90702,144,886.128422
-57.614216,144,886.128454
-69.82669,144,890.663816
-73.69361,144,890.663856
-70.74964,144,894.609441
-77.35813,144,894.609479
-79.64347,144,898.608119
-79.98844,144,898.608156
-72.756226,144,902.643455
-61.804306,144,902.643493
-92.767075,144,906.709825
-66.15336,144,906.709862
-79.19325,144,910.778405
-74.65578,144,910.778442
-77.80566,144,914.828676
-66.49043,144,914.828717
-54.21733,144,918.838085
-68.862526,144,918.83812
-70.69074,144,922.843753
-66.78021,144,922.843787
-67.24519,144,926.860182
-81.161644,144,926.860218
-56.31743,144,930.858265
-68.386734,144,930.8583
-91.61652,144,934.875758
-72.86163,144,934.875793
-71.11648,144,938.919872
-89.91511,144,938.919906
-59.115948,144,942.95267
-72.25124,144,942.952705
-55.65143,144,946.980338
-69.487144,144,946.980372
-58.564823,144,950.968436
-64.666626,144,950.968473
-64.32874,144,954.958005
-52.572834,144,954.958041
-83.015335,144,958.969398
-73.937,144,958.969437
-77.69133,144,962.958193
-71.050606,144,962.958228
-65.48749,144,967.448405
-74.64333,144,967.448438
-54.73378,144,971.377208
-73.16231,144,971.377246
-74.55893,144,975.43029
-79.50295,144,975.430329
-69.59782,144,979.423506
-71.85867,144,979.423545
-59.54059,144,983.465438
-65.01458,144,983.465472
-66.56259,144,987.454488
-73.50828,144,987.454522
-56.71244,144,991.469294
-78.49485,144,991.469329
-57.57775,144,995.418719
-59.258076,144,995.418755
-74.7545,144,999.523186
-58.768894,144,999.523229
-75.52514,144,1003.50724
-62.90056,144,1003.507275
-82.24282,144,1007.56473
-71.561134,144,1007.564765
-62.536148,144,1011.614564
-76.59596,144,1011.6146
-69.53647,144,1015.646291
-71.18578,144,1015.646332
-89.38516,144,1019.665438
-74.2697,144,1019.665475
-77.2764,144,1023.747154
-116.20004,144,1023.747188
-57.01567,144,1027.753646
-54.794933,144,1027.753682
-83.028694,144,1031.781943
-64.97266,144,1031.781978
-75.00911,144,1035.795049
-71.029144,144,1035.795086
-67.14201,144,1040.332243
-64.52484,144,1040.332278
-77.09096,144,1044.293785
-63.01547,144,1044.293823
-100.37767,144,1048.820165
-56.431305,144,1048.820201
-63.6895,144,1053.230247
-66.7386,144,1053.23028
-68.328384,144,1057.235848
-61.02308,144,1057.235884
-69.513626,144,1061.304495
-67.62003,144,1061.30453
-70.19136,144,1065.364394
-67.92686,144,1065.364431
-83.48925,144,1069.919792
-57.98891,144,1069.919825
-58.938557,144,1073.83106
-62.12818,144,1073.831099
-60.331802,144,1077.843761
-67.980255,144,1077.843794
-94.05024,144,1081.850319
-74.73193,144,1081.850353
-66.05283,144,1085.865628
-60.900753,144,1085.86567
-59.58988,144,1089.877731
-77.40136,144,1089.877766
-70.26154,144,1093.891314
-68.50084,144,1093.891349
-63.160564,144,1097.926202
-71.734055,144,1097.92624
-66.68407,144,1101.981983
-76.293304,144,1101.98202
-77.82533,144,1105.960697
-67.01559,144,1105.960735
-55.72732,144,1109.951352
-74.92162,144,1109.951387
-70.46034,144,1113.926532
-69.36117,144,1113.926567
-62.294647,144,1117.953394
-72.57849,144,1117.953429
-80.23291,144,1122.017044
-106.56474,144,1122.017082
-71.99432,144,1126.035448
-64.56411,144,1126.035485
-76.62882,144,1130.094211
-85.36521,144,1130.094248
-61.913395,144,1134.097278
-70.567474,144,1134.097314
-66.92426,144,1138.111473
-74.4589,144,1138.111509
-61.768536,144,1142.120676
-58.877052,144,1142.120717
-89.74601,144,1146.151669
-72.8756,144,1146.151705
-63.388134,144,1150.147934
-77.95958,144,1150.14797
-62.772503,144,1154.155028
-63.68882,144,1154.155066
-59.13385,144,1158.18934
-74.96748,144,1158.189375
-71.2651,144,1162.186893
-63.930412,144,1162.186933
-65.316765,144,1166.178853
-66.276924,144,1166.178889
-57.566113,144,1170.186559
-67.71487,144,1170.186595
-63.483093,144,1174.177059
-65.2033,144,1174.177094
-53.64169,144,1178.241989
-88.51678,144,1178.242028
-65.9616,144,1182.254812
-63.49397,144,1182.25485
-60.322212,144,1186.270347
-66.15613,144,1186.270385
-66.340935,144,1190.377712
-56.694233,144,1190.377748
-72.60606,144,1194.429647
-76.457886,144,1194.429683
-85.29914,144,1198.487886
-61.0808,144,1198.487922
-65.86155,144,1202.520131
-64.48269,144,1202.520167
-56.63105,144,1206.988159
-59.762447,144,1206.988193
-67.12947,144,1210.928762
-65.72889,144,1210.928799
-74.913025,144,1214.968155
-63.340992,144,1214.96819
-62.898758,144,1218.963579
-60.547237,144,1218.963614
-78.79751,144,1223.493562
-78.88172,144,1223.493594
-86.7188,144,1227.456094
-59.140835,144,1227.456126
-67.61292,144,1231.455415
-58.664288,144,1231.455451
-63.142937,144,1235.483325
-80.61115,144,1235.483358
-58.914917,144,1239.53663
-80.87496,144,1239.536664
-87.5312,144,1243.513236
-53.82027,144,1243.513268
-75.43033,144,1247.564717
-68.06963,144,1247.564752
-73.8716,144,1251.641004
-76.380325,144,1251.64104
-82.24561,144,1255.682763
-60.060223,144,1255.682801
-68.340576,144,1259.755583
-57.586987,144,1259.75562
-63.758766,144,1263.811507
-57.875633,144,1263.811543
-56.01953,144,1267.837178
-65.508896,144,1267.837214
-55.46038,144,1271.843188
-57.01601,144,1271.843224
-78.06282,144,1275.899967
-62.82431,144,1275.900008
-48.438354,144,1279.898
-66.3705,144,1279.898031
-87.27833,144,1283.924056
-72.97824,144,1283.924091
-93.16464,144,1287.979465
-73.33472,144,1287.979505
-87.294754,144,1292.019726
-70.970505,144,1292.019762
-66.98803,144,1295.999157
-60.309277,144,1295.999198
-71.196625,144,1300.018655
-60.94298,144,1300.018692
-64.11418,144,1304.053167
-54.75064,144,1304.053203
-89.07185,144,1308.099214
-81.36601,144,1308.099251
-73.53744,144,1312.101415
-64.90376,144,1312.101512
-105.877754,144,1316.130651
-59.79712,144,1316.130693
-76.97981,144,1320.125754
-68.30533,144,1320.125787
-54.666927,144,1324.127317
-71.08079,144,1324.127357
-65.60328,144,1328.164196
-75.37507,144,1328.16423
-65.077644,144,1332.166916
-68.11758,144,1332.166953
-54.285065,144,1336.230133
-68.717545,144,1336.230167
-76.0153,144,1340.288054
-69.56578,144,1340.28809
-65.03683,144,1344.4446
-60.86332,144,1344.444632
-58.93967,144,1348.427525
-59.3205,144,1348.427559
-69.20967,144,1352.489357
-78.00045,144,1352.489395
-81.24176,144,1356.614164
-86.64892,144,1356.614199
-54.965202,144,1360.642356
-63.877327,144,1360.642395
-89.27896,144,1364.653445
-56.2451,144,1364.653479
-56.851593,144,1368.668398
-61.888412,144,1368.668434
-64.01724,144,1372.684885
-80.74709,144,1372.684924
-68.87273,144,1376.692605
-57.881226,144,1376.692641
-66.537476,144,1380.670306
-55.279613,144,1380.670342
-69.60414,144,1384.682721
-65.95498,144,1384.682757
-56.502583,144,1388.768061
-65.76811,144,1388.768095
-120.49301,144,1392.876922
-76.09223,144,1392.876959
-62.0114,144,1396.878789
-63.83268,144,1396.878823
-76.25371,144,1401.443086
-67.10457,144,1401.443116
-80.632355,144,1405.445017
-67.168625,144,1405.445055
-81.95119,144,1409.996531
-75.08625,144,1409.996563
-67.85939,144,1413.93302
-77.2454,144,1413.933054
-64.045555,144,1417.925655
-54.99395,144,1417.925691
-77.597466,144,1421.956449
-74.613464,144,1421.956484
-61.382122,144,1426.008917
-74.53282,144,1426.008955
-70.78991,144,1430.032026
-75.64043,144,1430.032059
-70.02103,144,1434.017877
-62.78026,144,1434.017916
-61.24841,144,1438.057606
-72.56445,144,1438.057638
-69.2335,144,1442.063193
-69.62724,144,1442.063228
-57.902233,144,1446.072041
-61.287746,144,1446.072077
-73.75929,144,1450.105997
-66.28058,144,1450.106035
-77.62004,144,1454.645095
-82.73013,144,1454.64513
-68.60958,144,1458.679632
-78.08401,144,1458.679668
-69.16608,144,1462.70878
-46.65757,144,1462.708813
-76.59431,144,1466.728045
-68.70318,144,1466.728093
-82.27277,144,1470.739127
-80.17755,144,1470.739164
-61.14384,144,1474.768042
-62.926544,144,1474.768079
-57.28058,144,1479.295732
-77.6743,144,1479.295764
-73.94045,144,1483.288914
-89.61185,144,1483.288955
-57.489025,144,1487.303202
-84.52348,144,1487.303238
-64.41472,144,1491.288068
-63.65297,144,1491.288104
-80.28796,144,1495.325658
-96.17163,144,1495.325695
-57.603195,144,1499.326894
-61.859684,144,1499.326928
-54.135548,144,1503.316147
-71.55491,144,1503.316181
-72.87537,144,1507.278793
-66.86579,144,1507.278828
-63.303978,144,1511.260053
-68.09377,144,1511.260089
-62.742435,144,1515.229277
-57.161343,144,1515.22931
-64.58176,144,1519.223862
-61.588875,144,1519.223898
-76.504745,144,1523.218289
-61.565647,144,1523.218323
-89.078514,144,1527.329989
-95.591805,144,1527.330027
-68.99395,144,1531.331566
-71.04498,144,1531.331601
-77.94225,144,1535.346611
-69.173,144,1535.346646
-74.66232,144,1539.376877
-89.55678,144,1539.376915
-69.861946,144,1543.89176
-75.51708,144,1543.891808
-70.90632,144,1547.847947
-70.11734,144,1547.847983
-58.41669,144,1551.808783
-70.04937,144,1551.808817
-77.71411,144,1555.832272
-64.14319,144,1555.832309
-65.16781,144,1559.833441
-62.275173,144,1559.833477
-76.38769,144,1564.38971
-70.53191,144,1564.389746
-71.33064,144,1568.356327
-63.678062,144,1568.356364
-63.137627,144,1572.382926
-64.01177,144,1572.382961
-68.28551,144,1576.392817
-72.1723,144,1576.392853
-92.675934,144,1580.433018
-67.15637,144,1580.433054
-49.087376,144,1584.432707
-53.085663,144,1584.43274
-75.30859,144,1588.462105
-60.837162,144,1588.462145
-68.46698,144,1592.460596
-57.043793,144,1592.460631
-67.505135,144,1596.508106
-55.483253,144,1596.50814
-63.061314,144,1600.988291
-54.00731,144,1600.988322
-54.794838,144,1604.900439
-52.61089,144,1604.900477
-76.42434,144,1608.926085
-66.87205,144,1608.926125
-71.700226,144,1612.928144
-63.084663,144,1612.92818
-60.867622,144,1616.911482
-64.8243,144,1616.911517
-58.71921,144,1620.911965
-59.971317,144,1620.912
-54.421764,144,1624.904939
-67.900246,144,1624.904977
-67.13466,144,1629.419962
-64.74976,144,1629.419993
-72.78843,144,1633.351598
-66.05465,144,1633.351634
-62.097393,144,1637.33463
-68.63903,144,1637.334663
-77.532715,144,1641.384736
-59.185696,144,1641.384768
-59.985123,144,1645.413071
-69.342865,144,1645.413108
-73.59538,144,1649.37712
-60.476772,144,1649.377158
-48.518456,144,1653.363649
-68.79191,144,1653.363697
-60.019634,144,1657.375114
-69.74755,144,1657.375149
-65.112686,144,1661.903127
-59.208504,144,1661.903158
-66.15551,144,1665.83525
-79.88992,144,1665.835283
-61.284546,144,1669.79884
-56.20323,144,1669.798879
-64.07231,144,1674.279672
-59.51288,144,1674.279705
-68.266685,144,1678.200705
-73.086075,144,1678.200743
-61.311043,144,1682.220634
-59.605274,144,1682.220667
-74.79023,144,1686.242419
-64.78298,144,1686.242454
-81.44298,144,1690.220937
-71.120094,144,1690.22097
-69.68741,144,1694.289925
-59.597973,144,1694.289963
-73.005844,144,1698.320972
-65.07222,144,1698.321009
-59.492058,144,1702.345463
-67.61281,144,1702.345499
-71.86494,144,1706.383463
-76.13004,144,1706.3835
-58.64745,144,1710.372344
-73.40352,144,1710.37238
-53.26523,144,1714.470257
-56.24452,144,1714.470309
-62.29874,144,1718.66242
-71.75393,144,1718.662482
-58.22657,144,1722.821062
-59.471657,144,1722.82112
-59.184967,144,1727.512012
-73.04061,144,1727.512044
-65.13174,144,1731.548596
-68.90535,144,1731.54863
-91.22128,144,1735.570708
-83.340904,144,1735.570748
-69.99134,144,1739.596838
-69.23844,144,1739.596873
-69.639946,144,1744.140743
-70.75175,144,1744.140776
-53.70363,144,1748.092047
-81.43279,144,1748.092083
-57.56253,144,1752.07004
-61.273567,144,1752.070082
-59.59611,144,1756.087226
-68.78502,144,1756.08726
-70.8682,144,1760.185158
-63.96974,144,1760.185197
-97.900276,144,1764.316162
-73.738785,144,1764.316196
-70.08965,144,1768.313038
-57.69933,144,1768.313072
-62.69176,144,1772.860925
-71.36949,144,1772.860959
-62.77098,144,1777.498524
-62.370552,144,1777.498559
-89.63311,144,1782.134094
-66.26767,144,1782.134125
-66.00561,144,1786.244321
-74.17389,144,1786.244372
-95.52504,144,1790.903711
-88.65877,144,1790.903743
-58.35804,144,1794.836524
-61.83152,144,1794.836562
-60.05314,144,1798.847598
-62.365944,144,1798.847634
-75.6427,144,1802.888394
-72.934296,144,1802.888428
-54.11953,144,1806.868583
-55.290264,144,1806.868618
-68.6056,144,1810.912152
-65.56808,144,1810.912195
-60.76521,144,1814.900319
-55.018803,144,1814.900354
-71.04461,144,1818.911682
-66.31531,144,1818.911717
-52.56775,144,1822.930987
-67.310646,144,1822.931029
-64.32419,144,1827.405049
-77.083916,144,1827.405086
-51.48353,144,1831.277948
-51.654984,144,1831.277984
-62.12926,144,1835.288009
-74.74258,144,1835.288044
-64.822556,144,1839.276912
-50.417587,144,1839.276947
-77.83809,144,1843.293926
-76.445465,144,1843.29396
-59.226265,144,1847.273155
-63.680305,144,1847.273193
-66.32297,144,1851.272492
-67.446846,144,1851.272531
-85.680435,144,1855.302633
-70.76945,144,1855.302671
-66.57826,144,1859.314826
-68.73781,144,1859.314861
-69.85447,144,1863.294914
-68.091934,144,1863.29495
-69.56162,144,1867.266081
-64.74285,144,1867.266119
-70.2947,144,1871.352545
-70.35041,144,1871.352582
-69.20289,144,1875.332077
-60.853508,144,1875.33211
-83.295555,144,1879.840814
-70.98717,144,1879.840852
-68.11562,144,1883.731696
-62.991318,144,1883.731733
-61.44407,144,1887.709055
-67.515656,144,1887.709094
-65.09829,144,1891.72848
-61.521908,144,1891.728519
-79.51986,144,1895.842193
-78.68275,144,1895.842228
-59.0816,144,1899.874302
-80.19945,144,1899.874339
-65.64809,144,1904.389757
-65.7903,144,1904.38979
-53.05523,144,1908.322696
-77.58361,144,1908.322731
-68.88346,144,1912.357145
-66.4988,144,1912.357178
-69.238464,144,1916.334038
-74.98778,144,1916.334077
-60.229485,144,1920.313129
-69.716934,144,1920.313166
-69.82643,144,1924.384141
-81.34399,144,1924.384174
-58.94201,144,1928.401894
-58.799397,144,1928.401935
-59.432095,144,1932.437278
-78.07605,144,1932.437314
-67.62148,144,1936.430197
-67.25874,144,1936.430234
-63.281425,144,1940.46042
-59.438267,144,1940.460457
-58.25511,144,1944.468543
-60.819202,144,1944.46858
-62.502438,144,1948.481823
-71.25049,144,1948.481858
-82.57281,144,1952.507519
-71.11346,144,1952.507554
-75.76709,144,1956.53097
-53.01233,144,1956.531003
-66.8286,144,1960.588745
-93.12627,144,1960.588781
-65.011734,144,1964.63481
-78.53762,144,1964.634849
-98.263435,144,1969.172529
-73.47566,144,1969.172562
-70.548416,144,1973.157228
-81.61026,144,1973.157261
-83.99486,144,1977.173692
-89.92528,144,1977.173726
-76.4074,144,1981.613103
-57.656597,144,1981.613135
-59.67758,144,1985.521631
-59.928757,144,1985.521665
-63.399254,144,1989.535602
-61.18469,144,1989.535639
-59.13808,144,1993.538986
-71.98683,144,1993.539035
-60.65843,144,1997.536844
-65.183,144,1997.536881
-70.002754,144,2001.550326
-67.47718,144,2001.550361
-65.6383,144,2006.070821
-77.319916,144,2006.070852
-65.267525,144,2010.073345
-63.156303,144,2010.073378
-62.45499,144,2014.364697
-53.50947,144,2014.364733
-92.10253,144,2018.43461
-76.468666,144,2018.434654
-63.863888,144,2022.460011
-66.901344,144,2022.460046
-68.71386,144,2026.490276
-61.71478,144,2026.490312
-69.308846,144,2030.609142
-74.46295,144,2030.60918
-57.28264,144,2034.610185
-62.59744,144,2034.610222
-62.229774,144,2038.652403
-91.68701,144,2038.652441
-66.48288,144,2042.653516
-67.555725,144,2042.653548
-66.87153,144,2046.686523
-82.64113,144,2046.686558
-87.839066,144,2050.73133
-67.85323,144,2050.731366
-60.65886,144,2054.727982
-60.697525,144,2054.728019
-63.445408,144,2058.763066
-70.4228,144,2058.763102
-61.153008,144,2062.761909
-66.88982,144,2062.761946
-68.34102,144,2066.756932
-62.399128,144,2066.756967
-62.975464,144,2070.761336
-72.681335,144,2070.761371
-77.522385,144,2074.773775
-53.870235,144,2074.77381
-56.609844,144,2078.803159
-71.51075,144,2078.803194
-71.221214,144,2082.83694
-60.937992,144,2082.836975
-81.259834,144,2086.858761
-62.161045,144,2086.858796
-57.689186,144,2090.861179
-55.711544,144,2090.861214
-69.880905,144,2094.882252
-54.64302,144,2094.882286
-83.97048,144,2098.949365
-83.56254,144,2098.949399
-69.9391,144,2102.959177
-76.08123,144,2102.959212
-65.903244,144,2107.004792
-64.14588,144,2107.004826
-57.82849,144,2111.02948
-72.23687,144,2111.029517
-70.429665,144,2115.080924
-56.033665,144,2115.080961
-53.855354,144,2119.102533
-62.202503,144,2119.10257
-85.580925,144,2123.169106
-52.36851,144,2123.169153
-72.19868,144,2127.207659
-68.35657,144,2127.207693
-62.143143,144,2131.217099
-72.91531,144,2131.217139
-55.39681,144,2135.263595
-73.62907,144,2135.263633
-60.885174,144,2139.300923
-47.694366,144,2139.30096
-68.71476,144,2143.319203
-61.935688,144,2143.31924
-59.03861,144,2147.329103
-61.108524,144,2147.329143
-62.92149,144,2151.355366
-60.32817,144,2151.355405
-64.313065,144,2155.438883
-83.86969,144,2155.43892
-88.68427,144,2159.462575
-66.23419,144,2159.462614
-80.40926,144,2163.538675
-57.38136,144,2163.538709
-54.819363,144,2167.569127
-70.7381,144,2167.569162
-65.86074,144,2171.633744
-72.79411,144,2171.633785
-58.85795,144,2175.683954
-80.781525,144,2175.683989
-74.011856,144,2179.749586
-79.52347,144,2179.749624
-59.957783,144,2183.763623
-56.166084,144,2183.763662
-64.86058,144,2187.796976
-63.72369,144,2187.797011
-60.637596,144,2191.812033
-81.8114,144,2191.812069
-79.68825,144,2195.82435
-65.2509,144,2195.824389
-64.692444,144,2199.856423
-62.374508,144,2199.85646
-57.01292,144,2203.881048
-62.472435,144,2203.881086
-64.42895,144,2207.941028
-83.54697,144,2207.941066
-54.147423,144,2211.971217
-58.605892,144,2211.971254
-66.01114,144,2216.041112
-69.70473,144,2216.041146
-73.46668,144,2220.057846
-70.18006,144,2220.057881
-68.250694,144,2224.055243
-74.93374,144,2224.05528
-62.619297,144,2228.11763
-75.35876,144,2228.117668
-82.486824,144,2232.125712
-53.268715,144,2232.125746
-78.03113,144,2236.125244
-69.732574,144,2236.125281
-71.362045,144,2240.146664
-69.98726,144,2240.1467
-53.449986,144,2244.18612
-67.402626,144,2244.186177
-60.431602,144,2248.162825
-48.829975,144,2248.16286
-66.7521,144,2252.132605
-60.59286,144,2252.13264
-66.00356,144,2256.270495
-69.39024,144,2256.27053
-60.96047,144,2260.274279
-68.25202,144,2260.274315
-70.02534,144,2264.274145
-68.756485,144,2264.274183
-53.79469,144,2268.248287
-69.66534,144,2268.248322
-58.80942,144,2272.262958
-56.5705,144,2272.262995
-58.924435,144,2276.285076
-57.85553,144,2276.285112
-63.5603,144,2280.305981
-64.37349,144,2280.306013
-60.425774,144,2284.303895
-56.253704,144,2284.303932
-64.75785,144,2288.33795
-62.389957,144,2288.337987
-68.909294,144,2292.365791
-57.589333,144,2292.365824
-66.97448,144,2296.395726
-66.737724,144,2296.395761
-75.90832,144,2300.453775
-70.57159,144,2300.453811
-62.018196,144,2304.975193
-59.259945,144,2304.975231
-66.79072,144,2308.919577
-60.62832,144,2308.919613
-70.30053,144,2312.891447
-60.631702,144,2312.891483
-77.29403,144,2316.937338
-66.4772,144,2316.937375
-53.10932,144,2320.958606
-75.188835,144,2320.958642
-73.35063,144,2325.022334
-81.25169,144,2325.022368
-67.11458,144,2329.076262
-73.62871,144,2329.076297
-78.42962,144,2333.166364
-73.37076,144,2333.166401
-63.408054,144,2337.232998
-72.31319,144,2337.233032
-76.1376,144,2341.243107
-61.522373,144,2341.243145
-64.42856,144,2345.766939
-48.091705,144,2345.76698
-79.002235,144,2349.716779
-83.45484,144,2349.716817
-62.540066,144,2353.767774
-69.42496,144,2353.767809
-65.976906,144,2357.809475
-79.237434,144,2357.809511
-74.85482,144,2361.842623
-57.717022,144,2361.842655
-63.009785,144,2365.833461
-64.2972,144,2365.833495
-64.923744,144,2369.781805
-70.79262,144,2369.781839
-74.57468,144,2373.793277
-72.52876,144,2373.793312
-78.97854,144,2377.780749
-65.63614,144,2377.780787
-64.84509,144,2381.7722
-62.969223,144,2381.772237
-62.29598,144,2385.765375
-63.453003,144,2385.765411
-65.10034,144,2389.760544
-63.222588,144,2389.76058
-64.33918,144,2393.731726
-65.54447,144,2393.731761
-62.700783,144,2397.738963
-71.81938,144,2397.738999
-60.997093,144,2402.238631
-63.819153,144,2402.238667
-68.496284,144,2406.159265
-66.93918,144,2406.1593
-53.07594,144,2410.228644
-76.33082,144,2410.228681
-80.29241,144,2414.240802
-65.16308,144,2414.240839
-69.74681,144,2418.22273
-56.96277,144,2418.222766
-73.161865,144,2422.253215
-66.2251,144,2422.253253
-60.073853,144,2426.312353
-65.45855,144,2426.312386
-76.074524,144,2430.338212
-58.73257,144,2430.338246
-69.8848,144,2434.396761
-70.680855,144,2434.396799
-57.19476,144,2438.458789
-67.69949,144,2438.458826
-66.2615,144,2442.461929
-67.19585,144,2442.461964
-68.98419,144,2446.517963
-63.6969,144,2446.517997
-68.66197,144,2450.557184
-55.947704,144,2450.557219
-65.17236,144,2454.60596
-64.42963,144,2454.606
-75.93649,144,2458.656449
-55.52035,144,2458.656485
-51.300064,144,2462.675656
-79.34385,144,2462.675691
-57.656235,144,2466.693991
-74.6816,144,2466.694026
-57.390377,144,2470.685988
-67.998764,144,2470.686023
-60.593204,144,2474.698546
-65.219086,144,2474.698586
-57.25801,144,2478.71255
-73.045364,144,2478.712585
-60.839413,144,2482.756046
-69.234406,144,2482.756082
-74.067764,144,2486.827934
-60.347828,144,2486.82797
-63.776855,144,2490.89403
-61.56529,144,2490.894066
-60.350986,144,2494.947672
-59.427486,144,2494.947787
-61.21282,144,2499.042648
-57.223667,144,2499.042709
-90.77637,144,2503.125803
-66.859055,144,2503.125837
-56.908512,144,2507.161247
-75.64179,144,2507.16128
-55.571262,144,2511.166129
-62.631077,144,2511.166166
-76.01243,144,2515.229196
-67.157074,144,2515.229231
-61.762207,144,2519.254073
-78.23264,144,2519.254109
-51.521626,144,2523.285487
-65.97297,144,2523.28552
-59.26071,144,2527.792497
-54.93988,144,2527.792532
-53.737255,144,2532.300808
-69.042885,144,2532.300842
-58.427933,144,2536.263807
-74.36268,144,2536.263841
-63.998615,144,2540.337362
-66.225845,144,2540.337402
-76.12681,144,2544.387644
-72.555954,144,2544.387679
-61.30177,144,2548.388913
-69.204384,144,2548.38895
-57.701256,144,2552.415807
-54.428276,144,2552.415842
-65.09821,144,2556.401807
-61.382565,144,2556.401841
-77.241455,144,2560.425153
-81.83868,144,2560.425189
-57.862167,144,2564.510098
-67.58739,144,2564.510137
-64.388626,144,2568.54493
-61.66352,144,2568.544964
-56.445362,144,2572.540718
-59.50798,144,2572.540752
-63.44126,144,2576.567032
-78.572624,144,2576.567066
-80.6333,144,2580.573631
-57.143932,144,2580.573668
-65.81471,144,2584.58849
-71.76944,144,2584.588522
-62.844936,144,2588.588092
-52.99799,144,2588.588126
-68.51165,144,2592.57827
-58.418724,144,2592.57831
-56.867065,144,2596.586386
-62.66746,144,2596.586423
-58.493217,144,2600.601497
-62.879986,144,2600.601533
-85.98386,144,2604.668624
-73.651665,144,2604.668663
-54.512726,144,2608.692774
-73.10236,144,2608.692815
-57.517212,144,2612.729914
-73.5854,144,2612.729956
-73.116646,144,2617.427011
-58.279083,144,2617.427045
-64.09242,144,2621.986693
-59.3575,144,2621.986726
-72.6321,144,2626.548004
-66.72498,144,2626.548038
-67.339806,144,2630.618806
-66.63611,144,2630.618864
-61.58549,144,2634.605823
-69.65802,144,2634.605859
-77.25547,144,2638.664365
-55.131092,144,2638.664402
-71.48922,144,2643.142177
-61.994064,144,2643.142208
-61.273453,144,2647.036191
-59.852127,144,2647.036229
-62.44102,144,2651.023811
-49.98337,144,2651.023845
-71.40315,144,2655.030878
-67.72037,144,2655.030915
-68.51832,144,2659.065198
-56.554596,144,2659.065234
-61.367825,144,2663.105017
-56.39705,144,2663.105087
-63.78035,144,2667.162675
-82.52937,144,2667.16271
-55.58479,144,2671.215403
-61.444687,144,2671.215441
-66.61425,144,2675.237119
-64.47588,144,2675.237154
-53.488705,144,2679.252172
-61.051243,144,2679.252208
-56.28389,144,2683.272064
-54.23474,144,2683.272096
-56.96997,144,2687.283994
-52.46767,144,2687.284029
-71.978676,144,2691.894255
-64.749756,144,2691.894286
-59.272663,144,2695.848715
-60.061882,144,2695.848751
-73.925446,144,2699.842751
-55.982662,144,2699.842785
-60.38931,144,2703.845641
-79.50168,144,2703.845678
-56.1904,144,2707.918905
-62.18062,144,2707.918941
-59.97349,144,2711.933266
-64.72025,144,2711.933301
-64.548775,144,2715.959062
-74.516525,144,2715.959101
-76.94475,144,2720.000412
-64.449486,144,2720.000448
-55.926323,144,2723.988631
-56.573425,144,2723.98867
-50.633385,144,2728.011151
-65.16033,144,2728.011188
-61.138783,144,2732.059442
-66.080574,144,2732.059478
-94.7739,144,2736.144004
-81.40465,144,2736.144041
-58.09582,144,2740.184977
-69.67943,144,2740.185016
-70.53627,144,2744.236464
-66.65299,144,2744.2365
-62.815273,144,2748.263481
-57.721416,144,2748.263519
-66.285126,144,2752.286888
-60.17624,144,2752.286926
-58.6751,144,2756.342823
-68.46821,144,2756.34286
-62.647167,144,2760.831251
-59.4485,144,2760.831286
-66.13758,144,2764.795057
-61.02789,144,2764.795093
-72.71719,144,2768.813711
-69.28227,144,2768.813748
-59.808395,144,2772.830812
-66.10925,144,2772.830847
-65.28316,144,2776.861046
-53.523384,144,2776.861081
-60.58698,144,2780.869591
-55.23361,144,2780.869625
-66.02453,144,2784.882129
-71.13795,144,2784.882163
-67.08053,144,2788.897335
-55.595486,144,2788.897374
-57.332237,144,2792.857556
-64.29545,144,2792.857593
-75.29272,144,2796.870103
-64.74695,144,2796.870138
-68.34142,144,2800.930078
-60.879974,144,2800.930112
-65.26922,144,2804.925553
-68.78628,144,2804.925614
-54.670547,144,2808.949609
-64.38133,144,2808.949641
-59.909115,144,2812.986072
-76.16552,144,2812.986109
-60.036415,144,2816.998004
-69.336365,144,2816.998039
-62.548553,144,2820.977366
-57.528088,144,2820.977402
-63.803814,144,2824.975659
-66.882225,144,2824.975695
-68.376114,144,2829.005458
-74.813576,144,2829.005493
-60.538776,144,2832.982047
-59.916027,144,2832.982083
-62.52279,144,2837.503178
-61.434006,144,2837.50321
-61.03451,144,2841.449542
-69.41732,144,2841.449576
-62.828667,144,2845.482663
-63.19248,144,2845.482698
-67.04859,144,2849.490721
-67.66425,144,2849.490764
-61.150276,144,2853.524949
-68.061516,144,2853.524986
-65.39369,144,2857.537227
-62.954086,144,2857.537264
-59.282425,144,2861.569737
-80.04161,144,2861.569773
-66.333694,144,2865.584747
-63.422672,144,2865.584782
-58.13333,144,2869.632092
-56.23008,144,2869.632137
-66.47415,144,2873.667674
-66.9981,144,2873.667713
-61.524612,144,2877.685001
-65.4326,144,2877.68504
-58.853195,144,2881.714273
-63.06176,144,2881.714306
-59.32592,144,2885.750628
-56.97798,144,2885.750662
-65.076096,144,2889.749495
-75.20764,144,2889.749532
-54.85904,144,2893.792833
-59.522255,144,2893.792867
-75.42257,144,2897.795563
-63.12218,144,2897.795602
-59.264378,144,2901.830659
-72.27966,144,2901.830693
-68.46733,144,2905.826565
-77.15156,144,2905.826601
-63.660427,144,2909.846712
-56.983433,144,2909.846751
-66.93283,144,2913.830484
-66.86727,144,2913.830524
-60.306538,144,2917.866288
-53.110874,144,2917.866323
-59.225033,144,2921.905708
-66.32392,144,2921.905743
-51.28093,144,2925.903629
-59.208496,144,2925.903666
-57.940586,144,2929.930193
-87.17681,144,2929.930229
-55.438473,144,2933.925685
-61.92028,144,2933.925723
-68.71951,144,2937.965149
-61.775597,144,2937.965187
-73.27248,144,2941.960509
-71.50668,144,2941.960545
-55.649536,144,2945.985136
-66.59291,144,2945.985177
-64.0137,144,2949.967805
-63.715176,144,2949.967842
-68.49136,144,2953.981238
-55.968967,144,2953.981272
-67.85295,144,2957.990499
-60.986877,144,2957.990537
-62.04956,144,2962.057193
-67.48968,144,2962.057226
-66.791916,144,2966.070674
-65.58402,144,2966.070709
-53.971127,144,2970.07759
-60.73144,144,2970.077627
-63.259785,144,2974.11282
-65.71798,144,2974.112856
-73.468666,144,2978.166073
-65.79931,144,2978.166109
-70.1997,144,2982.216187
-54.884167,144,2982.216222
-74.57722,144,2986.2396
-51.685722,144,2986.239636
-64.64426,144,2990.279272
-65.00241,144,2990.279308
-57.15335,144,2994.305429
-58.54057,144,2994.305465
-63.437283,144,2998.373241
-65.562614,144,2998.373283
-60.039948,144,3002.935662
-60.094772,144,3002.935693
-52.794464,144,3006.896022
-61.204586,144,3006.896058
-58.566204,144,3010.927042
-56.74545,144,3010.927077
-63.898376,144,3014.951112
-72.147804,144,3014.951149
-83.93918,144,3019.032389
-53.1604,144,3019.032429
-64.63908,144,3023.049021
-55.8328,144,3023.049057
-65.692345,144,3027.105726
-66.42376,144,3027.105764
-50.573994,144,3031.114028
-69.49408,144,3031.114063
-57.57475,144,3035.122064
-65.69665,144,3035.1221
-71.582954,144,3039.162484
-57.93105,144,3039.162517
-64.20081,144,3043.192022
-69.686264,144,3043.192057
-61.577526,144,3047.232414
-67.00752,144,3047.232449
-54.107395,144,3051.258197
-63.242893,144,3051.258231
-65.18871,144,3055.342243
-57.295006,144,3055.342279
-59.99016,144,3059.33202
-51.380432,144,3059.332059
-69.56371,144,3063.355382
-66.20672,144,3063.355416
-62.67779,144,3067.361103
-55.223873,144,3067.361143
-67.14838,144,3071.399504
-62.462593,144,3071.399539
-64.9448,144,3075.484901
-108.02755,144,3075.484941
-73.054504,144,3079.566637
-70.01458,144,3079.566672
-60.387753,144,3083.564668
-68.61977,144,3083.564702
-58.205837,144,3087.552988
-58.770195,144,3087.553023
-60.43907,144,3091.569365
-58.614414,144,3091.569399
-69.2176,144,3095.619866
-55.89818,144,3095.619904
-54.716255,144,3099.608481
-66.57975,144,3099.608521
-64.87431,144,3103.618597
-73.37104,144,3103.618632
-68.633705,144,3107.630734
-56.2624,144,3107.630777
-57.01507,144,3111.580936
-62.239365,144,3111.580971
-68.4107,144,3115.581688
-57.16772,144,3115.581724
-57.17627,144,3119.598722
-57.86418,144,3119.59876
-59.01963,144,3123.593129
-64.443016,144,3123.593168
-71.20288,144,3127.669826
-60.66007,144,3127.669867
-55.89094,144,3131.687897
-68.711426,144,3131.687934
-61.424454,144,3135.706472
-60.51885,144,3135.706511
-59.205376,144,3139.72431
-58.415886,144,3139.724344
-68.155464,144,3143.741094
-66.14266,144,3143.741131
-63.57767,144,3147.722041
-71.59235,144,3147.722076
-89.32388,144,3151.724484
-60.85237,144,3151.724522
-82.202156,144,3155.783734
-68.29906,144,3155.783778
-75.576675,144,3159.788335
-62.63591,144,3159.788369
-54.634598,144,3163.780693
-54.01871,144,3163.780732
-68.54655,144,3167.796267
-49.65842,144,3167.796308
-55.23095,144,3171.801167
-62.78272,144,3171.801203
-69.934715,144,3176.340861
-62.357292,144,3176.340901
-65.98444,144,3180.283355
-56.311737,144,3180.283393
-68.41369,144,3184.802513
-66.28685,144,3184.802547
-57.97567,144,3188.762259
-69.54343,144,3188.762291
-63.133076,144,3192.862374
-63.583138,144,3192.862409
-62.42794,144,3196.833339
-57.608784,144,3196.833375
-65.68946,144,3200.866698
-64.43892,144,3200.866735
-59.167503,144,3204.905133
-63.527992,144,3204.905168
-70.033264,144,3208.894583
-65.627594,144,3208.894619
-70.702896,144,3212.914973
-63.077923,144,3212.915009
-49.345108,144,3216.912027
-56.41314,144,3216.912062
-55.90377,144,3221.448906
-70.77305,144,3221.448941
-62.914417,144,3225.44915
-62.464287,144,3225.449184
-64.018,144,3229.518398
-65.173485,144,3229.518435
-57.628765,144,3233.543675
-60.264477,144,3233.543712
-64.42455,144,3237.57444
-61.544247,144,3237.574473
-61.2684,144,3241.565551
-58.82832,144,3241.565585
-65.76013,144,3245.588183
-70.03936,144,3245.588222
-75.175735,144,3249.62198
-66.9932,144,3249.622018
-55.235786,144,3253.639733
-56.970657,144,3253.639769
-50.1429,144,3257.62796
-67.79263,144,3257.627999
-53.114456,144,3261.607922
-57.323814,144,3261.607962
-56.82884,144,3265.627439
-64.91045,144,3265.627473
-65.19407,144,3269.658355
-59.46678,144,3269.658393
-63.307934,144,3273.658261
-57.185123,144,3273.658296
-54.409695,144,3277.69246
-85.48617,144,3277.692498
-67.728424,144,3281.688507
-62.76572,144,3281.688544
-76.25677,144,3285.7111
-56.914116,144,3285.711133
-57.85456,144,3289.713519
-67.60757,144,3289.713556
-63.391243,144,3293.771632
-72.67105,144,3293.771668
-64.43567,144,3297.783465
-63.529163,144,3297.783501
-58.907867,144,3301.779963
-68.53015,144,3301.779997
-67.31628,144,3305.764511
-57.445164,144,3305.764547
-64.9128,144,3309.781336
-69.242676,144,3309.781371
-53.858856,144,3313.756431
-58.59605,144,3313.756473
-56.75386,144,3317.737911
-56.7571,144,3317.737947
-61.40938,144,3321.742944
-66.110435,144,3321.74298
-54.193928,144,3326.240614
-67.744545,144,3326.240649
-66.832375,144,3330.211731
-73.00429,144,3330.211768
-67.845924,144,3334.214139
-73.56594,144,3334.214176
-64.66237,144,3338.259643
-55.056675,144,3338.259678
-55.998913,144,3342.287539
-54.396255,144,3342.287578
-58.339596,144,3346.313226
-55.323483,144,3346.313265
-66.03191,144,3350.368282
-60.625423,144,3350.368315
-63.706635,144,3354.398156
-60.333096,144,3354.398193
-65.85411,144,3358.395996
-57.00508,144,3358.396033
-52.33032,144,3362.351972
-58.048477,144,3362.352007
-60.85188,144,3366.850425
-48.05971,144,3366.850459
-56.79499,144,3370.79546
-61.557983,144,3370.795496
-53.66175,144,3374.769094
-57.733685,144,3374.769126
-60.15543,144,3378.806917
-85.69974,144,3378.806952
-59.422153,144,3382.812803
-69.607574,144,3382.81284
-57.560734,144,3386.843592
-60.197292,144,3386.843629
-64.33089,144,3390.871859
-62.51643,144,3390.871894
-53.045322,144,3394.879915
-58.027473,144,3394.879951
-61.801533,144,3399.390504
-61.92473,144,3399.390539
-56.8446,144,3403.318075
-71.72889,144,3403.318109
-69.758064,144,3407.317462
-68.13653,144,3407.317498
-63.340595,144,3411.305744
-62.757053,144,3411.305789
-65.109215,144,3415.281624
-61.330696,144,3415.281657
-58.89178,144,3419.258281
-66.0279,144,3419.258316
-55.810837,144,3423.302655
-70.80324,144,3423.302691
-66.654915,144,3427.296862
-60.855774,144,3427.296897
-63.474365,144,3431.325654
-57.517567,144,3431.325695
-61.16353,144,3435.314534
-60.1399,144,3435.314567
-56.58143,144,3439.348033
-67.00712,144,3439.348071
-55.808018,144,3443.334379
-42.945316,144,3443.334417
-60.00392,144,3447.830959
-65.78022,144,3447.830991
-60.27106,144,3451.766186
-66.48655,144,3451.766227
-76.137566,144,3455.784372
-65.17195,144,3455.784408
-56.022537,144,3459.769546
-54.663555,144,3459.769583
-52.40426,144,3464.03367
-73.34525,144,3464.033703
-48.880257,144,3468.120414
-62.440018,144,3468.120449
-64.29045,144,3472.108754
-62.01079,144,3472.108789
-60.35099,144,3476.139388
-71.95116,144,3476.139424
-60.917286,144,3480.125374
-51.73094,144,3480.125409
-54.96858,144,3484.153074
-82.53858,144,3484.153107
-70.89252,144,3488.187654
-57.954853,144,3488.187691
-64.0666,144,3492.191349
-64.135925,144,3492.191385
-55.489914,144,3496.229568
-66.461,144,3496.229604
-61.158222,144,3500.238072
-51.77648,144,3500.238104
-63.5047,144,3504.301159
-57.183712,144,3504.301195
-64.58404,144,3508.38254
-50.491817,144,3508.382573
-55.58452,144,3512.402216
-69.43288,144,3512.402248
-72.109695,144,3517.078685
-55.21009,144,3517.078715
-60.02975,144,3521.2108
-61.18484,144,3521.210852
-57.518715,144,3525.466247
-44.81403,144,3525.4663
-61.778927,144,3529.649698
-58.199238,144,3529.64978
-62.86775,144,3533.69597
-57.54934,144,3533.696006
-78.811455,144,3537.747679
-68.2538,144,3537.747712
-68.29667,144,3541.743212
-69.5134,144,3541.743247
-58.209133,144,3545.773612
-59.91215,144,3545.773647
-56.964848,144,3549.817979
-71.01039,144,3549.818013
-71.542694,144,3553.792174
-62.58338,144,3553.792248
-54.222286,144,3557.797841
-54.86583,144,3557.797879
-61.285896,144,3561.86438
-69.53971,144,3561.864415
-61.80972,144,3566.015189
-75.52268,144,3566.015223
-56.219036,144,3570.020619
-60.685097,144,3570.020657
-58.452507,144,3574.066482
-68.5543,144,3574.066519
-70.345375,144,3578.627666
-80.01864,144,3578.627703
-61.234222,144,3582.576128
-61.07873,144,3582.576162
-57.344822,144,3586.621532
-57.530598,144,3586.621572
-51.370148,144,3590.723926
-62.48413,144,3590.723994
-64.26053,144,3594.769861
-57.165867,144,3594.769895
-58.25779,144,3598.768964
-60.217846,144,3598.769
-71.887794,144,3602.810079
-71.583435,144,3602.810113
-64.11306,144,3606.861826
-56.714066,144,3606.861861
-80.72735,144,3610.865876
-66.79746,144,3610.865911
-63.825653,144,3614.862061
-63.36986,144,3614.862098
-55.908,144,3618.874803
-52.987606,144,3618.874839
-61.206364,144,3622.907939
-57.026173,144,3622.907974
-63.919693,144,3626.901555
-61.73127,144,3626.901587
-69.706116,144,3631.429986
-73.76549,144,3631.430029
-63.54879,144,3635.332068
-65.014336,144,3635.332104
-53.6404,144,3639.40471
-56.77072,144,3639.404744
-67.73531,144,3643.383644
-65.08998,144,3643.383679
-72.035774,144,3647.407411
-68.53543,144,3647.407445
-65.97005,144,3651.392312
-59.94428,144,3651.39235
-62.228,144,3655.383088
-51.744072,144,3655.383122
-51.719654,144,3659.37262
-65.07267,144,3659.372655
-53.00455,144,3663.389618
-65.66473,144,3663.38965
-61.86881,144,3667.460206
-80.757904,144,3667.460239
-69.992645,144,3671.465779
-67.01455,144,3671.465815
-59.745037,144,3675.449995
-56.76262,144,3675.450031
-57.834824,144,3679.491588
-69.71528,144,3679.491623
-70.8009,144,3683.534985
-60.95485,144,3683.535022
-63.28643,144,3687.560958
-51.29495,144,3687.560995
-60.412872,144,3691.597517
-57.419144,144,3691.597557
-68.4657,144,3695.60129
-65.11145,144,3695.601327
-59.891052,144,3699.614294
-51.021816,144,3699.614332
-55.191505,144,3703.685926
-71.22981,144,3703.685962
-63.868946,144,3707.692625
-54.463417,144,3707.69266
-56.82587,144,3711.705543
-55.975357,144,3711.705579
-62.62778,144,3715.703024
-53.640297,144,3715.703062
-60.350895,144,3719.694017
-44.97355,144,3719.694055
-63.42091,144,3723.6587
-53.814415,144,3723.658741
-62.963196,144,3727.737003
-66.94257,144,3727.737042
-61.39321,144,3731.780276
-60.122524,144,3731.780311
-75.89513,144,3735.776669
-65.37216,144,3735.776712
-78.25097,144,3739.843958
-57.623356,144,3739.843997
-53.915253,144,3743.862659
-55.73209,144,3743.862695
-61.441547,144,3747.884171
-61.61972,144,3747.884205
-55.007053,144,3752.398682
-52.082355,144,3752.398715
-56.607277,144,3756.358874
-55.549324,144,3756.358911
-69.09074,144,3760.906464
-63.750687,144,3760.906499
-78.20366,144,3764.906899
-68.16288,144,3764.906936
-54.357967,144,3768.919695
-55.251755,144,3768.919732
-59.73349,144,3772.956855
-65.36684,144,3772.956888
-64.54114,144,3777.000347
-56.46059,144,3777.000382
-55.502975,144,3781.03776
-62.977997,144,3781.037797
-58.493736,144,3785.06283
-58.53529,144,3785.062866
-60.173473,144,3789.118986
-72.26202,144,3789.119022
-69.63445,144,3793.129672
-59.948936,144,3793.129715
-59.88787,144,3797.122646
-49.971123,144,3797.122679
-55.82771,144,3801.119984
-59.981518,144,3801.120019
-51.374725,144,3805.150953
-48.830128,144,3805.15099
-57.7349,144,3809.655794
-60.818245,144,3809.655828
-68.66488,144,3813.58471
-51.034924,144,3813.584745
-69.24088,144,3817.590032
-71.92299,144,3817.590072
-61.39009,144,3821.580061
-57.747593,144,3821.580097
-50.762604,144,3825.576968
-52.2596,144,3825.577004
-51.793484,144,3829.589993
-79.63678,144,3829.590028
-62.397797,144,3833.598439
-57.453285,144,3833.598475
-60.475834,144,3837.617262
-66.31962,144,3837.617301
-51.048706,144,3841.613792
-54.353027,144,3841.613829
-66.18741,144,3845.616408
-58.416695,144,3845.616444
-62.8436,144,3849.635921
-61.8527,144,3849.635954
-69.815285,144,3853.66077
-94.535355,144,3853.660807
-60.42446,144,3857.741684
-59.043896,144,3857.741722
-46.693775,144,3861.731049
-55.00827,144,3861.731083
-58.775555,144,3865.750934
-52.29045,144,3865.750969
-56.04047,144,3869.711345
-52.689705,144,3869.71138
-64.104576,144,3874.213895
-57.962082,144,3874.213931
-58.942,144,3878.139165
-68.03277,144,3878.1392
-54.19163,144,3882.136428
-61.90957,144,3882.136461
-62.307636,144,3886.139611
-78.116806,144,3886.139646
-51.42972,144,3890.116582
-61.675713,144,3890.116616
-56.141693,144,3894.104771
-61.345882,144,3894.104807
-55.925255,144,3898.127257
-71.020775,144,3898.127293
-63.585445,144,3902.16366
-63.927353,144,3902.163697
-65.31843,144,3906.20525
-85.43802,144,3906.205285
-52.601654,144,3910.228045
-60.880424,144,3910.228079
-54.64169,144,3914.271334
-67.07117,144,3914.27137
-56.400967,144,3918.270796
-68.57415,144,3918.27083
-56.4562,144,3922.285424
-61.396538,144,3922.28546
-55.910397,144,3926.275881
-68.13699,144,3926.275916
-59.351295,144,3930.299095
-61.453686,144,3930.29913
-74.35254,144,3934.327193
-50.278984,144,3934.327226
-67.51102,144,3938.338999
-55.907665,144,3938.339035
-66.40831,144,3942.404471
-77.28609,144,3942.40451
-77.24188,144,3946.474264
-81.32137,144,3946.4743
-57.78799,144,3950.525733
-79.39258,144,3950.525768
-63.40796,144,3954.51186
-63.4215,144,3954.511894
-78.11518,144,3958.539871
-46.791153,144,3958.539906
-59.65489,144,3962.562503
-65.366394,144,3962.562537
-70.36732,144,3966.598305
-58.33848,144,3966.598345
-55.156254,144,3970.632808
-61.284145,144,3970.632864
-52.745205,144,3974.679783
-57.876728,144,3974.67982
-70.44936,144,3978.716283
-62.085804,144,3978.716318
-70.950294,144,3982.725972
-60.288548,144,3982.726008
-53.303993,144,3986.816144
-55.77025,144,3986.816177
-60.212406,144,3990.86103
-69.73803,144,3990.861065
-64.80023,144,3994.838643
-55.411205,144,3994.838681
-61.416176,144,3999.393684
-63.786587,144,3999.39372
-54.89405,144,4003.860807
-60.513905,144,4003.860841
-58.212326,144,4007.838955
-63.167183,144,4007.838992
-57.06509,144,4011.870229
-67.480804,144,4011.870265
-56.590836,144,4015.865385
-65.83297,144,4015.865421
-53.05302,144,4020.374554
-60.630875,144,4020.374587
-55.785923,144,4024.303294
-57.8392,144,4024.303334
-55.55941,144,4028.284414
-64.38127,144,4028.284449
-56.751175,144,4032.245021
-56.71806,144,4032.245057
-64.39267,144,4036.271004
-71.214966,144,4036.27104
-52.091423,144,4040.250033
-61.191486,144,4040.250068
-57.569313,144,4044.794055
-75.35039,144,4044.794086
-58.68105,144,4048.702042
-56.096375,144,4048.702083
-65.4851,144,4052.736416
-53.3664,144,4052.736453
-67.69111,144,4056.800808
-54.315353,144,4056.800844
-68.84066,144,4060.815483
-52.80616,144,4060.815519
-62.948967,144,4064.887115
-71.81224,144,4064.88715
-58.776703,144,4068.918061
-57.87704,144,4068.918099
-63.528484,144,4072.94042
-57.39113,144,4072.940455
-60.134636,144,4076.949112
-61.780678,144,4076.949146
-61.095394,144,4080.99128
-60.59447,144,4080.991315
-60.434258,144,4085.02421
-57.193207,144,4085.024245
-66.822235,144,4089.007181
-58.791443,144,4089.007217
-76.473,144,4093.090954
-55.328835,144,4093.090996
-55.272434,144,4097.221951
-61.392593,144,4097.221988
-54.134678,144,4101.759134
-66.50348,144,4101.759166
-58.211918,144,4105.678113
-56.42703,144,4105.678148
-62.65468,144,4109.682845
-61.05858,144,4109.682884
-59.051113,144,4113.698215
-64.921745,144,4113.698251
-60.235832,144,4117.731714
-56.371613,144,4117.731803
-55.302113,144,4121.805057
-68.8245,144,4121.805093
-61.402477,144,4125.810588
-58.66316,144,4125.810624
-56.420326,144,4129.769691
-55.22192,144,4129.769726
-54.619793,144,4133.779488
-45.449963,144,4133.779523
-57.23752,144,4137.817847
-50.15378,144,4137.817882
-58.585484,144,4141.831102
-57.086906,144,4141.831137
-56.300896,144,4145.836101
-61.499123,144,4145.836139
-70.566574,144,4149.856696
-70.30841,144,4149.856733
-62.3524,144,4153.912505
-62.927975,144,4153.912544
-57.225296,144,4157.984795
-66.09557,144,4157.984829
-64.547905,144,4162.010481
-53.986713,144,4162.010518
-55.241787,144,4165.971855
-56.623306,144,4165.971891
-61.02014,144,4169.987849
-62.458927,144,4169.987883
-59.53109,144,4173.990489
-52.703693,144,4173.990525
-53.999466,144,4178.49879
-55.69459,144,4178.498821
-70.6378,144,4182.496453
-64.08546,144,4182.49649
-52.696533,144,4186.548699
-57.71925,144,4186.548736
-60.74316,144,4190.612893
-59.062366,144,4190.61293
-59.406197,144,4194.663502
-59.224827,144,4194.663538
-64.19145,144,4198.689476
-64.17544,144,4198.689512
-54.91187,144,4202.733554
-64.38124,144,4202.733589
-53.1019,144,4206.726065
-57.119755,144,4206.726099
-57.28901,144,4210.769101
-55.00926,144,4210.769137
-57.197315,144,4214.769637
-51.905502,144,4214.769674
-67.57417,144,4218.76447
-62.067158,144,4218.764504
-54.258934,144,4222.790236
-65.828766,144,4222.790271
-54.758404,144,4227.302984
-57.99415,144,4227.303015
-70.07842,144,4231.27332
-68.10482,144,4231.273353
-51.822594,144,4235.275729
-59.679504,144,4235.275765
-64.81815,144,4239.314898
-59.139874,144,4239.314932
-56.989437,144,4243.872147
-58.670296,144,4243.872178
-56.39879,144,4247.853327
-54.092804,144,4247.853365
-61.314323,144,4251.902738
-61.525787,144,4251.902774
-55.915344,144,4255.933875
-48.586727,144,4255.93391
-64.158966,144,4259.927176
-56.362164,144,4259.927211
-58.676586,144,4263.93733
-59.681458,144,4263.937366
-67.03735,144,4267.961284
-62.045216,144,4267.961318
-58.191757,144,4271.957518
-59.686924,144,4271.957552
-72.526886,144,4275.978542
-60.490646,144,4275.978577
-72.11863,144,4280.029047
-63.052326,144,4280.029087
-64.869446,144,4284.046296
-55.35533,144,4284.046332
-67.062416,144,4288.052597
-59.18036,144,4288.052633
-60.213703,144,4292.102266
-53.065258,144,4292.102301
-53.498768,144,4296.119785
-71.147316,144,4296.119822
-50.8825,144,4300.200304
-57.784237,144,4300.200338
-59.29522,144,4304.998279
-65.2811,144,4304.998312
-65.8508,144,4308.969476
-62.644463,144,4308.969512
-54.57685,144,4312.991468
-63.2086,144,4312.991502
-58.2303,144,4317.041759
-64.80267,144,4317.041793
-56.848225,144,4321.110837
-65.91245,144,4321.110878
-55.347153,144,4325.183452
-56.29291,144,4325.183491
-50.146263,144,4329.241872
-65.50302,144,4329.241909
-61.67892,144,4333.353303
-62.345325,144,4333.353338
-68.6149,144,4337.935687
-62.0424,144,4337.935726
-60.463673,144,4341.897302
-58.610897,144,4341.897337
-59.892746,144,4345.889072
-51.493565,144,4345.88911
-46.065895,144,4349.900398
-68.55198,144,4349.900433
-56.472286,144,4353.925719
-55.15157,144,4353.925753
-57.58855,144,4358.468089
-60.03297,144,4358.468124
-64.46748,144,4362.453115
-67.338036,144,4362.453147
-63.724415,144,4366.492198
-63.869347,144,4366.492237
-55.785862,144,4370.494116
-52.2052,144,4370.494149
-62.28789,144,4374.563439
-58.937107,144,4374.563475
-59.089924,144,4378.552538
-54.939026,144,4378.552572
-66.55797,144,4382.56872
-69.91102,144,4382.568755
-71.044754,144,4386.585526
-59.692787,144,4386.585562
-57.514706,144,4390.621848
-74.393425,144,4390.621889
-52.806545,144,4394.641202
-65.19666,144,4394.641239
-53.673374,144,4398.629918
-60.764496,144,4398.629955
-52.10542,144,4402.661425
-64.10393,144,4402.661463
-57.598217,144,4406.637764
-64.07336,144,4406.63781
-59.217545,144,4410.665128
-67.071976,144,4410.665171
-58.265793,144,4415.33399
-55.06852,144,4415.334025
-57.971306,144,4419.441473
-55.500317,144,4419.441519
-55.624905,144,4423.645464
-66.686676,144,4423.645514
-61.120705,144,4427.878953
-60.812294,144,4427.879017
-58.844624,144,4432.05034
-56.637623,144,4432.050376
-66.41414,144,4436.104328
-54.91809,144,4436.104363
-48.236492,144,4440.09733
-62.636707,144,4440.097365
-53.981693,144,4444.091676
-51.219173,144,4444.091709
-55.379967,144,4448.118335
-54.88078,144,4448.118371
-58.848297,144,4452.127415
-54.14824,144,4452.127459
-60.202152,144,4456.142225
-86.47476,144,4456.142261
-49.52341,144,4460.183105
-68.9178,144,4460.183141
-57.41546,144,4464.314495
-56.609657,144,4464.314532
-53.674576,144,4468.339067
-62.104588,144,4468.339102
-65.39092,144,4472.399296
-69.37794,144,4472.399329
-54.780193,144,4476.464866
-55.901417,144,4476.464902
-58.51685,144,4480.542384
-53.805687,144,4480.54242
-62.88597,144,4484.631673
-67.07686,144,4484.631711
-56.432907,144,4488.646449
-67.819176,144,4488.646486
-61.06434,144,4492.828275
-62.465652,144,4492.828311
-60.792503,144,4496.82354
-63.82585,144,4496.823574
-58.926685,144,4500.827464
-58.214775,144,4500.827502
-55.628845,144,4504.872853
-60.93202,144,4504.872888
-48.156986,144,4508.89555
-55.142735,144,4508.895587
-56.286076,144,4512.894867
-59.54803,144,4512.894904
-59.169075,144,4516.921455
-62.532104,144,4516.921489
-67.97524,144,4520.925133
-73.16622,144,4520.925169
-55.469475,144,4524.933582
-56.588337,144,4524.933616
-60.01701,144,4528.986051
-53.815685,144,4528.986088
-63.652687,144,4533.009821
-54.69312,144,4533.009859
-65.90797,144,4537.064072
-65.31169,144,4537.064105
-54.858677,144,4541.084382
-63.92672,144,4541.084416
-60.463886,144,4545.110687
-61.20724,144,4545.110726
-59.24928,144,4549.124788
-57.888294,144,4549.124825
-73.02715,144,4553.177285
-52.99014,144,4553.177325
-58.430702,144,4557.174115
-61.362568,144,4557.174152
-59.5768,144,4561.226177
-52.403008,144,4561.226212
-64.05083,144,4565.285769
-59.513283,144,4565.285806
-58.267162,144,4569.357976
-55.084057,144,4569.358012
-64.593666,144,4573.392877
-63.02289,144,4573.392914
-58.06143,144,4577.426894
-58.42606,144,4577.426928
-58.39349,144,4581.44663
-66.8838,144,4581.446667
-56.857616,144,4585.507548
-59.772064,144,4585.507588
-53.952534,144,4589.604871
-55.070877,144,4589.604907
-68.86785,144,4594.178301
-56.794556,144,4594.178332
-65.5924,144,4598.154387
-56.040615,144,4598.154423
-59.841625,144,4602.160489
-57.32373,144,4602.160524
-58.041264,144,4606.303221
-57.862114,144,4606.303256
-50.999012,144,4610.348024
-61.19768,144,4610.348059
-61.433353,144,4614.380327
-52.885292,144,4614.380362
-59.634407,144,4618.377624
-59.126297,144,4618.37766
-64.335846,144,4622.400687
-67.1403,144,4622.400723
-60.01899,144,4626.461454
-50.863697,144,4626.46149
-55.91286,144,4630.507189
-57.02808,144,4630.507223
-59.94797,144,4634.542717
-58.26101,144,4634.542752
-59.25375,144,4638.571706
-61.603775,144,4638.571742
-64.15781,144,4642.59544
-58.516457,144,4642.59548
-52.29123,144,4646.687962
-59.01262,144,4646.687994
-51.53461,144,4650.775171
-58.90284,144,4650.775203
-58.806164,144,4654.798686
-57.94586,144,4654.798721
-56.358704,144,4658.820732
-55.67514,144,4658.820769
-50.25971,144,4662.85885
-55.873047,144,4662.858888
-56.450645,144,4666.890409
-62.006985,144,4666.890446
-63.575714,144,4670.913494
-60.906116,144,4670.913531
-57.277565,144,4674.943947
-56.938507,144,4674.943985
-57.38106,144,4679.005969
-66.13312,144,4679.006011
-54.36558,144,4683.070782
-57.354267,144,4683.070818
-63.92318,144,4687.082045
-48.651318,144,4687.082086
-51.866314,144,4691.102233
-58.263214,144,4691.102313
-49.833588,144,4695.100402
-46.354076,144,4695.100446
-56.116146,144,4699.166683
-56.589878,144,4699.166719
-58.580685,144,4703.208523
-55.02001,144,4703.208559
-51.04055,144,4707.214505
-54.82102,144,4707.214544
-57.784107,144,4711.236843
-55.53252,144,4711.23688
-62.01267,144,4715.257338
-57.02721,144,4715.257373
-59.791904,144,4719.268577
-68.56547,144,4719.268612
-49.418327,144,4723.789384
-49.248238,144,4723.789419
-66.806435,144,4727.743382
-46.466152,144,4727.743423
-59.608524,144,4731.753793
-56.155426,144,4731.753829
-52.92593,144,4735.75966
-61.632977,144,4735.759698
-53.12273,144,4739.761463
-58.784515,144,4739.761499
-66.295296,144,4743.746657
-66.96726,144,4743.746693
-59.032887,144,4747.762365
-61.991306,144,4747.762399
-58.06374,144,4751.813559
-55.887455,144,4751.813594
-59.390636,144,4755.846453
-65.66027,144,4755.846488
-58.721497,144,4759.830771
-54.950867,144,4759.830806
-44.916767,144,4763.781496
-50.410366,144,4763.781534
-56.595814,144,4768.2614
-47.62635,144,4768.261431
-67.89395,144,4772.239031
-75.51405,144,4772.239067
-49.267708,144,4776.224392
-56.760036,144,4776.224432
-54.848133,144,4780.228721
-62.353413,144,4780.228758
-66.63279,144,4784.272263
-71.31107,144,4784.272298
-62.200516,144,4788.268374
-59.042267,144,4788.268409
-57.658005,144,4792.291466
-65.14002,144,4792.291505
-51.971867,144,4796.336524
-55.02974,144,4796.336564
-60.425453,144,4800.364074
-55.727882,144,4800.364109
-57.535748,144,4804.392606
-52.694702,144,4804.392641
-58.941452,144,4808.414684
-67.515,144,4808.414719
-52.9874,144,4812.437792
-57.151066,144,4812.437824
-53.05796,144,4816.445085
-66.457054,144,4816.445121
-61.91994,144,4820.473626
-53.679646,144,4820.47366
-55.737873,144,4824.497224
-65.245285,144,4824.497257
-67.38337,144,4828.513995
-44.789593,144,4828.514032
-51.832825,144,4832.558275
-65.077446,144,4832.558314
-66.50027,144,4836.579998
-57.640835,144,4836.580038
-75.91692,144,4841.164273
-59.687515,144,4841.164304
-46.723976,144,4845.124569
-56.757057,144,4845.124608
-50.234993,144,4849.135797
-49.697716,144,4849.135833
-53.050144,144,4853.195415
-47.864986,144,4853.195452
-58.26646,144,4857.183146
-55.450047,144,4857.183181
-51.36473,144,4861.214852
-65.38223,144,4861.214894
-59.884274,144,4865.239452
-60.453968,144,4865.239489
-57.16234,144,4869.270044
-62.912636,144,4869.270079
-53.436813,144,4873.309481
-58.46405,144,4873.309517
-53.24234,144,4877.357028
-58.183823,144,4877.357062
-63.575237,144,4881.330688
-59.877155,144,4881.330724
-51.46664,144,4885.313496
-54.215927,144,4885.313533
-65.32016,144,4889.332917
-59.543507,144,4889.332952
-59.798714,144,4893.365459
-61.18038,144,4893.365493
-71.85281,144,4897.386909
-70.52727,144,4897.386944
-53.27002,144,4901.40229
-60.17107,144,4901.402326
-48.344585,144,4905.409685
-50.49879,144,4905.40972
-48.465656,144,4909.396438
-47.309895,144,4909.396474
-56.971695,144,4913.428214
-61.41488,144,4913.428249
-54.283855,144,4917.442128
-55.59795,144,4917.442163
-56.787186,144,4921.428466
-52.004124,144,4921.428504
-53.413044,144,4925.450315
-71.90315,144,4925.450351
-57.22114,144,4929.483244
-61.80898,144,4929.483282
-65.70301,144,4934.04046
-72.36793,144,4934.040491
-60.774864,144,4938.008303
-58.73125,144,4938.008337
-55.241154,144,4942.09122
-55.281895,144,4942.091281
-51.996998,144,4946.125028
-57.32035,144,4946.125064
-62.97454,144,4950.179034
-51.516563,144,4950.179075
-56.053898,144,4954.232781
-62.27739,144,4954.232816
-79.541214,144,4958.30095
-57.78485,144,4958.300987
-61.19759,144,4962.325133
-51.528854,144,4962.32517
-53.728146,144,4966.332275
-56.010242,144,4966.332315
-57.33962,144,4970.356539
-65.30416,144,4970.356574
-66.43266,144,4974.869604
-50.569458,144,4974.869636
-56.67557,144,4978.890749
-53.261166,144,4978.890782
-59.731415,144,4982.951553
-56.930622,144,4982.951587
-68.883255,144,4986.968899
-56.326237,144,4986.968934
-62.823784,144,4990.986692
-55.596195,144,4990.986728
-58.149723,144,4995.048939
-54.995975,144,4995.048978
-57.64872,144,4999.17819
-65.72097,144,4999.178227
-60.175697,144,5003.224174
-52.14396,144,5003.224214
-58.0964,144,5007.303329
-62.866787,144,5007.303367
-52.319626,144,5011.321804
-53.00157,144,5011.321836
-52.93724,144,5015.352663
-64.21578,144,5015.352699
-65.936745,144,5019.391361
-59.65902,144,5019.391398
-62.73166,144,5023.434141
-66.4926,144,5023.434178
-63.42721,144,5027.548647
-57.20898,144,5027.548684
-53.83541,144,5031.565059
-55.710377,144,5031.565095
-55.795353,144,5035.59549
-73.46482,144,5035.595531
-58.019318,144,5039.654233
-60.81077,144,5039.654274
-64.81615,144,5043.681614
-56.85386,144,5043.681653
-49.15646,144,5047.688688
-53.301155,144,5047.688726
-51.447178,144,5051.721545
-53.77149,144,5051.721581
-54.26128,144,5056.264481
-56.54724,144,5056.264515
-61.739246,144,5060.245515
-68.64761,144,5060.245551
-55.617744,144,5064.246585
-55.82112,144,5064.24662
-59.336,144,5068.290622
-61.394955,144,5068.290656
-62.012924,144,5072.330146
-52.828384,144,5072.330182
-57.907463,144,5076.360927
-57.123837,144,5076.360964
-49.05382,144,5080.370549
-50.44234,144,5080.370591
-53.53925,144,5084.436999
-61.1253,144,5084.437035
-53.84934,144,5088.467225
-58.49837,144,5088.467258
-53.073147,144,5092.50037
-61.901505,144,5092.500409
-60.27242,144,5096.511585
-69.210884,144,5096.511627
-50.74031,144,5100.528012
-58.680386,144,5100.528048
-60.17015,144,5104.639874
-60.47582,144,5104.639919
-60.30655,144,5108.677405
-56.35462,144,5108.677443
-58.949707,144,5112.678689
-53.908325,144,5112.678726
-61.128853,144,5116.715833
-58.300694,144,5116.715868
-57.18834,144,5120.772589
-56.78533,144,5120.772622
-60.85272,144,5124.835191
-59.14731,144,5124.835226
-60.808598,144,5128.905042
-58.92458,144,5128.90508
-46.079235,144,5132.914081
-57.389263,144,5132.914116
-61.170937,144,5136.974576
-63.505363,144,5136.974612
-60.540962,144,5141.03185
-46.802826,144,5141.031883
-64.59565,144,5145.12954
-60.857796,144,5145.129578
-53.848076,144,5149.113911
-55.17214,144,5149.113948
-60.053547,144,5153.158011
-57.206448,144,5153.158046
-54.459545,144,5157.198497
-55.233803,144,5157.198532
-63.287354,144,5161.226758
-60.342594,144,5161.226797
-61.24627,144,5165.234973
-61.820145,144,5165.23501
-58.651688,144,5169.224944
-53.457672,144,5169.224984
-54.987453,144,5173.280538
-66.28714,144,5173.280573
-56.676357,144,5177.324292
-59.60412,144,5177.324329
-55.052807,144,5181.360811
-71.305824,144,5181.360846
-59.030888,144,5185.420267
-61.174107,144,5185.420304
-52.74844,144,5189.499937
-64.66133,144,5189.499972
-54.577847,144,5193.536782
-69.858315,144,5193.536816
-61.431442,144,5197.57108
-65.54567,144,5197.571115
-62.87678,144,5201.594014
-64.004654,144,5201.594055
-54.62739,144,5205.610797
-55.622242,144,5205.610834
-57.31632,144,5209.650831
-57.32921,144,5209.650867
-61.824936,144,5213.681273
-57.74499,144,5213.68131
-57.73435,144,5217.6956
-56.50566,144,5217.695638
-52.442146,144,5221.728393
-64.91254,144,5221.728428
-60.788982,144,5225.702964
-63.64064,144,5225.703
-54.86112,144,5229.719491
-57.432182,144,5229.719528
-55.397087,144,5233.738694
-63.964622,144,5233.738732
-65.41516,144,5237.755836
-63.378723,144,5237.755871
-68.67716,144,5241.766076
-57.6617,144,5241.766239
-53.720173,144,5245.803972
-56.23774,144,5245.804004
-52.216286,144,5249.835515
-64.42719,144,5249.835548
-73.59535,144,5253.908368
-59.477463,144,5253.9084
-56.696888,144,5257.963343
-69.7789,144,5257.963377
-60.10582,144,5261.980269
-64.927635,144,5261.980305
-64.69483,144,5266.00771
-59.748573,144,5266.007744
-63.7211,144,5270.033288
-68.07637,144,5270.033326
-63.64327,144,5274.0574
-53.24601,144,5274.057436
-63.164448,144,5278.616472
-68.20642,144,5278.616507
-60.272266,144,5282.552007
-56.627087,144,5282.552042
-56.816277,144,5286.585016
-68.39625,144,5286.58505
-53.5017,144,5290.60412
-58.625572,144,5290.604156
-58.29471,144,5294.658998
-60.672363,144,5294.659034
-56.417202,144,5298.680208
-62.827446,144,5298.680243
-59.961666,144,5302.723667
-62.556446,144,5302.723703
-53.82134,144,5306.734559
-48.946423,144,5306.734597
-58.813457,144,5310.779299
-57.479717,144,5310.779333
-66.868256,144,5314.902482
-57.248802,144,5314.902541
-51.032295,144,5319.058199
-59.678226,144,5319.058255
-52.250977,144,5323.718381
-57.318306,144,5323.718418
-65.45433,144,5327.838022
-65.96745,144,5327.838078
-56.68669,144,5332.073147
-71.06796,144,5332.073181
-53.780224,144,5336.090401
-58.566193,144,5336.090439
-56.32622,144,5340.592005
-58.806263,144,5340.592039
-65.45841,144,5344.471654
-47.09097,144,5344.47169
-54.68344,144,5348.507245
-63.992714,144,5348.507278
-58.439255,144,5352.54019
-60.26299,144,5352.540223
-60.50031,144,5356.567048
-56.98446,144,5356.56708
-53.280666,144,5360.566762
-53.607513,144,5360.566799
-60.852303,144,5364.690323
-59.360874,144,5364.690359
-47.7777,144,5368.699441
-62.767544,144,5368.699487
-53.46294,144,5372.725387
-46.083252,144,5372.725425
-58.506023,144,5376.969758
-58.108795,144,5376.969801
-52.982162,144,5381.663591
-59.013462,144,5381.66363
-50.007362,144,5385.834266
-51.04688,144,5385.834318
-62.20853,144,5389.99412
-56.60036,144,5389.99417
-53.526413,144,5394.054216
-63.05903,144,5394.054251
-57.495926,144,5398.088409
-55.494564,144,5398.088445
-67.13632,144,5402.132631
-64.782776,144,5402.132666
-66.86001,144,5406.200775
-56.34481,144,5406.200812
-49.34268,144,5410.25559
-56.01806,144,5410.255626
-52.983,144,5414.259228
-58.268917,144,5414.259265
-59.12305,144,5418.28603
-52.180935,144,5418.286065
-56.904797,144,5422.28374
-51.927998,144,5422.283777
-64.37901,144,5426.290574
-58.16588,144,5426.290611
-56.67422,144,5430.329162
-57.842754,144,5430.329199
-58.522045,144,5434.417944
-65.91686,144,5434.417978
-56.195057,144,5438.957184
-52.334236,144,5438.95722
-53.727695,144,5442.907026
-53.991734,144,5442.907061
-51.9556,144,5446.985375
-69.0342,144,5446.98541
-57.359524,144,5451.022755
-48.587814,144,5451.022789
-49.949284,144,5455.06031
-52.990223,144,5455.060345
-59.140617,144,5459.101296
-53.2582,144,5459.10133
-59.70835,144,5463.111122
-50.493534,144,5463.111157
-57.1655,144,5467.643968
-65.66219,144,5467.644004
-57.85825,144,5471.583953
-63.7929,144,5471.583987
-59.81868,144,5475.584922
-54.219105,144,5475.58496
-54.17981,144,5479.568349
-50.341637,144,5479.568385
-59.6541,144,5483.572953
-55.969738,144,5483.572994
-52.743015,144,5487.607518
-57.173054,144,5487.607554
-59.55371,144,5492.13762
-56.591328,144,5492.137651
-50.42433,144,5496.179512
-56.56615,144,5496.179549
-57.889755,144,5500.188408
-49.854103,144,5500.188446
-65.33757,144,5504.339856
-64.04592,144,5504.339921
-52.93592,144,5508.508037
-58.328827,144,5508.508077
-53.07623,144,5512.703074
-57.88211,144,5512.70311
-54.61115,144,5516.799786
-54.229954,144,5516.799821
-56.440483,144,5520.877995
-65.097275,144,5520.878031
-53.54612,144,5524.922462
-63.287354,144,5524.922497
-51.216125,144,5528.920928
-53.85912,144,5528.920966
-50.527493,144,5532.951979
-55.617317,144,5532.952014
-58.431072,144,5537.007375
-67.72132,144,5537.007466
-56.443363,144,5541.063547
-61.78357,144,5541.063582
-50.82314,144,5545.093193
-53.58912,144,5545.09323
-50.416973,144,5549.150425
-58.78384,144,5549.150461
-56.725662,144,5553.167597
-57.158577,144,5553.167632
-53.46311,144,5557.200322
-54.812572,144,5557.200355
-53.07669,144,5561.243732
-48.664944,144,5561.243772
-54.870224,144,5565.284043
-51.989784,144,5565.28408
-58.18726,144,5569.33312
-57.9114,144,5569.333168
-58.435677,144,5573.450562
-53.979675,144,5573.450596
-53.578907,144,5577.513691
-55.90743,144,5577.513728
-58.465237,144,5581.565997
-71.2582,144,5581.566036
-63.230328,144,5585.611711
-50.140854,144,5585.611749
-57.9466,144,5589.631015
-55.407692,144,5589.631056
-61.56192,144,5593.716261
-73.071304,144,5593.716298
-66.063065,144,5597.772281
-59.227196,144,5597.772316
-58.00027,144,5601.814714
-54.66706,144,5601.81475
-60.819973,144,5605.818845
-59.62614,144,5605.818885
-52.306408,144,5609.845799
-50.416927,144,5609.845839
-54.570087,144,5614.104559
-56.39802,144,5614.104594
-58.278908,144,5618.146858
-61.742165,144,5618.146893
-62.14826,144,5622.223569
-57.530262,144,5622.223609
-55.416782,144,5626.280321
-62.009476,144,5626.280354
-58.390495,144,5630.402358
-55.90856,144,5630.402393
-48.671886,144,5634.431843
-61.045746,144,5634.431916
-57.906403,144,5638.427626
-48.401577,144,5638.427662
-62.731834,144,5642.439118
-55.11418,144,5642.439152
-50.669376,144,5646.49171
-67.24041,144,5646.491747
-56.395336,144,5650.526931
-63.855072,144,5650.526966
-50.628895,144,5654.537291
-66.34656,144,5654.537327
-58.46567,144,5658.551322
-59.269115,144,5658.551356
-51.102863,144,5662.581647
-54.555466,144,5662.581685
-58.38404,144,5666.629437
-65.45704,144,5666.62948
-59.24253,144,5671.172761
-54.676388,144,5671.172795
-49.43652,144,5675.65636
-61.20602,144,5675.656395
-57.122574,144,5679.596652
-62.26985,144,5679.596692
-61.16234,144,5683.604459
-50.169163,144,5683.604506
-56.00453,144,5687.620044
-57.149906,144,5687.62008
-58.583454,144,5691.650188
-57.86219,144,5691.650233
-51.12498,144,5696.162128
-51.246777,144,5696.162164
-59.197063,144,5700.105525
-49.08483,144,5700.10556
-53.77957,144,5704.063431
-51.25094,144,5704.063466
-55.27404,144,5708.09338
-63.118164,144,5708.09342
-50.429962,144,5712.089898
-52.34026,144,5712.089932
-52.708073,144,5716.127804
-55.208004,144,5716.127838
-48.68865,144,5720.691383
-57.03295,144,5720.691416
-47.3217,144,5724.641422
-55.389927,144,5724.641466
-60.963192,144,5728.686539
-53.914017,144,5728.686576
-53.989113,144,5732.700447
-57.2294,144,5732.700483
-51.63925,144,5736.685258
-65.45627,144,5736.685296
-51.24814,144,5740.741944
-55.73984,144,5740.741978
-57.697777,144,5745.309454
-60.271675,144,5745.309488
-55.73176,144,5749.297685
-70.20334,144,5749.297721
-61.635433,144,5753.323446
-56.827065,144,5753.32348
-56.827038,144,5757.322961
-58.844185,144,5757.322997
-53.645054,144,5761.381706
-56.660442,144,5761.381741
-51.773525,144,5765.398157
-50.311172,144,5765.398192
-49.625893,144,5769.465248
-56.663536,144,5769.465284
-54.78198,144,5773.501708
-61.274582,144,5773.501745
-63.691162,144,5777.547472
-61.69956,144,5777.547507
-57.57712,144,5781.563724
-55.006405,144,5781.56376
-62.990215,144,5785.584373
-53.304073,144,5785.584407
-51.131268,144,5789.585246
-53.244274,144,5789.58528
-55.40931,144,5793.579905
-56.447514,144,5793.579939
-54.937595,144,5797.634817
-55.230297,144,5797.634852
-59.54599,144,5801.765222
-52.804676,144,5801.765256
-61.926666,144,5805.846162
-52.532814,144,5805.846198
-54.630135,144,5809.843657
-64.49765,144,5809.843693
-53.493225,144,5813.852855
-51.395588,144,5813.852891
-61.651638,144,5817.905276
-61.60615,144,5817.905309
-51.466152,144,5821.91643
-51.80996,144,5821.916466
-53.695503,144,5825.993441
-53.24423,144,5825.993474
-55.104668,144,5830.019598
-66.072495,144,5830.019632
-55.3835,144,5834.082139
-50.829,144,5834.082175
-59.164467,144,5838.077955
-61.605453,144,5838.077991
-57.0539,144,5842.092785
-66.56286,144,5842.092824
-54.25313,144,5846.140056
-55.08302,144,5846.140089
-64.9868,144,5850.22184
-63.77382,144,5850.221873
-60.12038,144,5854.804928
-53.99566,144,5854.804962
-45.59215,144,5858.791496
-53.848717,144,5858.791531
-57.969772,144,5862.824466
-63.381466,144,5862.824502
-55.309605,144,5866.86826
-59.334457,144,5866.868296
-61.11746,144,5871.411738
-55.428616,144,5871.411776
-62.2741,144,5875.401752
-68.05521,144,5875.401791
-52.07986,144,5879.414837
-49.739525,144,5879.414874
-55.27705,144,5883.397398
-54.935387,144,5883.397441
-60.41411,144,5887.404867
-56.363,144,5887.404904
-56.233955,144,5891.425601
-67.03244,144,5891.425635
-54.543037,144,5895.454189
-59.54427,144,5895.454226
-55.487637,144,5899.60462
-57.625378,144,5899.604655
-64.176865,144,5903.661824
-50.6224,144,5903.661861
-50.331055,144,5907.739321
-54.802475,144,5907.739357
-48.176308,144,5911.765773
-54.33854,144,5911.76581
-47.628433,144,5915.78734
-54.218933,144,5915.787378
-56.59168,144,5919.820029
-57.21799,144,5919.820065
-51.766716,144,5923.866084
-57.255207,144,5923.866119
-50.663242,144,5927.931898
-55.82203,144,5927.931934
-57.667618,144,5931.982485
-54.466667,144,5931.982521
-48.975597,144,5936.038527
-50.208393,144,5936.038562
-57.788128,144,5940.085713
-60.2476,144,5940.085747
-70.25608,144,5944.109663
-52.522907,144,5944.109699
-54.53789,144,5948.137131
-47.659187,144,5948.137168
-54.23832,144,5952.662885
-59.659084,144,5952.662926
-54.068966,144,5956.646296
-51.373783,144,5956.646335
-62.38257,144,5960.681158
-59.031303,144,5960.681193
-65.06371,144,5964.704209
-56.260937,144,5964.704248
-61.257816,144,5968.721351
-44.184624,144,5968.721386
-58.97843,144,5972.813911
-53.193253,144,5972.813947
-62.37591,144,5976.899995
-57.415283,144,5976.90003
-55.25998,144,5980.977177
-50.429966,144,5980.977215
-52.183533,144,5985.527825
-55.22538,144,5985.527858
-55.277138,144,5989.452783
-55.41833,144,5989.452824
-58.102924,144,5993.499723
-52.210228,144,5993.499759
-50.2664,144,5997.496019
-53.664383,144,5997.496053
-63.523014,144,6001.544376
-54.768375,144,6001.544411
-53.26591,144,6005.627303
-57.628708,144,6005.627342
-60.14621,144,6009.665872
-48.73515,144,6009.665911
-52.04059,144,6013.726616
-54.854057,144,6013.726652
-50.01507,144,6017.789147
-52.6765,144,6017.789184
-46.486183,144,6021.805193
-51.001312,144,6021.805234
-58.712994,144,6025.855072
-66.22668,144,6025.855105
-51.40771,144,6029.878099
-54.72423,144,6029.87814
-58.838463,144,6033.941925
-47.647427,144,6033.941959
-57.55953,144,6038.00985
-51.791645,144,6038.009885
-50.521576,144,6042.002442
-53.125916,144,6042.002475
-51.81563,144,6046.547225
-52.196373,144,6046.547259
-56.70839,144,6050.529267
-54.228603,144,6050.529304
-61.395283,144,6054.511384
-50.998642,144,6054.51142
-57.948143,144,6058.550556
-52.38483,144,6058.55059
-49.472546,144,6062.570313
-56.644703,144,6062.570349
-53.803024,144,6066.555749
-58.718025,144,6066.555783
-61.48544,144,6070.610624
-60.646538,144,6070.610659
-48.03776,144,6074.639078
-52.51299,144,6074.639115
-51.34884,144,6078.686747
-49.04765,144,6078.686781
-51.102726,144,6082.709738
-56.266182,144,6082.709776
-51.51233,144,6086.768248
-55.48729,144,6086.768283
-60.22383,144,6091.330365
-54.687267,144,6091.330396
-48.16837,144,6095.362959
-48.97806,144,6095.362993
-54.305088,144,6099.949541
-61.900608,144,6099.949575
-58.158604,144,6103.932914
-61.454975,144,6103.932953
-59.29075,144,6107.987065
-57.50177,144,6107.9871
-48.551136,144,6111.976248
-48.58808,144,6111.976287
-55.765636,144,6116.013784
-51.90497,144,6116.013818
-58.2235,144,6120.048177
-58.893364,144,6120.048213
-54.740242,144,6124.101988
-50.056812,144,6124.102023
-54.676785,144,6128.143077
-59.46734,144,6128.143116
-53.750927,144,6132.169797
-60.186687,144,6132.169836
-46.662437,144,6136.206424
-54.475025,144,6136.206457
-60.614178,144,6140.305411
-55.708332,144,6140.305446
-51.866177,144,6144.30185
-61.45353,144,6144.301887
-53.564236,144,6148.269885
-49.294838,144,6148.269923
-51.569912,144,6152.293637
-56.72032,144,6152.29367
-52.56783,144,6156.315185
-61.545452,144,6156.315227
-62.651424,144,6160.368137
-50.426807,144,6160.368173
-57.243427,144,6164.896687
-60.02462,144,6164.896719
-52.75785,144,6168.857984
-56.175243,144,6168.858019
-51.638645,144,6172.872746
-63.493614,144,6172.872783
-52.861156,144,6176.888215
-57.503944,144,6176.888249
-58.448536,144,6180.905004
-58.70995,144,6180.905042
-53.789474,144,6184.885692
-53.95113,144,6184.885728
-54.290833,144,6188.923846
-63.034508,144,6188.923881
-56.462692,144,6192.952814
-58.159103,144,6192.95285
-48.454693,144,6196.951426
-49.815235,144,6196.951468
-62.849834,144,6201.000999
-60.992294,144,6201.001035
-60.17683,144,6205.000899
-54.1965,144,6205.000936
-46.682648,144,6209.020527
-60.59565,144,6209.020565
-60.01008,144,6213.097052
-55.889584,144,6213.097093
-59.42686,144,6217.821779
-54.854664,144,6217.821814
-69.16173,144,6222.369749
-61.73242,144,6222.36978
-52.907146,144,6226.969258
-58.98776,144,6226.969291
-57.45902,144,6231.54055
-48.587643,144,6231.540581
-62.50731,144,6235.501526
-60.386612,144,6235.501562
-54.13636,144,6239.508853
-59.283962,144,6239.508889
-56.045116,144,6243.53037
-55.152897,144,6243.530405
-65.16314,144,6247.550255
-68.206635,144,6247.550295
-59.409275,144,6251.654493
-55.375843,144,6251.654531
-55.876724,144,6256.186049
-56.12117,144,6256.186081
-58.60329,144,6260.139591
-61.387836,144,6260.139626
-59.621468,144,6264.24492
-54.406532,144,6264.244953
-47.847927,144,6268.247206
-54.73052,144,6268.247243
-53.964237,144,6272.250155
-49.43484,144,6272.250191
-53.005764,144,6276.757896
-55.16163,144,6276.757928
-50.13869,144,6280.71058
-49.19748,144,6280.710617
-52.761047,144,6284.744203
-46.103966,144,6284.744239
-53.382675,144,6288.778313
-55.141956,144,6288.778349
-58.224895,144,6293.586061
-67.41084,144,6293.586098
-54.187077,144,6298.394755
-55.236034,144,6298.394789
-66.85197,144,6302.696349
-67.379616,144,6302.696408
-55.380386,144,6307.940176
-57.458828,144,6307.940223
-50.316868,144,6314.55219
-47.867756,144,6314.552227
-46.227516,144,6321.595413
-50.45315,144,6321.595458
-56.87716,144,6326.495594
-54.314743,144,6326.49563
-52.589554,144,6330.562006
-48.136116,144,6330.562042
-55.77246,144,6334.561424
-60.07353,144,6334.56146
-50.17035,144,6338.555301
-52.79116,144,6338.555335
-54.99804,144,6342.631067
-64.81769,144,6342.631107
-58.207478,144,6346.654188
-67.73773,144,6346.654226
-57.699177,144,6350.68013
-55.71781,144,6350.680171
-55.806587,144,6354.701863
-54.58115,144,6354.701898
-61.013428,144,6358.721861
-46.86226,144,6358.721894
-61.392326,144,6362.756296
-51.341755,144,6362.75633
-50.93152,144,6366.789647
-54.47439,144,6366.789683
-59.212906,144,6370.859851
-70.95703,144,6370.859887
-57.36489,144,6374.913163
-63.438587,144,6374.913199
-48.36791,144,6378.970778
-54.094326,144,6378.970824
-50.252697,144,6382.997103
-57.32739,144,6382.997137
-60.924236,144,6387.543349
-63.03513,144,6387.543381
-48.551926,144,6391.514524
-54.837494,144,6391.514557
-50.391235,144,6395.538265
-50.208244,144,6395.5383
-51.75778,144,6399.546541
-65.74887,144,6399.546577
-60.76645,144,6403.583303
-51.232162,144,6403.58334
-59.14243,144,6407.629066
-60.63901,144,6407.629101
-54.965378,144,6411.704481
-69.49388,144,6411.70452
-54.064896,144,6415.726864
-56.115536,144,6415.726897
-50.77849,144,6419.792492
-57.805298,144,6419.792528
-46.236225,144,6423.854183
-60.9171,144,6423.854219
-59.142662,144,6427.929931
-66.82042,144,6427.929969
-61.689976,144,6431.988131
-54.70958,144,6431.988167
-51.02958,144,6436.012931
-55.295795,144,6436.012965
-48.558697,144,6440.073114
-54.46736,144,6440.073149
-52.28224,144,6444.08074
-55.254887,144,6444.080775
-55.951546,144,6448.123494
-52.535206,144,6448.123534
-53.505413,144,6452.177808
-56.148296,144,6452.177843
-57.025078,144,6456.239114
-57.949398,144,6456.23915
-56.141693,144,6460.284159
-67.79265,144,6460.284196
-65.653305,144,6464.351377
-53.165943,144,6464.351418
-52.86848,144,6468.439438
-64.64654,144,6468.439474
-53.089413,144,6472.484062
-52.54159,144,6472.484099
-47.769184,144,6476.595304
-59.924747,144,6476.59534
-52.23356,144,6480.62169
-61.96925,144,6480.621724
-54.11227,144,6484.670457
-57.263554,144,6484.670492
-51.297695,144,6488.700673
-55.15954,144,6488.700711
-52.52902,144,6492.731455
-58.759357,144,6492.73149
-54.14463,144,6496.81073
-52.261295,144,6496.810767
-61.806744,144,6501.359175
-59.839725,144,6501.35921
-59.889862,144,6505.319559
-56.100166,144,6505.319595
-52.73002,144,6509.356661
-50.767742,144,6509.356696
-53.6699,144,6513.431232
-64.90111,144,6513.431267
-57.609154,144,6517.486012
-48.23476,144,6517.486049
-57.630756,144,6521.54829
-55.835987,144,6521.548326
-50.29101,144,6525.575241
-51.255474,144,6525.575277
-54.4695,144,6530.111181
-57.768223,144,6530.111211
-50.398926,144,6534.089872
-60.058147,144,6534.089907
-52.15342,144,6538.114393
-48.13792,144,6538.114426
-53.773373,144,6542.154976
-55.091606,144,6542.155011
-55.022938,144,6546.175028
-53.85127,144,6546.175063
-53.371334,144,6550.185852
-57.660686,144,6550.185886
-51.226376,144,6554.176516
-61.5988,144,6554.176552
-56.01944,144,6558.203809
-64.184654,144,6558.203845
-55.581646,144,6562.402503
-52.40357,144,6562.402544
-51.145718,144,6566.502153
-53.79355,144,6566.50219
-52.629684,144,6570.571561
-51.087215,144,6570.571597
-48.248096,144,6574.592291
-51.982334,144,6574.592331
-59.88227,144,6578.607489
-46.180325,144,6578.607528
-60.218304,144,6582.583589
-56.187626,144,6582.583624
-58.08704,144,6586.605685
-50.350544,144,6586.605724
-53.851242,144,6590.595652
-56.266113,144,6590.595692
-49.13614,144,6594.638167
-51.417244,144,6594.638206
-52.64781,144,6598.690126
-55.100792,144,6598.690166
-57.44727,144,6602.779577
-59.00097,144,6602.779612
-58.858795,144,6606.83502
-51.231342,144,6606.835056
-54.816315,144,6610.888846
-48.989388,144,6610.88888
-51.800873,144,6614.961011
-48.273838,144,6614.961046
-47.71432,144,6619.531659
-54.22506,144,6619.531693
-59.648876,144,6623.543611
-52.258778,144,6623.543648
-51.612877,144,6627.571514
-58.56789,144,6627.57155
-58.597805,144,6631.638918
-52.668262,144,6631.638958
-56.005047,144,6635.676353
-60.620033,144,6635.67639
-52.927834,144,6639.742413
-52.024403,144,6639.742448
-47.107677,144,6643.831465
-57.726967,144,6643.831506
-51.779243,144,6648.403688
-57.20438,144,6648.40372
-49.735977,144,6652.372314
-53.331123,144,6652.372351
-55.13905,144,6656.387144
-57.438465,144,6656.387179
-58.532463,144,6660.417856
-60.865967,144,6660.417891
-55.4754,144,6664.4673
-52.13142,144,6664.467335
-51.573383,144,6668.460625
-54.857864,144,6668.460662
-53.14611,144,6672.50236
-61.11707,144,6672.502397
-56.87499,144,6676.579146
-61.689835,144,6676.579182
-55.432556,144,6680.650665
-57.863464,144,6680.650702
-53.38366,144,6684.687123
-51.281708,144,6684.687157
-62.349228,144,6688.688575
-49.587063,144,6688.688609
-60.51864,144,6692.725097
-51.789814,144,6692.725134
-61.83954,144,6696.771143
-59.537,144,6696.771184
-49.544754,144,6700.778674
-50.13873,144,6700.778708
-49.83143,144,6704.789891
-57.04109,144,6704.789925
-52.37663,144,6709.321142
-46.40928,144,6709.321173
-45.633884,144,6713.262261
-52.062702,144,6713.262295
-54.685978,144,6717.337183
-55.699104,144,6717.337219
-51.647404,144,6721.332324
-57.029037,144,6721.332361
-46.075756,144,6725.321815
-56.526028,144,6725.321851
-67.51244,144,6729.355685
-57.80444,144,6729.35572
-54.493084,144,6733.392874
-54.654434,144,6733.392909
-52.6186,144,6737.452952
-51.173946,144,6737.452988
-50.96628,144,6741.489228
-49.26505,144,6741.489288
-52.361458,144,6745.537467
-52.327614,144,6745.537504
-52.192795,144,6749.581908
-52.46879,144,6749.581943
-43.91876,144,6753.628196
-51.015663,144,6753.628232
-55.014477,144,6757.668061
-50.338665,144,6757.668097
-57.65988,144,6761.694369
-53.791096,144,6761.694404
-54.087704,144,6766.268092
-54.951206,144,6766.268125
-64.958046,144,6770.248345
-56.517117,144,6770.24838
-46.027134,144,6774.211484
-51.295097,144,6774.21152
-51.813923,144,6778.234064
-54.415493,144,6778.2341
-53.920876,144,6782.273896
-54.623817,144,6782.273928
-57.244152,144,6786.267438
-54.095108,144,6786.267472
-68.78219,144,6790.282871
-50.164795,144,6790.282909
-51.173603,144,6794.332792
-58.463036,144,6794.332826
-46.73086,144,6798.321636
-49.885025,144,6798.321681
-65.892975,144,6802.953972
-62.91159,144,6802.954008
-56.607098,144,6806.949015
-58.470005,144,6806.949052
-50.936428,144,6810.96976
-61.95514,144,6810.969798
-51.302048,144,6815.012661
-65.080605,144,6815.012696
-50.743984,144,6819.088179
-54.862125,144,6819.088222
-52.635468,144,6823.113672
-47.87494,144,6823.113707
-52.881634,144,6827.642097
-48.183033,144,6827.642132
-51.62231,144,6831.587441
-50.03528,144,6831.587476
-56.948612,144,6835.612019
-51.641113,144,6835.612056
-52.131207,144,6839.664142
-56.938255,144,6839.664178
-57.74843,144,6843.714878
-58.630955,144,6843.714912
-58.938267,144,6847.757241
-67.17662,144,6847.757277
-53.5758,144,6852.299805
-61.22772,144,6852.299836
-56.45647,144,6856.258437
-53.535336,144,6856.258473
-53.69419,144,6860.314831
-58.058365,144,6860.314868
-58.969734,144,6864.373931
-56.601196,144,6864.37397
-55.50808,144,6868.393391
-50.768177,144,6868.393425
-53.965714,144,6872.421015
-55.521866,144,6872.421052
-54.68721,144,6876.418411
-42.504524,144,6876.418447
-62.07722,144,6880.455174
-57.875824,144,6880.455209
-55.092834,144,6884.481426
-58.509518,144,6884.48146
-53.02017,144,6888.490676
-54.635338,144,6888.490716
-60.782593,144,6892.465135
-61.90651,144,6892.465169
-58.64223,144,6896.493249
-53.68989,144,6896.493285
-51.579746,144,6900.510761
-55.76572,144,6900.510802
-51.819954,144,6904.501441
-49.8524,144,6904.501477
-55.691048,144,6908.509609
-56.218327,144,6908.509643
-53.886875,144,6912.519553
-53.21432,144,6912.519591
-56.714954,144,6916.534158
-60.428776,144,6916.534194
-56.500454,144,6920.576038
-55.707016,144,6920.576078
-52.02396,144,6924.607453
-58.71132,144,6924.607489
-51.20687,144,6928.647142
-58.393333,144,6928.64718
-47.695263,144,6932.705449
-49.680843,144,6932.705486
-54.8098,144,6937.273209
-58.46718,144,6937.273248
-55.56271,144,6941.233606
-57.435646,144,6941.23364
-58.262646,144,6945.250845
-51.113914,144,6945.25088
-52.456863,144,6949.233403
-50.13242,144,6949.233438
-58.74234,144,6953.24771
-51.60172,144,6953.247749
-56.5904,144,6957.308267
-57.26624,144,6957.308302
-54.66344,144,6961.879462
-59.04892,144,6961.879498
-60.684223,144,6965.853664
-47.89139,144,6965.8537
-60.336876,144,6969.891247
-59.12019,144,6969.891283
-57.383354,144,6973.923453
-58.61613,144,6973.923487
-47.077053,144,6977.934202
-51.566902,144,6977.934238
-54.924686,144,6981.988963
-55.985695,144,6981.988999
-50.95519,144,6986.024682
-56.939507,144,6986.024717
-55.32507,144,6990.050877
-48.409,144,6990.050918
-51.566948,144,6994.075247
-53.87596,144,6994.075281
-51.00905,144,6998.117876
-50.087414,144,6998.117909
-53.50723,144,7002.180822
-68.98997,144,7002.180858
-49.38911,144,7006.234833
-60.15757,144,7006.234867
-56.523838,144,7010.307665
-56.515858,144,7010.3077
-45.297054,144,7014.352474
-52.63977,144,7014.35251
-63.50349,144,7018.317141
-56.53033,144,7018.317177
-54.15511,144,7022.342015
-59.79696,144,7022.342049
-53.04644,144,7026.385494
-47.141758,144,7026.385599
-48.09054,144,7030.455817
-61.11148,144,7030.455853
-52.65392,144,7034.489061
-53.63936,144,7034.489098
-58.864677,144,7038.495471
-52.640236,144,7038.495506
-47.536686,144,7042.538378
-49.959274,144,7042.538413
-50.45503,144,7046.590173
-50.034237,144,7046.590215
-50.05214,144,7051.119288
-46.84826,144,7051.119321
-56.51038,144,7055.110637
-59.263332,144,7055.110672
-54.09068,144,7059.615898
-43.07913,144,7059.615931
-62.821003,144,7063.574474
-55.118675,144,7063.57451
-57.318188,144,7067.572556
-44.321686,144,7067.572592
-54.26616,144,7071.6258
-57.94747,144,7071.625846
-61.9951,144,7075.80119
-53.499573,144,7075.801234
-48.11371,144,7079.810962
-53.47504,144,7079.811
-55.3695,144,7083.855367
-51.262424,144,7083.855405
-50.664837,144,7087.903822
-52.977833,144,7087.903858
-58.204792,144,7091.927023
-52.50249,144,7091.927058
-51.12524,144,7095.97283
-57.51828,144,7095.972866
-50.92584,144,7099.996784
-45.66193,144,7099.996819
-55.68457,144,7104.025449
-52.265087,144,7104.025485
-45.03175,144,7108.023489
-49.62647,144,7108.023527
-52.138977,144,7112.029397
-51.809002,144,7112.029438
-54.422283,144,7116.264068
-61.250397,144,7116.26414
-56.001385,144,7120.973898
-46.93574,144,7120.973932
-47.16599,144,7125.566054
-48.9445,144,7125.566086
-56.44313,144,7130.168425
-57.44889,144,7130.168456
-44.050396,144,7134.143814
-53.82568,144,7134.14385
-56.874115,144,7138.16481
-60.62049,144,7138.164847
-55.765606,144,7142.178788
-56.58461,144,7142.178823
-58.37849,144,7146.227485
-49.83813,144,7146.227522
-51.508186,144,7150.194555
-56.215965,144,7150.194588
-65.61031,144,7154.267213
-60.32643,144,7154.267248
-53.623524,144,7158.282061
-52.0304,144,7158.282096
-44.814182,144,7162.311004
-46.098118,144,7162.31104
-54.262054,144,7166.412744
-56.047527,144,7166.412779
-59.3979,144,7170.442295
-59.114952,144,7170.44233
-62.601818,144,7174.452582
-55.68645,144,7174.452623
-51.339325,144,7178.476133
-47.65613,144,7178.476169
-51.388935,144,7182.538341
-53.162228,144,7182.538376
-48.97445,144,7186.592283
-56.370876,144,7186.592322
-47.00826,144,7190.690562
-49.946278,144,7190.690629
-52.409283,144,7194.750735
-67.63431,144,7194.750768
-48.69422,144,7198.767021
-50.67802,144,7198.767058
-55.180454,144,7202.79562
-53.057926,144,7202.795661
-53.058895,144,7206.854294
-55.051834,144,7206.854327
-56.64288,144,7210.890492
-58.866287,144,7210.890528
-47.409286,144,7214.896335
-49.908897,144,7214.896369
-57.458298,144,7218.960087
-63.975616,144,7218.960121
-66.40065,144,7223.002365
-65.56882,144,7223.002399
-48.410007,144,7226.980581
-49.699345,144,7226.980622
-49.74628,144,7231.033187
-50.24769,144,7231.033228
-48.98636,144,7235.056816
-53.163895,144,7235.056853
-52.37814,144,7239.11209
-58.60927,144,7239.112123
-55.140133,144,7243.102539
-54.699623,144,7243.102575
-47.721878,144,7247.078077
-55.311264,144,7247.078113
-46.76701,144,7251.111276
-50.084305,144,7251.111311
-60.77698,144,7255.624062
-54.97779,144,7255.624095
-56.921047,144,7259.553842
-51.276905,144,7259.553875
-52.873623,144,7263.582652
-53.64717,144,7263.582688
-48.47243,144,7267.618236
-49.375107,144,7267.618274
-57.29576,144,7271.64859
-52.97667,144,7271.648627
-50.89911,144,7275.636997
-55.145702,144,7275.637039
-48.178864,144,7279.681795
-64.96254,144,7279.681831
-49.316498,144,7283.680117
-59.18182,144,7283.680157
-51.967125,144,7287.73734
-54.73832,144,7287.737375
-50.4824,144,7291.733326
-50.16807,144,7291.733362
-51.92853,144,7295.758476
-44.33693,144,7295.758514
-47.94866,144,7299.77652
-45.752773,144,7299.776556
-51.511433,144,7303.831074
-52.993767,144,7303.831112
-55.01218,144,7307.862593
-54.28359,144,7307.862628
-55.97715,144,7311.879016
-58.199097,144,7311.879052
-50.06089,144,7315.915785
-49.89506,144,7315.915821
-49.21027,144,7319.954729
-50.93306,144,7319.954764
-52.255154,144,7323.963518
-50.31717,144,7323.963553
-56.369358,144,7328.014051
-56.87546,144,7328.014088
-57.89836,144,7332.550804
-48.051346,144,7332.550837
-59.858845,144,7336.529516
-51.003258,144,7336.529556
-59.132824,144,7340.596919
-62.101402,144,7340.596959
-61.3108,144,7344.664636
-52.78996,144,7344.664673
-62.063766,144,7348.71174
-54.696266,144,7348.711775
-55.180023,144,7353.238205
-54.910957,144,7353.23824
-53.260853,144,7357.173247
-53.7344,144,7357.173284
-56.999844,144,7361.216403
-49.843254,144,7361.216439
-46.1757,144,7365.238906
-53.421886,144,7365.238939
-54.33812,144,7369.280701
-52.101376,144,7369.280735
-49.532257,144,7373.84435
-56.60982,144,7373.844383
-55.650303,144,7377.837852
-53.2538,144,7377.837888
-49.903183,144,7381.858251
-52.688114,144,7381.858285
-50.60325,144,7385.90922
-54.98808,144,7385.909255
-51.631264,144,7390.442171
-51.58506,144,7390.442202
-66.85883,144,7394.420993
-59.44171,144,7394.421027
-49.91917,144,7398.447485
-55.215565,144,7398.44752
-50.640755,144,7402.441192
-58.76905,144,7402.441229
-51.2749,144,7406.497403
-56.3955,144,7406.497439
-48.368137,144,7410.481263
-53.01712,144,7410.481298
-46.848293,144,7414.529163
-55.000683,144,7414.529204
-55.76131,144,7418.568511
-55.289207,144,7418.568547
-49.5364,144,7422.586287
-55.725006,144,7422.586321
-49.840942,144,7426.5978
-55.387264,144,7426.597838
-51.76518,144,7430.613652
-47.25171,144,7430.613688
-54.095284,144,7434.640711
-51.024097,144,7434.64075
-55.582348,144,7438.660307
-59.956547,144,7438.660343
-57.616585,144,7442.678438
-52.65479,144,7442.678483
-50.862514,144,7446.719228
-53.440598,144,7446.719265
-57.589973,144,7450.739109
-55.568573,144,7450.739144
-49.09865,144,7454.826502
-50.214905,144,7454.826539
-51.8064,144,7458.860606
-59.43893,144,7458.860647
-57.968193,144,7462.904911
-50.938183,144,7462.904947
-61.395546,144,7466.917594
-56.436996,144,7466.91763
-50.00319,144,7471.409127
-50.3781,144,7471.409165
-51.45339,144,7475.341103
-53.690613,144,7475.341143
-58.99626,144,7479.399199
-58.266094,144,7479.399233
-53.112263,144,7483.414089
-53.896713,144,7483.414131
-48.555428,144,7487.424792
-57.73597,144,7487.424827
-47.960114,144,7491.444888
-57.109585,144,7491.444924
-53.06429,144,7495.450441
-57.766,144,7495.450475
-54.62989,144,7499.490129
-50.226284,144,7499.490165
-52.861374,144,7503.48436
-57.725204,144,7503.484395
-43.065533,144,7507.492375
-60.91963,144,7507.49241
-56.503017,144,7511.527181
-54.199043,144,7511.527214
-49.07613,144,7515.512908
-50.630695,144,7515.512943
-48.91838,144,7519.538574
-50.71676,144,7519.538615
-46.740772,144,7523.54799
-49.75967,144,7523.548025
-49.656437,144,7527.559283
-43.502533,144,7527.559319
-48.762257,144,7531.606234
-58.502,144,7531.606277
-51.103546,144,7535.710597
-52.062386,144,7535.710633
-53.166153,144,7539.749112
-57.371445,144,7539.749152
-54.74647,144,7543.810457
-50.74859,144,7543.810492
-46.021,144,7547.838585
-51.784473,144,7547.838621
-48.20811,144,7551.86528
-56.873363,144,7551.865313
-59.184555,144,7555.908024
-47.539505,144,7555.908058
-55.529568,144,7559.890608
-50.822273,144,7559.890645
-53.39945,144,7563.942291
-53.96018,144,7563.942327
-48.15072,144,7567.993168
-56.622314,144,7567.993206
-56.026497,144,7572.087248
-60.64357,144,7572.087283
-50.058754,144,7576.122058
-52.30033,144,7576.122094
-44.81274,144,7580.129944
-50.883373,144,7580.129986
-51.649536,144,7584.142867
-46.47976,144,7584.142904
-53.019287,144,7588.218979
-50.131714,144,7588.219013
-49.739464,144,7592.258469
-54.107742,144,7592.258504
-48.667957,144,7596.301552
-53.202053,144,7596.301588
-62.669064,144,7600.37305
-59.069477,144,7600.373086
-53.449642,144,7604.39781
-50.96846,144,7604.397845
-52.870945,144,7608.427971
-52.083294,144,7608.428006
-51.341137,144,7612.44648
-49.7644,144,7612.446518
-49.49157,144,7616.459374
-47.308033,144,7616.45941
-58.62337,144,7620.481275
-59.782997,144,7620.481308
-48.884937,144,7624.473588
-53.069508,144,7624.473624
-53.006252,144,7628.49537
-53.855568,144,7628.49541
-53.42394,144,7633.020429
-56.10474,144,7633.020464
-51.63019,144,7636.983964
-52.87996,144,7636.983999
-51.119156,144,7641.021996
-49.069973,144,7641.022029
-48.960175,144,7644.996353
-49.34806,144,7644.996388
-51.376522,144,7649.029225
-54.046177,144,7649.02926
-48.05848,144,7653.049738
-54.475853,144,7653.049771
-50.402744,144,7657.0932
-51.90483,144,7657.093236
-51.16965,144,7661.11604
-49.228546,144,7661.116076
-45.072746,144,7665.19484
-54.74079,144,7665.194881
-50.24743,144,7669.205186
-50.402786,144,7669.205221
-50.73806,144,7673.235385
-53.306244,144,7673.23542
-50.167408,144,7677.258795
-51.423252,144,7677.258829
-43.16147,144,7681.307444
-52.408653,144,7681.30748
-48.35415,144,7685.342074
-49.68846,144,7685.342109
-49.994286,144,7689.401639
-49.924984,144,7689.401674
-43.635063,144,7693.449633
-52.463505,144,7693.449669
-50.89482,144,7697.471376
-55.915016,144,7697.47141
-52.8682,144,7701.58648
-46.097523,144,7701.586515
-48.312782,144,7705.667027
-47.37797,144,7705.667063
-45.05307,144,7709.733347
-52.33784,144,7709.733381
-50.982418,144,7713.780066
-51.859833,144,7713.780101
-51.448654,144,7717.804296
-55.33108,144,7717.804331
-51.781715,144,7721.807521
-47.365124,144,7721.807557
-50.897297,144,7725.865011
-54.027275,144,7725.865046
-48.970863,144,7729.900174
-52.638348,144,7729.900208
-53.491085,144,7733.91997
-45.66088,144,7733.920008
-49.140465,144,7737.95014
-52.856525,144,7737.950181
-52.894016,144,7741.969952
-57.2356,144,7741.969987
-56.644566,144,7746.003423
-52.465534,144,7746.003458
-45.94462,144,7750.032488
-54.642994,144,7750.032521
-54.101006,144,7754.565818
-52.85667,144,7754.565858
-44.313545,144,7758.549274
-48.157257,144,7758.549309
-48.47468,144,7762.64635
-46.245552,144,7762.646392
-53.84847,144,7767.159792
-51.414124,144,7767.159825
-43.745293,144,7771.143956
-46.257664,144,7771.143989
-49.84444,144,7775.218559
-52.504387,144,7775.218602
-51.935978,144,7779.233815
-48.115368,144,7779.23385
-55.127415,144,7783.260499
-51.53586,144,7783.260534
-49.2827,144,7787.279257
-50.762054,144,7787.279292
-44.190857,144,7791.32551
-49.172768,144,7791.325547
-47.53264,144,7795.374275
-50.315872,144,7795.374314
-49.572247,144,7799.381649
-50.02685,144,7799.381684
-51.741325,144,7803.434475
-59.30493,144,7803.434515
-48.930347,144,7807.457653
-46.612633,144,7807.457688
-45.036148,144,7811.515278
-50.107742,144,7811.515317
-52.42887,144,7815.559706
-50.099415,144,7815.559741
-57.580635,144,7819.582786
-47.726883,144,7819.582819
-50.487396,144,7823.594512
-49.3786,144,7823.594546
-46.84856,144,7828.129567
-50.600822,144,7828.129597
-47.639736,144,7832.140736
-52.01537,144,7832.140771
-46.98693,144,7836.147039
-48.99691,144,7836.147076
-58.924664,144,7840.173229
-56.466404,144,7840.173262
-50.04996,144,7844.225278
-49.990307,144,7844.225314
-48.987526,144,7848.223117
-44.61087,144,7848.223158
-52.266926,144,7852.30067
-55.630424,144,7852.300705
-50.17477,144,7856.345424
-52.287346,144,7856.345459
-51.57236,144,7860.356119
-49.654907,144,7860.356153
-39.313286,144,7864.881849
-51.84424,144,7864.881879
-57.61866,144,7868.851334
-45.902386,144,7868.851367
-54.19245,144,7872.872831
-48.52425,144,7872.872867
-49.777065,144,7876.966618
-57.099426,144,7876.966652
-41.82932,144,7880.998473
-53.342186,144,7880.998511
-44.329796,144,7884.974691
-43.735558,144,7884.974724
-58.10549,144,7889.026505
-50.89912,144,7889.026541
-53.572777,144,7893.037103
-55.550777,144,7893.037138
-50.954834,144,7897.058148
-50.542892,144,7897.058188
-53.456905,144,7901.101409
-55.54435,144,7901.101451
-46.770733,144,7905.359383
-50.30434,144,7905.359419
-66.16832,144,7909.470078
-50.277737,144,7909.470143
-47.4126,144,7913.492876
-54.462933,144,7913.492913
-44.273983,144,7917.561951
-49.384884,144,7917.561985
-48.393166,144,7921.612572
-54.57883,144,7921.612604
-45.328682,144,7925.665699
-50.70796,144,7925.665735
-49.069332,144,7929.662617
-52.128567,144,7929.662657
-45.68313,144,7933.684986
-55.736603,144,7933.685021
-44.05844,144,7937.734761
-50.418755,144,7937.734795
-49.1465,144,7941.797011
-50.33988,144,7941.797049
-47.75805,144,7945.807449
-48.837505,144,7945.807485
-49.5977,144,7949.805625
-45.136345,144,7949.805661
-49.781475,144,7953.846426
-52.830784,144,7953.846461
-58.875095,144,7957.894703
-49.996067,144,7957.894739
-45.437916,144,7961.894109
-51.329094,144,7961.894144
-57.35414,144,7965.919427
-48.70973,144,7965.919461
-47.172726,144,7969.93683
-51.371643,144,7969.936865
-48.65986,144,7974.003895
-45.139893,144,7974.003954
-44.6102,144,7978.482973
-52.99394,144,7978.483012
-49.459087,144,7982.399918
-56.188618,144,7982.399953
-49.043785,144,7986.40354
-45.47918,144,7986.403574
-56.371765,144,7990.435497
-51.923904,144,7990.435532
-51.662952,144,7994.461897
-53.56889,144,7994.461931
-54.514263,144,7998.511997
-49.940872,144,7998.512036
-53.170624,144,8002.55097
-47.04859,144,8002.551005
-50.055805,144,8007.079027
-56.153038,144,8007.079058
-50.797283,144,8011.031749
-50.637867,144,8011.031785
-49.744926,144,8015.674508
-49.110046,144,8015.674544
-51.206394,144,8019.801043
-53.66141,144,8019.801093
-50.09339,144,8024.451237
-46.343864,144,8024.451269
-51.91702,144,8029.090642
-62.32496,144,8029.090674
-53.675396,144,8033.109541
-55.767624,144,8033.109577
-50.40462,144,8037.146508
-44.78633,144,8037.146545
-47.07824,144,8041.133258
-48.242928,144,8041.133295
-43.250244,144,8045.168097
-54.319,144,8045.168133
-41.703506,144,8049.194696
-50.78246,144,8049.19473
-47.78309,144,8053.194097
-48.12743,144,8053.194134
-45.640797,144,8057.228057
-50.979534,144,8057.228102
-49.240692,144,8061.307337
-48.846603,144,8061.307378
-43.833,144,8065.895916
-45.02814,144,8065.895947
-45.683544,144,8069.854904
-46.47547,144,8069.854939
-54.173508,144,8073.888364
-51.01731,144,8073.888399
-52.959137,144,8077.943723
-48.905037,144,8077.94376
-54.90754,144,8081.989477
-46.239635,144,8081.989517
-47.162025,144,8085.986737
-50.52692,144,8085.986773
-47.987087,144,8090.080361
-50.65967,144,8090.080404
-47.422592,144,8094.16631
-52.522655,144,8094.166347
-49.95616,144,8098.685179
-48.89106,144,8098.685213
-46.78663,144,8102.656851
-49.507782,144,8102.65689
-50.67814,144,8106.671162
-45.704132,144,8106.671199
-43.77131,144,8110.693182
-49.68807,144,8110.693217
-47.03388,144,8114.675009
-55.112606,144,8114.675045
-45.45131,144,8118.674783
-53.69592,144,8118.674818
-48.774223,144,8122.704302
-52.384014,144,8122.704345
-46.921726,144,8126.723557
-45.046345,144,8126.723593
-49.230137,144,8130.753746
-48.358204,144,8130.753779
-43.432716,144,8134.779759
-48.7979,144,8134.779793
-47.32431,144,8138.816629
-49.74779,144,8138.816666
-49.217686,144,8142.849736
-51.650433,144,8142.849772
-44.75595,144,8146.83759
-44.221245,144,8146.837626
-45.00059,144,8150.845925
-45.67665,144,8150.845961
-44.98803,144,8154.811286
-40.656857,144,8154.811321
-39.823944,144,8158.818562
-48.52891,144,8158.818599
-44.01349,144,8162.828463
-46.1747,144,8162.8285
-48.28477,144,8166.862514
-49.810287,144,8166.862546
-45.405502,144,8170.926963
-52.19178,144,8170.927002
-45.4462,144,8174.980222
-50.97806,144,8174.980257
-49.765045,144,8178.975999
-51.94521,144,8178.976031
-51.697296,144,8183.013541
-53.10984,144,8183.013644
-49.59874,144,8187.016375
-47.651836,144,8187.016413
-49.489567,144,8191.029305
-45.55162,144,8191.02934
-46.338757,144,8195.579366
-57.576454,144,8195.579396
-43.263027,144,8199.495926
-44.92698,144,8199.495963
-45.134148,144,8203.5827
-50.987015,144,8203.582737
-42.429085,144,8207.644167
-50.327763,144,8207.644203
-50.68509,144,8211.678684
-48.826694,144,8211.67872
-53.163723,144,8215.752814
-49.820587,144,8215.752849
-51.996094,144,8219.81999
-52.70225,144,8219.820026
-46.811546,144,8223.857818
-56.26261,144,8223.857853
-49.08263,144,8227.888251
-54.410275,144,8227.888284
-51.578247,144,8231.921285
-50.03072,144,8231.921321
-52.54713,144,8235.938437
-49.948963,144,8235.938473
-58.97143,144,8240.008193
-51.625587,144,8240.008228
-48.197495,144,8244.068888
-46.270885,144,8244.068921
-49.30578,144,8248.113173
-57.34555,144,8248.113213
-48.650745,144,8252.151558
-48.67227,144,8252.151592
-47.41979,144,8256.183776
-49.593735,144,8256.183811
-49.300613,144,8260.178237
-53.23814,144,8260.178272
-47.82775,144,8264.196467
-41.174473,144,8264.196502
-51.4702,144,8268.238973
-49.030422,144,8268.23901
-43.961636,144,8272.268422
-50.50842,144,8272.268458
-57.357048,144,8276.329599
-54.721558,144,8276.329632
-47.552998,144,8280.388514
-48.545586,144,8280.388548
-42.239952,144,8284.451306
-46.826733,144,8284.451342
-44.142673,144,8288.483556
-43.223183,144,8288.483591
-49.12445,144,8292.55486
-56.5886,144,8292.554895
-49.386448,144,8296.575977
-52.381172,144,8296.576011
-47.512417,144,8300.598131
-51.328197,144,8300.598168
-48.689953,144,8304.621948
-50.660416,144,8304.621982
-56.83621,144,8308.672401
-51.90149,144,8308.672438
-45.86072,144,8312.684855
-51.5648,144,8312.684893
-52.067776,144,8316.72324
-47.807953,144,8316.723274
-48.18047,144,8320.748375
-49.564598,144,8320.748411
-43.287025,144,8324.7618
-55.062267,144,8324.761836
-48.0618,144,8328.820689
-51.747246,144,8328.820724
-56.262768,144,8332.903068
-51.311646,144,8332.903103
-47.124237,144,8336.913383
-49.171642,144,8336.913416
-44.83988,144,8340.953619
-48.480858,144,8340.953654
-48.85317,144,8344.923239
-46.825317,144,8344.923273
-51.6438,144,8348.954597
-48.199024,144,8348.954633
-50.605305,144,8352.996258
-45.863792,144,8352.996293
-56.52389,144,8356.989518
-49.98,144,8356.989552
-53.090782,144,8360.981909
-49.925095,144,8360.981945
-48.49434,144,8365.009874
-58.47862,144,8365.009912
-54.244846,144,8369.020676
-54.809937,144,8369.020715
-48.18903,144,8373.125586
-47.790154,144,8373.125623
-50.577374,144,8377.180623
-51.88189,144,8377.180659
-57.639004,144,8381.208922
-57.560394,144,8381.208958
-52.647533,144,8385.268709
-49.54014,144,8385.268744
-52.713593,144,8389.305919
-55.945465,144,8389.305955
-55.367653,144,8393.323252
-48.417854,144,8393.323287
-47.82531,144,8397.353188
-49.09509,144,8397.353224
-51.61396,144,8401.381389
-53.713646,144,8401.381427
-50.033173,144,8405.919647
-50.15065,144,8405.919682
-53.287575,144,8409.908062
-54.109383,144,8409.908096
-48.555164,144,8413.917177
-51.846096,144,8413.917212
-53.806404,144,8417.984643
-46.306038,144,8417.984678
-45.750263,144,8422.047597
-53.70687,144,8422.047634
-55.028988,144,8426.101282
-48.08163,144,8426.101318
-42.946144,144,8430.141181
-44.360027,144,8430.141221
-43.86393,144,8434.217176
-47.288483,144,8434.21722
-51.609844,144,8438.801197
-47.88447,144,8438.80123
-52.342358,144,8442.825077
-54.415718,144,8442.825111
-56.743896,144,8447.380351
-54.464825,144,8447.380384
-46.836296,144,8451.344368
-48.386574,144,8451.344402
-48.903355,144,8455.372281
-54.3322,144,8455.372319
-50.590195,144,8459.395553
-53.35864,144,8459.395589
-52.969505,144,8463.40014
-51.244232,144,8463.400176
-47.377514,144,8467.422273
-47.782665,144,8467.422309
-47.769882,144,8471.485315
-49.581898,144,8471.485353
-51.0948,144,8476.014978
-50.830673,144,8476.015011
-51.888546,144,8480.020487
-51.723766,144,8480.020521
-53.354458,144,8484.042992
-47.810318,144,8484.043026
-52.72701,144,8488.080334
-51.176075,144,8488.08037
-52.121147,144,8492.120995
-52.216526,144,8492.121029
-57.645,144,8496.63086
-50.935795,144,8496.6309
-43.98368,144,8500.606823
-50.68222,144,8500.606858
-49.76545,144,8504.652707
-47.427227,144,8504.652745
-46.07565,144,8508.652339
-45.74962,144,8508.652376
-52.238297,144,8512.659534
-42.618416,144,8512.659571
-47.340065,144,8516.678493
-43.71973,144,8516.67853
-45.485825,144,8520.730875
-50.30598,144,8520.730911
-46.229023,144,8524.811141
-45.812794,144,8524.811177
-48.018612,144,8528.851723
-53.028774,144,8528.851756
-43.157707,144,8533.461843
-49.472614,144,8533.461875
-44.896114,144,8537.447477
-45.960094,144,8537.447512
-45.722374,144,8541.517027
-48.209206,144,8541.517087
-44.2835,144,8545.547992
-48.046574,144,8545.548029
-43.045918,144,8549.573587
-45.185474,144,8549.573624
-41.29711,144,8553.598687
-48.684593,144,8553.598725
-44.393,144,8557.614914
-50.96511,144,8557.614949
-40.438686,144,8561.651394
-45.701664,144,8561.65143
-44.862408,144,8565.722145
-46.321384,144,8565.722181
-50.91832,144,8569.786839
-56.281685,144,8569.786877
-52.571415,144,8573.817969
-49.83447,144,8573.818003
-45.176716,144,8577.859295
-53.70071,144,8577.859329
-47.462383,144,8582.411125
-55.871708,144,8582.411156
-47.689598,144,8586.389028
-49.593117,144,8586.389063
-48.54567,144,8590.450697
-52.72306,144,8590.450735
-47.681107,144,8594.483645
-49.10218,144,8594.483679
-55.09228,144,8598.494869
-46.06971,144,8598.49491
-43.85988,144,8602.549578
-50.134304,144,8602.549619
-48.52897,144,8607.109465
-41.427334,144,8607.109498
-48.531403,144,8610.999976
-40.724026,144,8611.000009
-45.141453,144,8615.051469
-49.003494,144,8615.051505
-41.48615,144,8619.026428
-42.81845,144,8619.026462
-48.155334,144,8623.03157
-43.67033,144,8623.031605
-48.85193,144,8627.089085
-41.509132,144,8627.08912
-55.6754,144,8631.094528
-50.90397,144,8631.094563
-49.00736,144,8635.144176
-48.608326,144,8635.144211
-49.751274,144,8639.669626
-47.79834,144,8639.669658
-48.79058,144,8643.633767
-48.43804,144,8643.633806
-47.51767,144,8647.695035
-48.29518,144,8647.695073
-46.22774,144,8651.732684
-45.569675,144,8651.73272
-49.683987,144,8655.788862
-61.14038,144,8655.788901
-47.057415,144,8659.808722
-52.72105,144,8659.808757
-46.765907,144,8663.84205
-46.172066,144,8663.842087
-43.966682,144,8667.835751
-55.493355,144,8667.835785
-41.05772,144,8671.848876
-51.623672,144,8671.848913
-57.310074,144,8675.871737
-49.877316,144,8675.871779
-47.05858,144,8679.905864
-52.624935,144,8679.905898
-49.43997,144,8683.943851
-51.721867,144,8683.943886
-52.463505,144,8687.997048
-52.37222,144,8687.997086
-44.39983,144,8692.013367
-52.425007,144,8692.013402
-47.19416,144,8696.067286
-50.763462,144,8696.067323
-46.70508,144,8700.073148
-51.23498,144,8700.073184
-47.203575,144,8704.057847
-48.182796,144,8704.057884
-44.820484,144,8708.096364
-49.731537,144,8708.096401
-52.268875,144,8712.167331
-55.25309,144,8712.167366
-50.32163,144,8716.177841
-47.82957,144,8716.177878
-52.443836,144,8720.193653
-54.060207,144,8720.193689
-49.642914,144,8724.218352
-50.12072,144,8724.218388
-46.026653,144,8728.257885
-57.421196,144,8728.25792
-50.661285,144,8732.302548
-48.7904,144,8732.302587
-48.756332,144,8736.3093
-51.87099,144,8736.309335
-40.08046,144,8740.338641
-49.780598,144,8740.338678
-42.874428,144,8744.394437
-52.66703,144,8744.394472
-48.351875,144,8748.413428
-48.85233,144,8748.413463
-50.068478,144,8752.944179
-46.639317,144,8752.944212
-46.328434,144,8756.890925
-46.473034,144,8756.890962
-47.35898,144,8760.93427
-45.157444,144,8760.934304
-45.375782,144,8764.953695
-51.711277,144,8764.953731
-49.29206,144,8768.988769
-48.06953,144,8768.988803
-49.05414,144,8773.574106
-50.216263,144,8773.574138
-45.71669,144,8777.518816
-49.631027,144,8777.518853
-50.823803,144,8781.575524
-50.69463,144,8781.575557
-42.17641,144,8785.595328
-43.58937,144,8785.595367
-45.513256,144,8790.136025
-42.96975,144,8790.136061
-47.94066,144,8794.115722
-48.576294,144,8794.115758
-50.073124,144,8798.089123
-47.333775,144,8798.089158
-49.09203,144,8802.184221
-49.736736,144,8802.184257
-51.282036,144,8806.708461
-48.790794,144,8806.708496
-43.431576,144,8810.700374
-49.298737,144,8810.700414
-43.661217,144,8814.779252
-49.016033,144,8814.779284
-48.761944,144,8818.858069
-46.87416,144,8818.858101
-50.032608,144,8822.870761
-53.306732,144,8822.870796
-50.10801,144,8826.895318
-51.431374,144,8826.89535
-44.193638,144,8830.967175
-41.774105,144,8830.967211
-51.769146,144,8835.509315
-46.675667,144,8835.509347
-52.24736,144,8839.478447
-45.042076,144,8839.478484
-43.473877,144,8843.511716
-47.217915,144,8843.511753
-55.43377,144,8847.56604
-48.63671,144,8847.566074
-50.87539,144,8851.588181
-49.04917,144,8851.588217
-45.85498,144,8855.596895
-48.206013,144,8855.596935
-56.848526,144,8859.601632
-43.142944,144,8859.601669
-48.089054,144,8863.57911
-43.720074,144,8863.579145
-47.45564,144,8867.576652
-47.011295,144,8867.576686
-55.544266,144,8871.585206
-49.803883,144,8871.585241
-47.050728,144,8875.585067
-49.869102,144,8875.585102
-45.83308,144,8879.593073
-51.035423,144,8879.593108
-50.162052,144,8883.631089
-51.903133,144,8883.63113
-49.857563,144,8887.684118
-50.004208,144,8887.684154
-48.439945,144,8891.712186
-46.464596,144,8891.712223
-48.41968,144,8895.737919
-48.596615,144,8895.737956
-45.072178,144,8899.814307
-52.372654,144,8899.814344
-47.246597,144,8903.829115
-49.403435,144,8903.829149
-49.85315,144,8907.872244
-53.215847,144,8907.872278
-49.90757,144,8911.902628
-54.099392,144,8911.902661
-43.83373,144,8916.03392
-45.300213,144,8916.033962
-50.777054,144,8920.249149
-51.92624,144,8920.249199
-44.539875,144,8924.378915
-49.161953,144,8924.378958
-49.246914,144,8929.008106
-50.68572,144,8929.008143
-49.897514,144,8933.039776
-53.953083,144,8933.039809
-44.812805,144,8937.038056
-52.547493,144,8937.038092
-43.340343,144,8941.06906
-44.82441,144,8941.069095
-47.094193,144,8945.139324
-41.825577,144,8945.13936
-50.929523,144,8949.147065
-47.594852,144,8949.147104
-46.140587,144,8953.143488
-44.903404,144,8953.143523
-44.788296,144,8957.205048
-49.021336,144,8957.20508
-48.38949,144,8961.279207
-62.103626,144,8961.279243
-52.642467,144,8965.45745
-49.077366,144,8965.457482
-50.697315,144,8969.479465
-46.785816,144,8969.479501
-48.912403,144,8973.63044
-51.45218,144,8973.63048
-48.082275,144,8978.355245
-45.099957,144,8978.355279
-48.922832,144,8982.94395
-45.95112,144,8982.943982
-52.334873,144,8987.080332
-47.344963,144,8987.080378
-53.604115,144,8991.159945
-50.865196,144,8991.159995
-45.805294,144,8995.21522
-53.811073,144,8995.215254
-47.917477,144,8999.240348
-47.730507,144,8999.240384
-43.645218,144,9003.293404
-47.176563,144,9003.293439
-58.444492,144,9007.329653
-48.906982,144,9007.329688
-47.97914,144,9011.343901
-47.875362,144,9011.343935
-47.61873,144,9015.425572
-46.762814,144,9015.42562
-51.200108,144,9019.562017
-46.66428,144,9019.562053
-53.234947,144,9023.623891
-51.927975,144,9023.623928
-45.364437,144,9027.635123
-47.145058,144,9027.635161
-48.52277,144,9031.686238
-59.58336,144,9031.686273
-45.752277,144,9035.751007
-54.27846,144,9035.75104
-44.664738,144,9039.774624
-43.610977,144,9039.774661
-51.80052,144,9043.798534
-52.40825,144,9043.798569
-45.121033,144,9047.804104
-48.17051,144,9047.804139
-39.397335,144,9051.820812
-45.26627,144,9051.820846
-54.80754,144,9055.856759
-52.446342,144,9055.856793
-49.171726,144,9059.89689
-54.7639,144,9059.896928
-42.826286,144,9063.902213
-47.134487,144,9063.90225
-51.23446,144,9067.899723
-51.79823,144,9067.89976
-46.148624,144,9071.921064
-53.63883,144,9071.921101
-43.404926,144,9075.91677
-37.534416,144,9075.916808
-46.371128,144,9079.952063
-53.78669,144,9079.952097
-50.8568,144,9084.484711
-54.640533,144,9084.484745
-53.47431,144,9088.421261
-47.03183,144,9088.421296
-41.79321,144,9092.454388
-46.096718,144,9092.454423
-45.573143,144,9096.534374
-50.536297,144,9096.53441
-44.754158,144,9100.556141
-40.960594,144,9100.556177
-44.973732,144,9104.587102
-49.55164,144,9104.587138
-42.060314,144,9108.688404
-50.561714,144,9108.68844
-46.3243,144,9112.736901
-46.337753,144,9112.736941
-50.46605,144,9116.856592
-51.32648,144,9116.856634
-50.276634,144,9120.887914
-44.68336,144,9120.887947
-49.442024,144,9124.933859
-48.016567,144,9124.933895
-44.305546,144,9128.975839
-54.079163,144,9128.975875
-40.944324,144,9133.002685
-48.52716,144,9133.00272
-46.812637,144,9137.050727
-48.920574,144,9137.050763
-44.293964,144,9141.105415
-48.09411,144,9141.105449
-40.546326,144,9145.132389
-41.51103,144,9145.132425
-49.065662,144,9149.187135
-41.8402,144,9149.18717
-44.501537,144,9153.213913
-52.883778,144,9153.213948
-47.7147,144,9157.25309
-52.831192,144,9157.253127
-47.07307,144,9161.319769
-49.607132,144,9161.319806
-51.806973,144,9165.352749
-48.53103,144,9165.352785
-46.519318,144,9169.416191
-49.15566,144,9169.416226
-50.006462,144,9173.965035
-50.730976,144,9173.965077
-51.301212,144,9177.926772
-47.611973,144,9177.926806
-44.105877,144,9181.947049
-51.68277,144,9181.947083
-49.852303,144,9185.985842
-46.283558,144,9185.985877
-52.010704,144,9190.065766
-49.34394,144,9190.065799
-46.757755,144,9194.089216
-49.171165,144,9194.089252
-52.196167,144,9198.1121
-48.28451,144,9198.112136
-45.872032,144,9202.112384
-45.61998,144,9202.112421
-47.504883,144,9206.17884
-47.75058,144,9206.17888
-40.49382,144,9210.175883
-43.690945,144,9210.175918
-51.240032,144,9214.530067
-53.06424,144,9214.530106
-50.746273,144,9218.612054
-51.941837,144,9218.612103
-55.654705,144,9222.666117
-47.428944,144,9222.666153
-50.84951,144,9226.699668
-43.374313,144,9226.699709
-49.11043,144,9230.861629
-45.176468,144,9230.861662
-45.25987,144,9234.875908
-46.429718,144,9234.875944
-46.315037,144,9238.908642
-51.028843,144,9238.908677
-49.02009,144,9243.435149
-45.908245,144,9243.435181
-45.288654,144,9247.440451
-57.40223,144,9247.440485
-50.450897,144,9251.952654
-51.338833,144,9251.952688
-43.744434,144,9256.403692
-51.860752,144,9256.403723
-45.233063,144,9260.334169
-45.878223,144,9260.334206
-48.394863,144,9264.363988
-57.770226,144,9264.364025
-57.75122,144,9268.349016
-50.135475,144,9268.349056
-46.985195,144,9272.379559
-49.737667,144,9272.379595
-43.104652,144,9276.422033
-46.537045,144,9276.422071
-42.367764,144,9280.426675
-48.197292,144,9280.426711
-50.732533,144,9284.464284
-44.722622,144,9284.464322
-45.100815,144,9288.48684
-43.81047,144,9288.486879
-42.361797,144,9292.516509
-44.964333,144,9292.516544
-47.100155,144,9296.584794
-48.171764,144,9296.584827
-48.51753,144,9300.567234
-47.96831,144,9300.567269
-45.01073,144,9304.578481
-50.622627,144,9304.578517
-50.53158,144,9308.635695
-52.401127,144,9308.635731
-41.880188,144,9312.699573
-51.872364,144,9312.699614
-55.93324,144,9316.75852
-52.9873,144,9316.758561
-46.02499,144,9320.790687
-51.594746,144,9320.790722
-48.297302,144,9324.821579
-49.583977,144,9324.821613
-49.874596,144,9328.84796
-47.407295,144,9328.847993
-44.749897,144,9332.89493
-52.579594,144,9332.894968
-50.260273,144,9336.931897
-46.35531,144,9336.931932
-54.776024,144,9340.999207
-47.3556,144,9340.999244
-43.461452,144,9344.981987
-47.266876,144,9344.982025
-44.535995,144,9349.048863
-50.30552,144,9349.048899
-45.819214,144,9353.049158
-46.737186,144,9353.049194
-47.299774,144,9357.102164
-44.84288,144,9357.1022
-49.71351,144,9361.176044
-49.071842,144,9361.176083
-48.83183,144,9365.228369
-55.1833,144,9365.228404
-43.771515,144,9369.723916
-45.589836,144,9369.723947
-48.880844,144,9373.663794
-48.365005,144,9373.66383
-53.503063,144,9377.693223
-46.457138,144,9377.693258
-44.124268,144,9381.723402
-45.79808,144,9381.723438
-46.01727,144,9385.715302
-51.957527,144,9385.715337
-47.693027,144,9389.719154
-50.579075,144,9389.719192
-46.95235,144,9393.736862
-46.87736,144,9393.736901
-47.839214,144,9397.753517
-48.128437,144,9397.753553
-47.991512,144,9401.759533
-44.511642,144,9401.759566
-54.354992,144,9405.801353
-55.025826,144,9405.80139
-45.435307,144,9409.826058
-47.95153,144,9409.826093
-51.87423,144,9413.840546
-52.08081,144,9413.840582
-43.736153,144,9418.34548
-48.979874,144,9418.345513
-44.245968,144,9422.283955
-50.677967,144,9422.283992
-54.07717,144,9426.293425
-49.12883,144,9426.29346
-41.067238,144,9430.337009
-48.076508,144,9430.337045
-51.933037,144,9434.330556
-44.532997,144,9434.330593
-48.3137,144,9438.350022
-46.232,144,9438.350058
-46.127903,144,9442.411107
-47.00422,144,9442.411145
-46.399815,144,9446.435045
-46.600655,144,9446.435078
-50.596043,144,9450.454752
-52.527122,144,9450.454795
-42.684883,144,9454.564369
-47.164593,144,9454.564404
-42.101036,144,9458.556056
-47.460304,144,9458.556093
-46.181232,144,9462.558846
-56.50378,144,9462.558881
-53.567184,144,9466.61305
-52.240246,144,9466.613085
-52.174236,144,9470.615953
-45.37621,144,9470.615988
-53.921795,144,9474.634935
-45.402733,144,9474.63497
-50.639446,144,9478.637784
-48.190914,144,9478.637832
-46.214443,144,9482.668011
-50.496048,144,9482.668049
-48.597603,144,9486.724833
-53.048367,144,9486.724869
-52.80358,144,9490.757055
-55.876297,144,9490.75709
-41.002743,144,9494.747888
-51.247334,144,9494.747933
-50.029545,144,9498.761314
-55.44366,144,9498.761351
-44.47938,144,9503.288611
-53.935253,144,9503.288643
-45.03217,144,9507.353971
-45.74603,144,9507.354006
-47.038555,144,9511.384806
-45.47164,144,9511.384838
-53.582054,144,9515.483947
-60.837196,144,9515.483983
-47.263474,144,9519.486767
-55.000916,144,9519.486802
-45.406544,144,9523.542761
-50.631012,144,9523.542804
-43.84929,144,9527.561737
-46.699577,144,9527.561782
-47.148933,144,9531.594068
-47.206562,144,9531.594107
-47.830814,144,9535.61743
-47.247498,144,9535.617467
-46.855198,144,9539.635938
-43.832207,144,9539.635978
-48.265446,144,9543.680587
-51.367043,144,9543.680624
-49.131298,144,9547.724504
-48.06571,144,9547.724542
-52.995808,144,9551.757049
-54.589283,144,9551.757084
-42.103848,144,9555.769037
-49.278954,144,9555.769072
-44.710037,144,9559.80989
-47.683807,144,9559.809926
-49.837673,144,9563.85589
-55.994587,144,9563.855922
-57.193523,144,9567.913121
-48.834927,144,9567.91316
-55.82117,144,9571.971956
-55.432755,144,9571.971992
-42.550167,144,9575.990097
-56.01598,144,9575.990133
-52.948063,144,9580.023427
-49.30418,144,9580.023461
-49.455704,144,9584.078965
-48.489727,144,9584.079003
-50.052036,144,9588.121722
-49.36452,144,9588.121758
-45.756073,144,9592.170406
-48.362396,144,9592.170439
-54.977222,144,9596.230796
-60.95685,144,9596.230835
-41.66006,144,9600.271985
-51.889313,144,9600.272022
-48.521763,144,9604.321621
-46.897472,144,9604.321664
-50.31576,144,9608.362765
-45.763447,144,9608.362801
-47.812733,144,9612.379413
-50.145157,144,9612.379456
-42.04459,144,9616.438923
-43.838852,144,9616.438965
-59.14573,144,9620.461333
-44.7213,144,9620.461365
-46.07514,144,9624.51934
-39.021526,144,9624.519376
-45.931004,144,9628.508874
-51.037643,144,9628.508908
-46.72872,144,9632.569177
-58.133007,144,9632.569213
-46.864216,144,9636.626662
-47.323734,144,9636.626698
-36.268085,144,9640.604284
-36.91236,144,9640.604319
-45.94119,144,9644.63792
-43.58009,144,9644.637957
-45.796143,144,9648.669089
-45.035667,144,9648.669125
-47.93765,144,9652.666915
-52.350307,144,9652.66695
-42.88492,144,9656.68844
-53.067196,144,9656.688476
-48.910313,144,9660.778908
-46.120594,144,9660.778949
-45.24216,144,9664.748644
-46.97372,144,9664.748679
-44.805378,144,9668.784246
-52.05825,144,9668.784284
-47.010117,144,9672.801154
-42.793278,144,9672.801192
-47.302387,144,9676.84758
-52.348923,144,9676.847615
-47.37075,144,9680.87421
-45.035885,144,9680.874243
-46.653465,144,9684.919724
-45.660862,144,9684.91976
-43.974434,144,9688.925065
-42.37989,144,9688.9251
-47.50568,144,9692.93372
-51.42176,144,9692.933756
-43.930653,144,9696.994705
-53.87225,144,9696.994745
-43.610226,144,9701.001205
-41.54436,144,9701.001239
-49.413105,144,9705.039391
-49.356476,144,9705.039432
-40.563427,144,9709.074606
-45.587852,144,9709.074642
-40.759197,144,9713.101249
-45.153877,144,9713.101283
-51.980614,144,9717.132711
-46.930794,144,9717.132749
-53.4509,144,9721.215112
-50.840733,144,9721.215146
-53.869076,144,9725.236519
-52.33413,144,9725.236554
-49.350548,144,9729.287333
-38.980217,144,9729.287369
-44.75079,144,9733.271758
-43.002613,144,9733.271795
-42.85003,144,9737.322159
-53.37147,144,9737.322195
-44.428074,144,9741.367232
-46.999855,144,9741.367271
-43.67319,144,9745.332837
-45.67502,144,9745.332872
-47.379517,144,9749.327699
-41.048996,144,9749.327736
-46.86273,144,9753.340589
-39.316986,144,9753.340624
-44.91884,144,9757.348039
-48.38378,144,9757.348074
-49.686626,144,9761.351621
-40.47454,144,9761.351656
-45.78881,144,9765.391614
-49.341286,144,9765.391653
-48.240868,144,9769.522382
-53.58778,144,9769.522421
-49.409733,144,9773.502072
-50.61165,144,9773.50211
-48.018047,144,9777.496216
-48.786404,144,9777.496252
-49.12207,144,9781.469805
-49.803356,144,9781.469842
-51.432404,144,9785.432138
-49.569954,144,9785.432174
-45.945297,144,9789.435249
-51.987568,144,9789.435286
-43.37069,144,9793.425257
-45.21766,144,9793.425292
-56.898773,144,9797.421531
-52.370457,144,9797.421566
-52.24012,144,9801.37605
-45.843967,144,9801.376086
-42.92429,144,9805.39455
-51.469826,144,9805.394588
-45.40239,144,9809.420822
-48.371666,144,9809.420856
-48.360435,144,9813.425406
-47.615013,144,9813.425441
-55.99952,144,9818.107012
-55.90767,144,9818.107047
-48.606205,144,9822.658992
-45.48472,144,9822.659026
-49.800045,144,9827.284365
-46.34881,144,9827.284396
-48.732986,144,9831.318296
-46.85172,144,9831.318343
-50.721443,144,9835.303505
-45.767708,144,9835.303541
-46.48372,144,9839.314954
-47.797634,144,9839.31499
-46.632214,144,9843.298651
-51.191628,144,9843.298689
-48.995728,144,9847.309585
-48.68488,144,9847.309621
-48.426605,144,9851.311378
-44.490124,144,9851.311415
-44.180267,144,9855.309646
-44.254215,144,9855.309682
-50.401592,144,9859.8896
-49.017113,144,9859.889633
-47.872337,144,9864.406231
-49.39267,144,9864.406265
-45.899685,144,9868.392191
-47.5359,144,9868.392225
-45.123127,144,9872.37012
-50.12225,144,9872.370161
-49.661617,144,9876.398815
-45.986916,144,9876.398851
-45.71753,144,9880.401491
-40.844677,144,9880.401526
-42.4909,144,9884.390689
-49.135635,144,9884.390724
-52.110645,144,9888.425574
-47.300137,144,9888.42561
-49.24814,144,9892.579298
-45.76052,144,9892.579333
-45.309185,144,9896.591299
-47.50326,144,9896.591337
-46.0968,144,9900.593486
-52.907547,144,9900.593527
-45.633717,144,9904.593024
-46.95257,144,9904.593062
-54.63118,144,9908.616266
-55.300423,144,9908.616301
-56.49515,144,9912.650458
-44.130016,144,9912.650491
-45.191666,144,9916.643411
-51.40606,144,9916.643455
-52.52674,144,9920.700441
-47.351967,144,9920.700475
-53.77467,144,9924.724184
-47.24784,144,9924.724218
-49.024372,144,9928.717842
-53.29992,144,9928.717879
-52.328632,144,9932.750446
-46.05385,144,9932.750481
-48.06572,144,9937.251368
-57.266396,144,9937.251402
-45.289383,144,9941.707462
-44.338013,144,9941.7075
-46.37963,144,9945.666598
-47.892605,144,9945.666631
-46.947365,144,9949.653251
-47.214794,144,9949.653289
-44.862545,144,9953.642091
-47.382812,144,9953.64213
-55.71447,144,9957.732158
-56.43926,144,9957.732198
-43.258873,144,9961.74174
-46.269455,144,9961.741776
-45.791683,144,9965.803677
-50.764286,144,9965.803711
-50.302044,144,9969.847446
-55.170437,144,9969.84748
-53.114815,144,9973.909212
-45.352974,144,9973.909247
-47.639797,144,9977.983715
-52.782246,144,9977.98375
-51.59152,144,9981.975694
-47.12066,144,9981.975752
-52.019756,144,9986.476615
-48.95376,144,9986.476648
-44.748386,144,9990.899039
-46.529705,144,9990.899071
-45.094624,144,9994.844843
-44.76915,144,9994.844877
-49.508083,144,9998.834752
-41.420155,144,9998.834788
-50.68765,144,10002.851886
-59.35847,144,10002.85192
-43.30027,144,10006.832582
-44.96594,144,10006.832617
-44.629322,144,10010.817669
-45.226643,144,10010.817705
-46.899864,144,10014.876621
-45.291775,144,10014.876657
-45.70957,144,10018.912475
-48.907803,144,10018.91251
-51.348488,144,10022.968552
-52.978737,144,10022.968591
-47.183765,144,10027.003581
-48.47048,144,10027.003617
-54.870716,144,10031.01488
-50.514656,144,10031.014914
-50.32015,144,10035.084578
-47.20519,144,10035.084612
-45.983055,144,10039.114041
-49.644394,144,10039.11408
-53.437572,144,10043.126864
-46.943607,144,10043.126905
-50.661854,144,10047.131291
-43.770103,144,10047.131329
-41.379143,144,10051.129819
-56.50926,144,10051.129855
-45.78088,144,10055.136789
-49.75017,144,10055.136822
-42.54359,144,10059.168674
-50.493923,144,10059.168708
-47.199554,144,10063.199668
-49.268044,144,10063.199702
-43.48118,144,10067.280183
-45.049286,144,10067.280219
-44.19531,144,10071.296656
-50.5447,144,10071.296691
-49.81375,144,10075.329032
-46.167183,144,10075.329067
-45.275993,144,10079.363438
-46.154427,144,10079.363473
-49.188183,144,10083.396029
-49.40446,144,10083.396065
-46.054516,144,10087.395499
-45.573772,144,10087.395535
-45.76176,144,10091.396815
-46.692757,144,10091.396852
-51.503864,144,10095.4441
-58.292862,144,10095.444137
-52.507286,144,10099.547402
-45.438408,144,10099.547471
-49.661938,144,10103.613721
-51.31333,144,10103.613764
-46.17773,144,10107.638572
-50.063396,144,10107.638609
-49.11056,144,10111.644494
-45.917736,144,10111.644536
-46.147408,144,10115.666944
-50.399437,144,10115.666981
-49.476395,144,10119.672017
-47.042,144,10119.672053
-44.796432,144,10123.696203
-55.12814,144,10123.696236
-46.460655,144,10127.704607
-51.430687,144,10127.704642
-48.645912,144,10131.740031
-42.601646,144,10131.740066
-44.295464,144,10135.747111
-45.772564,144,10135.747146
-44.215046,144,10139.778992
-46.25068,144,10139.779027
-51.23717,144,10143.811159
-50.37188,144,10143.811195
-54.53084,144,10147.863549
-52.434162,144,10147.863581
-45.53812,144,10151.876006
-51.441456,144,10151.876041
-48.48181,144,10155.925752
-50.993126,144,10155.925787
-48.89264,144,10159.914632
-51.864143,144,10159.914668
-46.78777,144,10163.917559
-46.556366,144,10163.917595
-50.174545,144,10167.923773
-47.96464,144,10167.923808
-47.70693,144,10171.964405
-57.057045,144,10171.964442
-49.876186,144,10176.036406
-52.912285,144,10176.036443
-52.381405,144,10180.082922
-54.802616,144,10180.082957
-44.005207,144,10184.074623
-46.41014,144,10184.074658
-46.947235,144,10188.151726
-54.00824,144,10188.151764
-48.22053,144,10192.678925
-52.327106,144,10192.678956
-48.737644,144,10196.612773
-44.05216,144,10196.612809
-59.06004,144,10200.634985
-48.207123,144,10200.635023
-43.536777,144,10204.654289
-43.366302,144,10204.654331
-47.106544,144,10208.655002
-47.280186,144,10208.655035
-51.96196,144,10212.707543
-53.266235,144,10212.707582
-46.437263,144,10216.74816
-48.055004,144,10216.748198
-45.603462,144,10220.794371
-43.628456,144,10220.794408
-46.588608,144,10224.835197
-42.97732,144,10224.835232
-41.806595,144,10229.33491
-47.905968,144,10229.334941
-45.95251,144,10233.308984
-51.38546,144,10233.309022
-42.813637,144,10237.325178
-47.393387,144,10237.325216
-57.841877,144,10241.349469
-46.36449,144,10241.349506
-46.3341,144,10245.356697
-42.42492,144,10245.356738
-47.97289,144,10249.934853
-43.366936,144,10249.934884
-43.956524,144,10253.874322
-50.845848,144,10253.874355
-44.475475,144,10258.388814
-48.059044,144,10258.388846
-46.245705,144,10262.3125
-43.40939,144,10262.312538
-44.056843,144,10266.323457
-40.824177,144,10266.323491
-45.509354,144,10270.337927
-43.002613,144,10270.337964
-47.21224,144,10274.363162
-47.101273,144,10274.363196
-44.097393,144,10278.385507
-49.619507,144,10278.385541
-48.719437,144,10282.423665
-49.217083,144,10282.423701
-54.089798,144,10286.439149
-44.265636,144,10286.439187
-49.415524,144,10290.451317
-48.024445,144,10290.45135
-46.80231,144,10294.524567
-50.8306,144,10294.524601
-47.572105,144,10298.564386
-54.09777,144,10298.56442
-49.00439,144,10302.607606
-46.066402,144,10302.60764
-42.26914,144,10306.627537
-43.184124,144,10306.627573
-58.774803,144,10310.647619
-50.898247,144,10310.647655
-39.530476,144,10314.633505
-45.39722,144,10314.63354
-45.4726,144,10318.624142
-39.972263,144,10318.624182
-47.325134,144,10322.66353
-55.07744,144,10322.663568
-46.492374,144,10326.680932
-45.651756,144,10326.680969
-40.372143,144,10330.662179
-41.903183,144,10330.662216
-45.658554,144,10334.666816
-44.838108,144,10334.666863
-46.970936,144,10338.740577
-45.231823,144,10338.74061
-49.751934,144,10342.751327
-50.653736,144,10342.751362
-45.20633,144,10346.772838
-42.04411,144,10346.772876
-44.720016,144,10350.808773
-44.409477,144,10350.808807
-44.658276,144,10354.816256
-40.567303,144,10354.81629
-50.940502,144,10358.84828
-49.38094,144,10358.848315
-45.12354,144,10362.89219
-46.25118,144,10362.892227
-45.83197,144,10366.851827
-53.560436,144,10366.85186
-46.01469,144,10371.373304
-54.56596,144,10371.373337
-48.18611,144,10375.318405
-47.08017,144,10375.318444
-46.928303,144,10379.296532
-41.11776,144,10379.296568
-42.165215,144,10383.29487
-43.482296,144,10383.294905
-51.23892,144,10387.338232
-56.881893,144,10387.338271
-46.177708,144,10391.352592
-48.81126,144,10391.352654
-48.91384,144,10395.863707
-46.477955,144,10395.863741
-53.583817,144,10400.333677
-50.774757,144,10400.333709
-44.999237,144,10404.277231
-43.874866,144,10404.277263
-45.693787,144,10408.39745
-44.51379,144,10408.397488
-46.49281,144,10412.456245
-44.786057,144,10412.456282
-44.44898,144,10416.458273
-47.517105,144,10416.458307
-50.47198,144,10420.499974
-46.685833,144,10420.500009
-49.2062,144,10424.488121
-45.445805,144,10424.488156
-48.044,144,10428.498018
-49.37712,144,10428.498076
-43.26983,144,10432.507446
-50.31398,144,10432.50748
-45.811382,144,10436.552495
-44.164425,144,10436.552531
-46.348816,144,10440.580014
-56.401653,144,10440.580049
-42.351933,144,10444.608051
-44.046818,144,10444.6081
-43.220783,144,10448.667367
-45.445824,144,10448.667411
-46.424797,144,10452.734973
-43.718338,144,10452.735013
-39.740948,144,10457.217687
-44.135223,144,10457.217721
-46.259007,144,10461.20452
-47.48405,144,10461.204554
-48.283432,144,10465.231491
-45.305157,144,10465.231528
-44.055183,144,10469.240449
-47.38743,144,10469.240483
-48.818035,144,10473.244262
-44.050583,144,10473.244295
-49.729713,144,10477.275522
-51.254433,144,10477.275558
-45.242634,144,10481.281375
-48.476315,144,10481.281415
-45.5224,144,10485.32604
-50.11939,144,10485.326073
-45.509422,144,10489.343475
-50.123966,144,10489.343514
-51.04412,144,10493.32889
-55.607113,144,10493.328927
-45.271214,144,10497.338846
-49.514584,144,10497.33888
-41.86825,144,10501.402792
-50.346153,144,10501.402827
-51.410553,144,10505.443421
-43.009857,144,10505.443458
-47.854748,144,10509.471153
-51.49645,144,10509.471189
-38.83149,144,10513.515751
-41.016876,144,10513.515793
-47.34758,144,10517.520386
-46.034286,144,10517.520422
-45.92364,144,10522.024926
-45.601658,144,10522.024958
-47.128117,144,10525.984675
-44.598083,144,10525.984716
-47.747585,144,10530.020746
-37.073914,144,10530.020782
-47.057915,144,10534.073869
-52.7056,144,10534.073905
-48.177704,144,10538.124029
-51.738434,144,10538.124065
-45.196068,144,10542.15567
-44.9441,144,10542.155705
-47.45886,144,10546.212943
-47.38097,144,10546.212977
-44.73457,144,10550.193789
-50.63542,144,10550.193823
-46.49412,144,10554.262047
-55.101128,144,10554.262084
-43.94437,144,10558.290617
-55.282806,144,10558.290654
-50.482944,144,10562.322165
-49.866734,144,10562.322201
-42.753048,144,10566.332228
-49.384884,144,10566.332263
-43.308064,144,10570.366102
-53.078045,144,10570.366138
-48.089893,144,10574.373484
-45.54686,144,10574.373521
-42.72606,144,10578.428512
-41.355152,144,10578.428546
-49.510757,144,10582.450575
-43.48491,144,10582.450611
-44.059307,144,10586.46493
-41.486767,144,10586.464972
-42.81167,144,10590.508471
-47.0383,144,10590.508507
-46.140957,144,10595.06383
-43.971066,144,10595.063864
-44.216515,144,10599.022158
-55.2478,144,10599.022197
-43.042316,144,10603.039439
-53.88032,144,10603.039476
-42.261143,144,10607.046884
-47.105682,144,10607.046923
-46.356884,144,10611.093766
-49.19317,144,10611.093803
-45.167194,144,10615.130441
-43.427258,144,10615.130476
-43.34581,144,10619.702656
-37.843758,144,10619.702689
-47.209984,144,10623.629476
-46.732162,144,10623.629516
-44.119118,144,10627.678203
-41.308456,144,10627.678238
-38.137096,144,10631.68599
-40.02683,144,10631.686025
-40.46114,144,10635.728954
-55.194065,144,10635.728993
-44.914738,144,10639.796675
-42.100403,144,10639.796712
-55.6329,144,10643.791409
-42.84533,144,10643.791445
-45.270752,144,10647.796923
-47.102646,144,10647.796958
-50.068497,144,10651.813853
-48.406414,144,10651.813888
-46.300114,144,10655.84834
-50.5598,144,10655.848376
-42.535454,144,10659.8535
-42.579674,144,10659.853534
-42.76216,144,10663.859588
-50.62472,144,10663.859623
-42.983547,144,10667.866848
-47.053272,144,10667.866882
-47.443268,144,10671.845845
-43.77532,144,10671.845881
-52.265953,144,10676.371615
-44.920673,144,10676.371653
-42.969822,144,10680.32666
-50.574207,144,10680.326694
-45.944363,144,10684.411773
-41.387875,144,10684.411832
-40.447773,144,10688.468111
-52.577984,144,10688.468153
-48.19809,144,10692.484933
-53.46489,144,10692.484965
-50.598118,144,10696.553657
-49.088573,144,10696.553692
-48.726936,144,10700.576209
-41.558144,144,10700.576243
-50.019325,144,10704.604831
-40.948544,144,10704.604868
-44.346855,144,10708.6394
-42.63407,144,10708.639436
-47.266327,144,10712.664304
-46.253532,144,10712.664341
-49.06448,144,10716.900933
-49.86696,144,10716.900979
-44.440323,144,10721.054247
-40.662384,144,10721.054282
-48.26737,144,10725.734869
-55.989044,144,10725.734906
-47.24847,144,10729.844349
-55.67733,144,10729.844412
-44.757835,144,10733.870705
-46.5477,144,10733.870741
-48.43618,144,10737.870988
-55.51053,144,10737.871022
-47.0089,144,10741.885681
-48.614243,144,10741.885714
-40.97974,144,10745.901116
-48.52538,144,10745.901159
-39.02131,144,10749.96032
-45.90725,144,10749.960356
-49.728165,144,10753.950139
-40.183975,144,10753.950175
-49.031036,144,10757.996179
-41.38537,144,10757.996214
-45.81759,144,10762.069303
-59.7554,144,10762.069339
-45.49768,144,10766.142454
-45.03674,144,10766.14249
-39.68205,144,10770.155638
-48.56019,144,10770.155674
-47.216473,144,10774.203585
-47.122913,144,10774.203623
-47.7783,144,10778.265581
-44.060204,144,10778.26562
-45.809532,144,10782.307397
-44.355778,144,10782.307431
-45.173275,144,10786.378602
-44.81503,144,10786.378639
-39.02178,144,10790.422748
-40.74367,144,10790.422796
-44.271988,144,10794.468894
-37.5005,144,10794.468932
-44.939457,144,10798.485904
-51.660873,144,10798.485938
-41.158485,144,10802.496618
-52.061157,144,10802.496659
-50.825546,144,10806.568437
-51.489056,144,10806.568471
-43.44435,144,10810.587148
-45.650925,144,10810.587181
-44.594803,144,10814.656346
-47.47459,144,10814.656393
-47.235413,144,10818.647849
-47.959484,144,10818.647889
-38.396,144,10822.67786
-48.665142,144,10822.677897
-43.780464,144,10826.685407
-51.56698,144,10826.685441
-37.137913,144,10830.691079
-49.602825,144,10830.691116
-41.459488,144,10834.739814
-47.539284,144,10834.739849
-46.504364,144,10838.795963
-40.947174,144,10838.795997
-47.28195,144,10842.813192
-44.431458,144,10842.813227
-43.33894,144,10847.322774
-48.22853,144,10847.322813
-48.201694,144,10851.234458
-40.04182,144,10851.234497
-48.42509,144,10855.217262
-44.991764,144,10855.217298
-38.87965,144,10859.210764
-50.62245,144,10859.2108
-42.61028,144,10863.201079
-39.851604,144,10863.201115
-45.607494,144,10867.232654
-46.743866,144,10867.232689
-46.91294,144,10871.246458
-50.795006,144,10871.246496
-44.931362,144,10875.270349
-47.520294,144,10875.270391
-44.735203,144,10879.798878
-49.207302,144,10879.798909
-48.040955,144,10883.740476
-45.196095,144,10883.740509
-40.839516,144,10887.778572
-47.02885,144,10887.778615
-39.747696,144,10891.872222
-48.770187,144,10891.872257
-50.910313,144,10895.952099
-49.4053,144,10895.952135
-42.71035,144,10899.967175
-37.836742,144,10899.967212
-41.691097,144,10903.975372
-45.257618,144,10903.975412
-46.849277,144,10908.499674
-53.32814,144,10908.499709
-45.830227,144,10912.43008
-48.287464,144,10912.43012
-47.127064,144,10916.473537
-43.867687,144,10916.473573
-40.388897,144,10920.498608
-42.236256,144,10920.498646
-44.428566,144,10924.510119
-47.474346,144,10924.510162
-50.49708,144,10928.540037
-48.94701,144,10928.540071
-45.89151,144,10932.529621
-45.91715,144,10932.529658
-41.606583,144,10936.516139
-46.05036,144,10936.516174
-43.88574,144,10940.573042
-48.417946,144,10940.573079
-53.841896,144,10944.624283
-49.797985,144,10944.624326
-45.707527,144,10948.625453
-38.976433,144,10948.625495
-42.768135,144,10952.675281
-41.546562,144,10952.675314
-50.32005,144,10956.712256
-48.055004,144,10956.712293
-43.975296,144,10960.738334
-40.9475,144,10960.738368
-44.352215,144,10964.767754
-48.664238,144,10964.767792
-44.46292,144,10968.791206
-45.300304,144,10968.79124
-46.267498,144,10972.791416
-55.752396,144,10972.791451
-46.782555,144,10976.807139
-45.848057,144,10976.807183
-46.31706,144,10980.837768
-49.798244,144,10980.837804
-46.762505,144,10984.831314
-50.88698,144,10984.83135
-44.068024,144,10989.349996
-53.16891,144,10989.350031
-47.61349,144,10993.310299
-47.490543,144,10993.31034
-48.503902,144,10997.367185
-54.308964,144,10997.367225
-45.51758,144,11001.401674
-49.89287,144,11001.401714
-41.728916,144,11005.392639
-41.777523,144,11005.39268
-52.62822,144,11009.389259
-49.58305,144,11009.389294
-42.41511,144,11013.456705
-48.7736,144,11013.456742
-46.9838,144,11017.487061
-42.7723,144,11017.487098
-42.063244,144,11021.529154
-55.299374,144,11021.529187
-46.778965,144,11025.620018
-53.709488,144,11025.620054
-48.91503,144,11029.638742
-47.969856,144,11029.638776
-45.545033,144,11033.679855
-44.164604,144,11033.679891
-39.568905,144,11037.668077
-42.894497,144,11037.668113
-49.497932,144,11041.662787
-49.37155,144,11041.662824
-45.846123,144,11045.658612
-41.329586,144,11045.658653
-41.38165,144,11050.193006
-45.10408,144,11050.193038
-43.79187,144,11054.117846
-40.698467,144,11054.117887
-51.838993,144,11058.127811
-48.588142,144,11058.127847
-52.24492,144,11062.170055
-50.481243,144,11062.170089
-44.259533,144,11066.191184
-46.57652,144,11066.191219
-48.823536,144,11070.191187
-41.984875,144,11070.191223
-43.910774,144,11074.199392
-41.56107,144,11074.199427
-43.667133,144,11078.240702
-50.446323,144,11078.240742
-50.585438,144,11082.317668
-50.797665,144,11082.317703
-42.3642,144,11086.785491
-51.231815,144,11086.785527
-46.79939,144,11091.276497
-55.6445,144,11091.276529
-45.29216,144,11095.159749
-44.61908,144,11095.159782
-56.449795,144,11099.305184
-45.09621,144,11099.30522
-46.676,144,11104.094127
-54.007465,144,11104.094158
-45.36626,144,11108.899762
-47.565086,144,11108.899797
-50.159996,144,11113.003675
-50.96418,144,11113.003711
-44.21112,144,11117.366075
-55.492504,144,11117.366114
-51.53985,144,11121.488033
-54.876984,144,11121.488065
-42.7053,144,11126.190235
-47.77283,144,11126.190276
-45.45178,144,11130.274203
-45.10529,144,11130.274239
-42.009655,144,11134.967712
-39.59372,144,11134.967748
-48.680706,144,11139.88946
-43.68914,144,11139.889494
-49.010223,144,11144.771199
-45.223923,144,11144.77124
-50.60213,144,11149.163243
-49.412975,144,11149.163292
-45.40341,144,11153.627999
-48.895287,144,11153.628062
-47.319126,144,11158.102648
-51.413113,144,11158.102696
-43.74339,144,11162.542576
-48.975113,144,11162.542631
-44.772537,144,11167.408284
-46.944534,144,11167.408316
-46.616886,144,11171.702829
-44.699303,144,11171.70288
-40.484074,144,11176.069502
-44.513187,144,11176.069555
-43.511635,144,11180.878072
-47.471493,144,11180.878105
-47.499325,144,11185.180825
-40.08814,144,11185.180867
-40.757465,144,11189.494031
-46.240723,144,11189.494081
-47.10399,144,11193.869436
-45.357853,144,11193.869481
-44.6652,144,11198.206035
-47.204548,144,11198.206082
-46.305622,144,11202.513823
-39.263653,144,11202.513875
-46.942017,144,11206.831968
-48.52326,144,11206.832028
-40.129223,144,11211.17527
-43.813377,144,11211.175325
-46.717777,144,11215.56617
-44.413517,144,11215.566215
-44.116306,144,11220.372943
-40.720226,144,11220.372978
-47.28502,144,11225.213669
-48.975517,144,11225.213702
-40.35734,144,11229.519552
-46.09717,144,11229.519603
-42.010826,144,11233.841576
-48.541683,144,11233.84163
-48.24789,144,11238.710854
-47.849464,144,11238.710888
-48.562023,144,11243.115406
-45.857567,144,11243.115459
-46.68783,144,11247.480831
-52.097153,144,11247.480888
-54.247032,144,11252.316756
-44.56218,144,11252.316792
-47.166927,144,11257.115865
-51.12881,144,11257.115903
-48.939255,144,11261.070608
-44.605114,144,11261.070646
-48.978542,144,11265.11238
-43.056015,144,11265.112416
-49.007545,144,11269.154182
-44.992718,144,11269.154217
-54.181255,144,11273.205555
-47.38037,144,11273.20559
-41.91248,144,11277.189604
-48.09007,144,11277.189638
-47.107384,144,11281.241944
-50.897408,144,11281.241981
-50.62749,144,11285.268151
-50.22492,144,11285.268186
-41.440155,144,11289.245304
-47.694668,144,11289.245339
-45.763763,144,11293.277312
-49.577847,144,11293.277355
-47.73793,144,11297.318994
-46.795906,144,11297.319031
-48.165318,144,11301.371693
-48.922916,144,11301.37173
-44.440186,144,11305.414155
-52.16119,144,11305.41419
-46.18878,144,11309.980681
-46.26825,144,11309.980719
-42.552673,144,11313.983303
-50.628117,144,11313.983338
-47.659286,144,11318.48031
-47.362835,144,11318.480342
-45.4763,144,11322.508944
-50.25737,144,11322.50898
-45.790287,144,11326.564418
-45.95708,144,11326.564453
-42.81616,144,11330.61996
-44.70802,144,11330.619994
-43.282036,144,11334.626602
-52.499073,144,11334.62664
-50.814827,144,11338.685402
-38.648014,144,11338.685438
-45.93978,144,11342.716296
-41.398926,144,11342.716332
-54.142414,144,11346.75853
-50.073124,144,11346.758566
-49.252182,144,11350.77854
-46.135014,144,11350.778577
-44.015976,144,11354.785144
-45.500607,144,11354.785179
-44.889965,144,11358.849344
-52.517006,144,11358.84938
-58.50481,144,11362.874254
-46.512684,144,11362.87429
-51.15888,144,11366.900279
-43.79931,144,11366.900316
-52.18094,144,11370.906273
-43.35595,144,11370.906308
-39.635902,144,11374.954553
-49.338657,144,11374.954595
-43.569347,144,11378.96874
-48.74174,144,11378.968775
-49.12684,144,11382.989712
-45.745922,144,11382.989883
-50.654766,144,11387.020361
-58.51378,144,11387.020398
-46.352676,144,11390.998434
-44.09802,144,11390.998471
-48.500114,144,11395.030537
-45.306522,144,11395.030573
-47.64847,144,11399.056194
-39.86464,144,11399.056229
-46.412167,144,11403.120196
-42.42541,144,11403.120231
-45.538166,144,11407.174192
-53.650467,144,11407.174227
-40.330387,144,11411.287143
-43.162624,144,11411.287176
-45.890053,144,11415.293684
-53.56302,144,11415.293726
-45.78739,144,11419.332515
-54.343124,144,11419.332549
-46.29088,144,11423.354752
-44.920258,144,11423.354785
-38.318054,144,11427.371662
-46.361763,144,11427.371695
-49.493027,144,11431.405794
-46.331924,144,11431.405829
-40.71601,144,11435.424708
-43.035294,144,11435.424742
-51.487877,144,11439.488979
-47.96779,144,11439.489015
-41.83431,144,11443.493199
-43.082474,144,11443.493234
-45.687725,144,11447.501934
-49.25868,144,11447.501972
-43.363087,144,11451.521272
-47.62502,144,11451.521306
-42.34381,144,11455.540439
-44.62958,144,11455.540475
-41.07189,144,11459.603009
-55.543076,144,11459.603043
-43.2449,144,11463.630338
-53.548378,144,11463.630372
-46.090023,144,11467.674801
-53.010902,144,11467.674843
-45.13013,144,11471.707556
-51.632366,144,11471.707593
-47.292503,144,11476.273134
-46.71084,144,11476.273166
-52.486744,144,11480.204077
-44.41438,144,11480.204114
-47.348152,144,11484.258315
-47.939972,144,11484.25835
-39.992588,144,11488.794053
-45.044685,144,11488.794088
-43.602448,144,11492.799413
-46.6501,144,11492.799448
-43.91606,144,11496.814348
-53.26892,144,11496.814385
-51.01837,144,11500.872515
-44.682972,144,11500.872551
-47.603714,144,11505.141001
-54.350414,144,11505.141034
-46.93794,144,11509.177709
-46.440266,144,11509.177747
-45.12644,144,11513.315464
-44.831036,144,11513.315501
-47.705414,144,11517.346693
-55.99471,144,11517.34673
-45.21922,144,11521.378997
-55.384487,144,11521.379031
-55.744484,144,11525.434897
-53.545067,144,11525.434932
-48.73457,144,11529.489527
-42.8222,144,11529.489563
-50.16714,144,11533.549225
-47.666157,144,11533.549262
-48.26841,144,11537.599883
-39.903305,144,11537.599933
-47.374565,144,11541.678539
-39.246307,144,11541.678573
-34.386818,144,11545.686208
-52.65202,144,11545.686243
-46.95701,144,11549.714081
-44.270454,144,11549.714122
-43.65661,144,11553.711558
-47.047153,144,11553.711594
-43.045364,144,11557.742248
-49.34808,144,11557.742284
-48.688633,144,11561.748346
-50.656746,144,11561.748381
-50.11294,144,11565.797563
-52.907875,144,11565.797602
-45.647446,144,11569.854215
-43.488243,144,11569.854252
-47.349827,144,11573.987492
-49.377506,144,11573.987529
-47.923515,144,11578.871022
-50.69024,144,11578.871062
-39.13878,144,11585.037604
-39.5053,144,11585.037653
-44.56699,144,11590.2315
-53.84616,144,11590.231532
-44.87739,144,11595.228322
-46.360382,144,11595.228355
-40.933002,144,11599.160557
-41.755653,144,11599.160591
-44.176823,144,11603.688652
-44.714108,144,11603.688689
-46.909546,144,11608.150098
-48.204094,144,11608.150137
-53.38392,144,11612.099576
-50.587097,144,11612.099615
-49.767143,144,11616.770226
-54.3728,144,11616.770258
-49.87542,144,11621.388825
-43.024757,144,11621.38886
-41.350178,144,11626.525155
-45.137115,144,11626.525203
-50.07052,144,11633.456398
-42.78885,144,11633.45643
-44.296707,144,11638.417214
-56.279522,144,11638.417251
-43.368507,144,11642.307866
-49.08295,144,11642.307902
-53.240124,144,11646.338902
-49.517197,144,11646.338936
-44.967163,144,11650.324188
-49.83285,144,11650.324224
-41.475517,144,11654.309528
-54.536163,144,11654.309565
-41.639427,144,11658.288305
-46.28414,144,11658.288339
-46.306686,144,11662.305928
-40.98993,144,11662.305966
-45.119312,144,11666.416147
-47.998245,144,11666.416179
-44.858963,144,11670.484815
-47.461193,144,11670.48485
-40.75544,144,11674.495927
-38.29042,144,11674.495964
-46.53899,144,11678.625222
-46.181202,144,11678.625258
-43.502396,144,11683.126228
-38.977528,144,11683.126266
-47.803997,144,11687.098981
-45.708435,144,11687.099016
-49.504333,144,11691.655659
-50.17416,144,11691.655693
-40.734863,144,11695.647898
-41.560783,144,11695.647936
-48.835083,144,11699.629811
-47.680305,144,11699.62985
-44.442257,144,11703.675936
-45.81505,144,11703.675972
-47.844997,144,11708.177497
-47.03149,144,11708.177536
-49.198967,144,11712.107355
-45.34638,144,11712.107392
-46.55022,144,11716.087106
-40.1388,144,11716.087143
-45.889977,144,11720.098353
-42.446407,144,11720.098386
-46.50514,144,11724.110611
-48.675602,144,11724.110647
-44.433754,144,11728.109951
-45.218163,144,11728.109986
-42.44467,144,11732.133901
-41.607975,144,11732.133934
-47.8442,144,11736.19699
-53.044437,144,11736.197026
-44.545956,144,11740.25175
-40.715218,144,11740.251786
-47.613083,144,11744.299151
-46.37791,144,11744.299187
-45.191612,144,11748.800312
-40.360527,144,11748.800344
-45.320503,144,11752.741951
-40.81248,144,11752.741985
-56.440903,144,11756.774407
-45.58189,144,11756.774445
-45.853718,144,11760.767303
-44.984413,144,11760.767338
-43.31683,144,11764.753577
-49.548367,144,11764.753613
-46.17605,144,11768.765084
-45.25078,144,11768.765118
-38.36252,144,11772.763965
-49.148537,144,11772.763999
-43.909073,144,11777.238941
-45.89692,144,11777.238973
-44.10546,144,11781.202634
-47.530384,144,11781.20267
-42.988506,144,11785.733123
-43.632,144,11785.733155
-41.710438,144,11790.176313
-48.27658,144,11790.17635
-45.83797,144,11794.105907
-46.41576,144,11794.105943
-42.520466,144,11798.069793
-40.077827,144,11798.069831
-41.074585,144,11802.056551
-44.55266,144,11802.056587
-47.717857,144,11806.135815
-51.487938,144,11806.135851
-43.1762,144,11810.138391
-38.022366,144,11810.138433
-42.893677,144,11814.14994
-42.58693,144,11814.149974
-48.51175,144,11818.162415
-41.79238,144,11818.162451
-44.074944,144,11822.130655
-48.917225,144,11822.130691
-44.325184,144,11826.162055
-48.58397,144,11826.162089
-41.285767,144,11830.174068
-40.587727,144,11830.174104
-41.207664,144,11834.212743
-43.929295,144,11834.212781
-42.630177,144,11838.189164
-41.494972,144,11838.189199
-43.256107,144,11842.219019
-44.165604,144,11842.219054
-44.742382,144,11846.254436
-49.738663,144,11846.254472
-47.521965,144,11850.462375
-52.321472,144,11850.462455
-46.16943,144,11854.481758
-47.76409,144,11854.481795
-43.714306,144,11858.503572
-48.32733,144,11858.503613
-48.04635,144,11862.557163
-43.03018,144,11862.557198
-43.580803,144,11866.616019
-40.23829,144,11866.616057
-49.079132,144,11870.651402
-47.571987,144,11870.651437
-46.48731,144,11874.654701
-46.323067,144,11874.654737
-46.63557,144,11878.688233
-50.281425,144,11878.688271
-42.544712,144,11882.656549
-51.958607,144,11882.656596
-48.666573,144,11886.687394
-52.927113,144,11886.68743
-46.772938,144,11890.741673
-44.770576,144,11890.741704
-48.31404,144,11894.800397
-47.138157,144,11894.800438
-42.565834,144,11898.826262
-50.78943,144,11898.826298
-41.878586,144,11902.821368
-47.706806,144,11902.821404
-44.738533,144,11906.815174
-49.05304,144,11906.815209
-36.512894,144,11910.816734
-46.510868,144,11910.816771
-45.64531,144,11914.791515
-47.48187,144,11914.791552
-48.72054,144,11918.754875
-46.43858,144,11918.75491
-47.309383,144,11922.761498
-54.39264,144,11922.761535
-45.123646,144,11926.764017
-46.34447,144,11926.764058
-50.47979,144,11930.772373
-54.939934,144,11930.772412
-36.656677,144,11934.762787
-41.62499,144,11934.762823
-45.70536,144,11938.745586
-45.823288,144,11938.745626
-50.06795,144,11942.722137
-43.302193,144,11942.722171
-43.05348,144,11946.689232
-47.90687,144,11946.689269
-41.799015,144,11950.648955
-41.465397,144,11950.648994
-49.972767,144,11954.65809
-46.5627,144,11954.658129
-44.9847,144,11958.641531
-40.31006,144,11958.641566
-44.14547,144,11962.640791
-46.21257,144,11962.64083
-43.04313,144,11966.665892
-55.666832,144,11966.66593
-42.846233,144,11970.681894
-48.44408,144,11970.681934
-50.92161,144,11974.818543
-45.29219,144,11974.818577
-52.60417,144,11978.867288
-42.322014,144,11978.867324
-45.6123,144,11982.89857
-49.12453,144,11982.898607
-41.769474,144,11986.872714
-43.993717,144,11986.872756
-50.10583,144,11990.898533
-44.495625,144,11990.898569
-47.547363,144,11994.916698
-49.822727,144,11994.916731
-42.94849,144,11998.950751
-47.38895,144,11998.950787
-45.665543,144,12002.965272
-51.93795,144,12002.965308
-46.574146,144,12007.009715
-54.233456,144,12007.009753
-41.278877,144,12011.044494
-53.169807,144,12011.04453
-49.040756,144,12015.049444
-46.878338,144,12015.04948
-41.01872,144,12019.057513
-48.602337,144,12019.057548
-43.837685,144,12023.076936
-44.758835,144,12023.076971
-45.455185,144,12027.106682
-52.758533,144,12027.106717
-49.609547,144,12031.139394
-44.210155,144,12031.139429
-43.47994,144,12035.205983
-44.438114,144,12035.206017
-44.343246,144,12039.28178
-45.822914,144,12039.281816
-48.162197,144,12043.337832
-51.341278,144,12043.337867
-47.899815,144,12047.336091
-46.670197,144,12047.336128
-45.811096,144,12051.385415
-56.451862,144,12051.38545
-46.99923,144,12055.430779
-52.50007,144,12055.430814
-46.997913,144,12059.455412
-40.552258,144,12059.455448
-44.922173,144,12063.47023
-41.68358,144,12063.470265
-46.413452,144,12067.517598
-47.633484,144,12067.517634
-49.05941,144,12071.550381
-51.343742,144,12071.550415
-46.299202,144,12075.548594
-52.386166,144,12075.548629
-51.563366,144,12079.536919
-41.85044,144,12079.536958
-45.339912,144,12083.551351
-47.932293,144,12083.551389
-46.717667,144,12088.052859
-52.081284,144,12088.05289
-43.455547,144,12092.043205
-47.571594,144,12092.04324
-46.586353,144,12096.099518
-44.881657,144,12096.099554
-38.820263,144,12100.142728
-50.33275,144,12100.142764
-48.284435,144,12104.730891
-39.685513,144,12104.730937
-41.46693,144,12110.19356
-47.977024,144,12110.193593
-42.108097,144,12113.423022
-45.71204,144,12113.423057
-44.72417,144,12116.542477
-47.432434,144,12116.542516
-44.709366,144,12120.47517
-49.891228,144,12120.475205
-50.764893,144,12123.785826
-55.258118,144,12123.785861
-47.87412,144,12126.755244
-48.100124,144,12126.755278
-49.275597,144,12129.743561
-50.86128,144,12129.743596
-49.692406,144,12132.772697
-41.627968,144,12132.772732
-49.075073,144,12135.711614
-44.51822,144,12135.711651
-42.458298,144,12138.718067
-40.707813,144,12138.71811
-42.580795,144,12141.816228
-42.150345,144,12141.816266
-44.893307,144,12144.901372
-46.659744,144,12144.90141
-48.174362,144,12147.936127
-51.027214,144,12147.936161
-47.449585,144,12151.024265
-44.314274,144,12151.024301
-47.306564,144,12154.160151
-49.52511,144,12154.160186
-45.048203,144,12157.184417
-42.77117,144,12157.184498
-40.584564,144,12160.310122
-46.386734,144,12160.310155
-46.54595,144,12163.364593
-49.35526,144,12163.364629
-49.306458,144,12166.45956
-48.127377,144,12166.459594
-48.02332,144,12169.452379
-38.78695,144,12169.45242
-49.223118,144,12172.481106
-53.192284,144,12172.481141
-43.004707,144,12175.563071
-47.503498,144,12175.563106
-42.281395,144,12178.703248
-46.220814,144,12178.703281
-37.289566,144,12181.784992
-49.479786,144,12181.785029
-50.106247,144,12185.462011
-42.807796,144,12185.462044
-45.216362,144,12188.575477
-39.483097,144,12188.575512
-42.643482,144,12191.714128
-44.961357,144,12191.714164
-40.66974,144,12194.838619
-39.271732,144,12194.838652
-44.616753,144,12198.138281
-53.21803,144,12198.138316
-48.299923,144,12201.249692
-53.671055,144,12201.249731
-47.177116,144,12204.623826
-51.67193,144,12204.62388
-52.19822,144,12207.671516
-41.530994,144,12207.671552
-36.54529,144,12210.849988
-43.457672,144,12210.850024
-45.719086,144,12213.984446
-48.30467,144,12213.984482
-46.048515,144,12216.996326
-48.556,144,12216.996368
-47.468803,144,12219.983525
-44.634254,144,12219.98356
-55.004696,144,12223.524866
-53.05362,144,12223.524903
-40.45397,144,12227.361313
-49.543747,144,12227.361347
-44.36454,144,12230.399439
-42.612885,144,12230.399476
-42.113037,144,12233.948961
-45.47973,144,12233.948995
-44.45853,144,12237.109035
-51.664646,144,12237.109072
-42.361385,144,12240.189489
-48.11406,144,12240.189526
-45.182262,144,12243.122565
-49.48126,144,12243.122602
-46.452553,144,12246.432788
-43.112263,144,12246.432828
-48.343773,144,12249.672414
-46.343086,144,12249.672452
-48.366425,144,12252.7059
-47.007156,144,12252.705934
-40.05727,144,12256.062039
-43.289894,144,12256.062075
-44.20567,144,12259.313499
-48.662785,144,12259.313534
-44.99579,144,12263.016916
-47.262547,144,12263.016947
-46.269585,144,12266.039192
-42.971268,144,12266.039228
-50.89226,144,12269.265641
-48.20175,144,12269.265678
-46.19703,144,12272.446243
-44.284306,144,12272.446279
-43.565605,144,12275.57641
-46.58558,144,12275.576446
-47.31645,144,12278.732826
-45.004436,144,12278.732863
-44.249233,144,12281.771097
-50.87729,144,12281.771133
-48.222164,144,12284.848816
-45.660885,144,12284.84885
-41.3411,144,12287.992695
-49.20317,144,12287.992732
-51.60931,144,12290.978969
-54.282127,144,12290.979005
-45.459053,144,12293.825265
-50.76084,144,12293.8253
-50.080845,144,12297.001863
-49.91453,144,12297.001899
-48.9372,144,12299.990469
-46.69738,144,12299.990502
-45.568684,144,12302.896026
-53.05492,144,12302.896063
-49.353916,144,12305.953295
-47.232063,144,12305.953334
-43.70264,144,12309.082191
-49.860085,144,12309.082227
-42.607533,144,12312.770577
-47.793438,144,12312.770611
-43.97562,144,12315.847516
-42.977516,144,12315.84755
-43.25257,144,12319.036578
-47.012012,144,12319.036614
-43.508835,144,12322.348706
-46.93026,144,12322.348741
-46.032455,144,12325.512247
-50.265656,144,12325.51228
-50.67811,144,12328.761382
-49.02768,144,12328.761416
-45.185284,144,12331.772635
-39.99915,144,12331.77267
-46.785034,144,12334.939312
-44.542683,144,12334.939347
-42.95777,144,12337.917843
-41.464783,144,12337.917881
-42.478394,144,12341.137718
-41.43023,144,12341.137756
-43.954735,144,12344.738915
-44.417427,144,12344.738952
-39.16047,144,12348.033782
-41.2584,144,12348.033816
-46.462437,144,12351.12635
-53.526825,144,12351.126388
-48.23404,144,12354.250548
-46.253292,144,12354.250581
-44.369858,144,12357.266054
-46.71967,144,12357.266089
-47.03391,144,12360.323337
-52.487106,144,12360.323372
-43.248146,144,12363.342618
-41.148273,144,12363.342654
-37.258724,144,12366.360194
-40.931664,144,12366.360229
-43.20522,144,12369.53796
-51.335377,144,12369.537996
-43.693085,144,12372.686724
-42.963207,144,12372.686776
-46.485363,144,12375.793994
-39.974472,144,12375.794039
-43.36007,144,12379.05897
-51.069347,144,12379.059005
-44.03736,144,12382.23477
-43.73234,144,12382.234809
-44.55459,144,12385.482797
-53.318527,144,12385.482837
-39.54575,144,12388.557236
-42.121597,144,12388.557272
-49.4237,144,12391.804307
-46.82593,144,12391.804349
-50.283356,144,12394.919656
-39.964695,144,12394.919693
-44.1199,144,12398.037184
-47.700974,144,12398.037223
-44.38655,144,12402.547093
-48.240776,144,12402.547127
-46.66095,144,12406.555029
-52.967133,144,12406.555063
-45.508263,144,12410.603765
-48.91012,144,12410.6038
-44.068024,144,12414.563158
-44.36031,144,12414.563199
-50.441963,144,12418.579851
-49.277843,144,12418.579888
-40.967583,144,12422.562071
-48.76123,144,12422.562106
-45.208973,144,12426.563464
-46.195087,144,12426.563502
-42.282825,144,12430.560553
-43.011135,144,12430.560588
-39.828663,144,12434.570392
-45.403587,144,12434.570433
-45.34348,144,12438.567186
-48.142963,144,12438.567221
-41.768288,144,12442.588657
-47.728077,144,12442.588691
-39.30409,144,12446.56559
-43.62107,144,12446.565625
-47.920162,144,12450.554739
-50.225243,144,12450.554776
-55.570213,144,12454.540033
-43.51807,144,12454.540067
-45.433933,144,12458.553004
-49.17082,144,12458.553041
-44.12452,144,12462.574679
-49.18197,144,12462.574721
-50.87454,144,12466.578695
-42.712036,144,12466.57873
-42.051575,144,12470.575991
-51.078003,144,12470.576027
-52.057953,144,12474.607587
-46.356617,144,12474.607624
-41.431282,144,12478.600108
-38.34103,144,12478.600143
-44.425926,144,12482.586069
-49.440014,144,12482.586103
-41.068256,144,12486.581919
-41.95032,144,12486.581955
-50.707825,144,12490.564672
-47.80189,144,12490.564708
-40.910065,144,12495.053154
-46.943672,144,12495.053186
-46.260593,144,12499.489778
-44.75814,144,12499.489813
-38.726116,144,12504.159743
-41.359497,144,12504.159779
-49.62846,144,12508.806428
-41.892265,144,12508.806462
-43.94566,144,12513.433172
-47.94004,144,12513.433208
-45.62477,144,12517.543632
-47.3184,144,12517.543688
-45.88956,144,12521.752801
-43.734837,144,12521.752857
-39.49031,144,12525.968566
-44.253002,144,12525.968626
-46.61132,144,12530.682971
-49.141647,144,12530.683005
-46.327858,144,12534.888296
-45.5076,144,12534.88835
-41.912132,144,12539.088639
-43.901966,144,12539.088697
-45.459778,144,12543.840568
-44.991062,144,12543.8406
-40.61428,144,12548.484034
-47.127346,144,12548.484066
-48.74129,144,12552.671246
-48.475456,144,12552.671305
-45.37926,144,12556.901026
-43.839127,144,12556.901072
-38.528076,144,12561.128131
-40.785076,144,12561.128176
-46.557674,144,12565.398082
-47.333015,144,12565.398135
-42.9917,144,12569.513108
-42.43426,144,12569.513149
-48.70676,144,12573.631218
-38.806583,144,12573.631282
-40.537415,144,12578.381249
-41.808224,144,12578.381282
-49.188904,144,12583.051174
-50.177105,144,12583.051208
-39.299206,144,12587.057396
-36.93475,144,12587.057442
-42.015835,144,12591.091907
-36.93475,144,12591.091958
-50.17159,144,12595.115504
-40.632603,144,12595.115539
-43.42377,144,12599.071704
-50.853928,144,12599.071739
-44.28783,144,12603.089594
-48.526062,144,12603.08963
-43.35856,144,12607.122273
-46.911446,144,12607.122317
-43.85773,144,12611.083504
-44.012917,144,12611.083543
-40.43277,144,12615.064214
-40.223557,144,12615.064249
-44.009666,144,12619.042811
-45.61406,144,12619.04285
-42.903343,144,12623.073742
-46.482815,144,12623.073779
-41.154438,144,12627.077286
-33.18899,144,12627.077323
-47.63315,144,12631.085108
-46.339287,144,12631.085145
-43.97809,144,12635.12721
-47.39382,144,12635.127246
-42.375835,144,12639.642061
-47.70446,144,12639.642099
-46.727848,144,12644.049969
-39.317654,144,12644.050008
-46.989254,144,12647.941173
-41.641964,144,12647.941209
-45.75355,144,12651.93112
-44.071728,144,12651.931154
-45.09648,144,12655.913977
-42.674763,144,12655.914011
-47.701244,144,12659.91324
-41.94363,144,12659.913276
-46.18574,144,12663.921704
-41.717785,144,12663.921739
-42.644722,144,12667.919476
-43.309223,144,12667.919509
-49.178776,144,12671.888303
-44.062523,144,12671.888338
-46.816704,144,12675.840451
-40.723843,144,12675.840485
-43.322227,144,12679.83115
-39.85555,144,12679.831188
-42.663853,144,12683.850448
-45.91572,144,12683.850487
-42.82335,144,12687.814943
-39.42437,144,12687.81498
-51.235195,144,12691.799573
-44.832073,144,12691.79961
-44.879364,144,12695.781456
-42.402374,144,12695.7815
-45.30351,144,12699.760296
-42.2305,144,12699.760336
-43.170486,144,12704.22693
-40.287388,144,12704.226963
-45.84129,144,12708.108614
-44.513237,144,12708.108651
-44.3574,144,12712.100845
-42.89502,144,12712.100883
-40.95886,144,12716.072826
-44.000675,144,12716.072868
-46.08122,144,12720.093502
-45.502323,144,12720.09354
-48.128654,144,12724.109064
-41.900326,144,12724.109098
-46.94454,144,12728.077504
-45.079403,144,12728.07754
-39.696884,144,12732.062448
-45.04688,144,12732.062485
-44.805767,144,12736.07695
-46.632275,144,12736.076986
-48.812794,144,12740.114484
-42.043144,144,12740.114518
-42.82871,144,12744.19222
-43.426346,144,12744.192256
-47.45071,144,12748.190439
-49.12729,144,12748.19048
-50.653725,144,12752.231771
-43.30101,144,12752.231809
-46.830925,144,12756.206917
-49.286255,144,12756.206954
-43.814674,144,12760.214391
-49.708187,144,12760.214425
-44.699364,144,12764.198963
-48.90205,144,12764.199002
-43.061104,144,12768.215796
-44.530094,144,12768.21583
-43.681618,144,12772.218009
-41.2453,144,12772.218046
-41.843315,144,12776.280865
-52.636093,144,12776.280898
-46.60827,144,12780.252482
-50.162453,144,12780.252516
-47.142914,144,12784.29092
-50.079067,144,12784.290962
-45.03944,144,12788.302104
-51.719208,144,12788.302143
-43.722908,144,12792.297628
-38.897026,144,12792.297663
-43.35314,144,12796.317847
-49.885597,144,12796.317883
-39.988224,144,12800.313416
-47.02189,144,12800.313451
-45.1488,144,12804.838629
-43.024696,144,12804.838663
-50.256397,144,12808.74861
-41.35299,144,12808.74865
-41.8098,144,12813.514006
-49.30485,144,12813.514038
-41.74167,144,12817.454147
-50.84789,144,12817.454187
-42.998947,144,12821.461811
-51.020092,144,12821.461847
-41.681267,144,12825.504025
-51.65444,144,12825.504064
-46.48844,144,12829.611423
-44.855705,144,12829.611457
-46.553917,144,12833.634803
-44.217503,144,12833.634842
-39.02707,144,12837.663558
-42.366177,144,12837.663595
-45.43404,144,12841.653825
-48.209686,144,12841.65386
-53.128567,144,12845.656624
-51.651463,144,12845.656667
-39.69942,144,12849.975323
-42.302265,144,12849.975383
-39.52863,144,12854.89499
-45.84338,144,12854.895023
-47.32635,144,12858.913382
-47.845757,144,12858.913416
-45.657246,144,12862.903414
-43.046757,144,12862.903452
-48.195972,144,12866.891798
-49.783684,144,12866.891832
-46.34537,144,12870.868392
-43.588497,144,12870.868427
-43.357006,144,12874.833294
-48.70965,144,12874.833328
-44.61454,144,12878.818896
-62.467487,144,12878.818932
-43.07188,144,12882.79839
-36.867294,144,12882.798431
-49.427868,144,12886.778666
-39.748478,144,12886.778703
-45.26415,144,12890.734447
-42.169,144,12890.734488
-50.82312,144,12894.686978
-40.400776,144,12894.687013
-39.036613,144,12898.643856
-39.92175,144,12898.643893
-42.72538,144,12902.611305
-41.48763,144,12902.611346
-47.309914,144,12906.56932
-41.394638,144,12906.569357
-43.465553,144,12910.549993
-48.889668,144,12910.550024
-46.901802,144,12914.542102
-46.21886,144,12914.542143
-50.350697,144,12918.565116
-40.839153,144,12918.56515
-44.92935,144,12922.562013
-40.548645,144,12922.562052
-43.390957,144,12926.542474
-46.33379,144,12926.542511
-36.61243,144,12930.49722
-41.747116,144,12930.497256
-43.337177,144,12934.485215
-41.098904,144,12934.485251
-46.79478,144,12938.495566
-42.101723,144,12938.495601
-45.781937,144,12943.078528
-39.92952,144,12943.078564
-43.015087,144,12947.11184
-47.668816,144,12947.111879
-42.573196,144,12951.861011
-43.748547,144,12951.861044
-42.63322,144,12955.864349
-38.161854,144,12955.864393
-42.10474,144,12960.568609
-47.21456,144,12960.568657
-37.983368,144,12964.180178
-41.626545,144,12964.180224
-41.257164,144,12967.729089
-41.319847,144,12967.729131
-46.11489,144,12971.733235
-45.88262,144,12971.733289
-39.88468,144,12976.301886
-41.298004,144,12976.301919
-52.852016,144,12980.497564
-52.066483,144,12980.49769
-43.495647,144,12985.026577
-41.654842,144,12985.02665
-45.16173,144,12989.069643
-45.223312,144,12989.069675
-41.777596,144,12993.361633
-54.818783,144,12993.361674
-45.75387,144,12998.261934
-45.464813,144,12998.261967
-51.452923,144,13002.734798
-44.38752,144,13002.734855
-44.87239,144,13007.43017
-42.98962,144,13007.430213
-39.952133,144,13011.978443
-43.63359,144,13011.978487
-54.23363,144,13016.186375
-45.34231,144,13016.186433
-46.338646,144,13021.385872
-43.676704,144,13021.385917
-48.605793,144,13027.045457
-43.794445,144,13027.045512
-51.491837,144,13032.101396
-48.6353,144,13032.101431
-45.50441,144,13035.513066
-44.36812,144,13035.513102
-43.121662,144,13040.018139
-50.17983,144,13040.018174
-43.518322,144,13043.757543
-38.059155,144,13043.757579
-49.443928,144,13048.317823
-40.171253,144,13048.317865
-46.079384,144,13053.306527
-50.56796,144,13053.306579
-46.156433,144,13057.298312
-42.655693,144,13057.298455
-45.51089,144,13061.297262
-47.222977,144,13061.297301
-39.758522,144,13065.825868
-48.90271,144,13065.825902
-49.878635,144,13069.822974
-45.15783,144,13069.823019
-45.45272,144,13073.490613
-45.73883,144,13073.49065
-43.01274,144,13078.053264
-46.78695,144,13078.053301
-48.256836,144,13081.685844
-43.406,144,13081.685917
-44.533627,144,13085.592314
-48.530285,144,13085.592366
-39.72784,144,13088.977375
-47.973587,144,13088.977412
-47.510998,144,13092.530744
-45.50776,144,13092.530779
-39.15927,144,13096.232534
-47.97142,144,13096.232587
-41.456154,144,13100.056387
-47.08148,144,13100.056424
-47.50024,144,13103.805598
-40.66935,144,13103.805635
-41.475216,144,13108.117459
-40.35264,144,13108.117505
-45.436695,144,13112.39928
-43.40337,144,13112.399332
-46.579823,144,13117.382436
-52.06854,144,13117.382476
-48.89119,144,13121.458595
-45.767937,144,13121.458633
-48.126667,144,13125.822728
-47.71909,144,13125.822773
-43.860706,144,13130.40405
-42.03017,144,13130.404088
-50.042183,144,13134.713632
-49.870453,144,13134.713672
-43.22969,144,13139.102449
-43.714478,144,13139.102488
-44.078613,144,13143.394682
-43.679646,144,13143.394723
-40.16112,144,13147.612467
-44.21098,144,13147.612509
-46.78092,144,13152.002242
-45.864155,144,13152.002281
-43.79616,144,13156.631776
-47.214577,144,13156.63182
-44.6366,144,13160.722246
-45.88518,144,13160.722287
-41.027756,144,13165.686572
-42.20619,144,13165.68661
-48.17967,144,13170.009607
-45.883934,144,13170.009646
-43.572174,144,13174.776093
-49.15499,144,13174.776132
-45.65377,144,13179.05103
-44.06297,144,13179.051069
-39.030445,144,13183.331959
-44.89278,144,13183.331996
-52.75968,144,13188.185405
-46.99637,144,13188.185446
-53.92881,144,13193.00668
-44.11758,144,13193.006755
-47.473457,144,13197.042603
-48.387344,144,13197.042643
-46.562344,144,13201.120034
-40.599323,144,13201.120086
-42.43894,144,13205.236034
-46.590042,144,13205.236075
-48.348564,144,13209.734876
-39.804607,144,13209.734914
-38.662758,144,13213.730008
-51.24758,144,13213.730044
-46.99569,144,13217.896284
-44.553318,144,13217.896325
-47.8875,144,13222.031152
-45.97223,144,13222.031203
-45.97297,144,13227.731795
-51.538498,144,13227.731834
-37.302357,144,13232.084239
-47.548088,144,13232.084279
-40.122803,144,13236.034926
-47.23325,144,13236.034965
-48.809193,144,13240.114691
-45.11447,144,13240.114735
-47.33871,144,13244.162212
-40.91116,144,13244.162259
-39.299206,144,13248.216496
-36.93475,144,13248.21655
-51.328167,144,13252.397662
-51.71815,144,13252.39771
-41.748856,144,13256.522964
-41.909336,144,13256.523003
-41.855976,144,13260.788529
-42.690197,144,13260.788574
-51.108173,144,13264.981338
-45.43583,144,13264.981376
-47.955353,144,13269.168802
-43.698025,144,13269.168848
-46.6864,144,13273.306523
-51.348846,144,13273.306562
-44.489147,144,13277.803132
-44.33992,144,13277.803168
-44.311043,144,13281.967288
-47.55892,144,13281.967338
-38.00989,144,13286.155003
-44.273197,144,13286.155051
-50.551964,144,13290.346399
-50.054558,144,13290.346437
-48.13407,144,13294.615749
-50.966503,144,13294.615795
-46.67968,144,13299.321007
-43.890835,144,13299.321047
-34.754436,144,13304.060408
-40.37507,144,13304.06046
-47.068775,144,13308.38162
-43.464386,144,13308.381668
-49.09791,144,13312.773787
-52.24598,144,13312.773831
-49.70732,144,13317.089924
-47.315487,144,13317.089966
-42.638634,144,13321.251851
-47.33517,144,13321.251896
-60.347813,144,13325.435514
-54.405415,144,13325.435554
-38.702374,144,13329.770827
-44.713833,144,13329.770865
-52.658638,144,13333.925472
-46.158073,144,13333.925516
-47.243935,144,13337.899118
-46.283443,144,13337.899162
-43.775875,144,13341.964913
-45.315536,144,13341.964958
-51.58141,144,13346.0242
-48.354927,144,13346.024237
-44.307266,144,13350.118479
-42.37415,144,13350.118526
-44.259846,144,13354.2707
-48.019,144,13354.270741
-45.018337,144,13358.561111
-38.196384,144,13358.561156
-41.379494,144,13363.505857
-46.142334,144,13363.5059
-44.26039,144,13368.154987
-49.987106,144,13368.155052
-49.975365,144,13373.029078
-47.027626,144,13373.029117
-41.49804,144,13377.355943
-41.298496,144,13377.355984
-47.458866,144,13381.350963
-46.99565,144,13381.351002
-46.056843,144,13385.523424
-49.375732,144,13385.523468
-48.811905,144,13390.168724
-46.46926,144,13390.168767
-44.280704,144,13394.297941
-45.38678,144,13394.29798
-44.881317,144,13398.175463
-44.4778,144,13398.175514
-55.583836,144,13402.756514
-41.212955,144,13402.756556
-46.24376,144,13406.893701
-48.690865,144,13406.893746
-46.216656,144,13411.123119
-55.35835,144,13411.123158
-45.202934,144,13415.932417
-48.4794,144,13415.932459
-48.78518,144,13420.133483
-45.866566,144,13420.133534
-42.74575,144,13424.867468
-54.875862,144,13424.867507
-40.151886,144,13429.078164
-47.449184,144,13429.078214
-43.099243,144,13433.225094
-47.88534,144,13433.225149
-41.73445,144,13437.275416
-41.481407,144,13437.275466
-45.801556,144,13441.646589
-47.028286,144,13441.646641
-46.81261,144,13445.801887
-49.608086,144,13445.80193
-50.851055,144,13450.006576
-46.98054,144,13450.006623
-42.13487,144,13454.463333
-41.341404,144,13454.463374
-50.677887,144,13458.706324
-44.91072,144,13458.706363
-40.044167,144,13463.360802
-53.225735,144,13463.360838
-43.358837,144,13467.41762
-42.494045,144,13467.41766
-46.83533,144,13471.778988
-48.28984,144,13471.779029
-45.01938,144,13475.92115
-44.13465,144,13475.921196
-44.818455,144,13480.156626
-51.77682,144,13480.156666
-44.4837,144,13484.102465
-49.240814,144,13484.102504
-45.040066,144,13488.156631
-43.258324,144,13488.156671
-43.68412,144,13492.23157
-48.06532,144,13492.231624
-38.353695,144,13496.399501
-53.289616,144,13496.399542
-45.96902,144,13500.632218
-40.983807,144,13500.632262
-46.36769,144,13504.659239
-43.75152,144,13504.65928
-41.5203,144,13509.148084
-44.32851,144,13509.148129
-37.90332,144,13513.601602
-44.364105,144,13513.601674
-47.70521,144,13517.986995
-50.07759,144,13517.987034
-45.26918,144,13522.958021
-44.78584,144,13522.958063
-42.354748,144,13528.411762
-42.06285,144,13528.411808
-51.794655,144,13533.181119
-51.00013,144,13533.181189
-47.563816,144,13537.416513
-44.39769,144,13537.416568
-42.873287,144,13541.627986
-47.953194,144,13541.628028
-49.43502,144,13545.498265
-47.38811,144,13545.498311
-42.713345,144,13549.545413
-47.634815,144,13549.545466
-45.445457,144,13553.53715
-47.47655,144,13553.537195
-39.659706,144,13558.243549
-50.168842,144,13558.243593
-46.65956,144,13562.459632
-42.940086,144,13562.459678
-46.438118,144,13566.349645
-47.879837,144,13566.349685
-39.610783,144,13570.240383
-41.04588,144,13570.240429
-44.158585,144,13574.044353
-45.265064,144,13574.044391
-46.565178,144,13577.879862
-47.381313,144,13577.879903
-42.340874,144,13581.813414
-48.646904,144,13581.813453
-43.844944,144,13585.842306
-44.468884,144,13585.842345
-43.76303,144,13589.755723
-51.235546,144,13589.755762
-47.906544,144,13593.804709
-51.58739,144,13593.804749
-40.885376,144,13598.214466
-48.96348,144,13598.214506
-44.534126,144,13602.268303
-47.31495,144,13602.268342
-48.660713,144,13606.145661
-50.186993,144,13606.145702
-43.568386,144,13610.242135
-45.105057,144,13610.242174
-50.976246,144,13614.390634
-50.671207,144,13614.390708
-46.267937,144,13618.872592
-46.14593,144,13618.872627
-43.42813,144,13622.824618
-44.264877,144,13622.824712
-43.396774,144,13627.19764
-44.680645,144,13627.197676
-50.174355,144,13631.447989
-51.23477,144,13631.448023
-47.893814,144,13635.446922
-54.827732,144,13635.446961
-49.560852,144,13640.140953
-51.552753,144,13640.140988
-48.498207,144,13644.000424
-55.13152,144,13644.000463
-42.422398,144,13648.523448
-48.16473,144,13648.523492
-40.39907,144,13652.54571
-45.398567,144,13652.545751
-37.71411,144,13657.490093
-44.256878,144,13657.490131
-43.950626,144,13661.753151
-50.231403,144,13661.753192
-46.798786,144,13666.353914
-45.402885,144,13666.353954
-44.594334,144,13670.357633
-48.62946,144,13670.357673
-46.243366,144,13674.642094
-46.434925,144,13674.642143
-48.634422,144,13679.37308
-46.977196,144,13679.373123
-41.772255,144,13683.657224
-42.917763,144,13683.65727
-44.108177,144,13687.795911
-46.14593,144,13687.795949
-44.138298,144,13691.868462
-44.363804,144,13691.868498
-46.582638,144,13696.11968
-40.588917,144,13696.11972
-43.61365,144,13700.251619
-39.24272,144,13700.251664
-43.039673,144,13704.29161
-50.603527,144,13704.291653
-47.679157,144,13708.403337
-45.277153,144,13708.403381
-38.94598,144,13712.520617
-44.771576,144,13712.520655
-43.408314,144,13716.535569
-45.08329,144,13716.535608
-42.099075,144,13720.678883
-47.388527,144,13720.678929
-37.021313,144,13724.649708
-46.555023,144,13724.649757
-43.92683,144,13728.687745
-43.49367,144,13728.687787
-46.24706,144,13732.584151
-47.39034,144,13732.584191
-42.659443,144,13736.615573
-48.757183,144,13736.615618
-47.606285,144,13740.57268
-42.949913,144,13740.572727
-40.073074,144,13744.444649
-42.45667,144,13744.444687
-36.770943,144,13748.467406
-44.99119,144,13748.467455
-49.351006,144,13752.531188
-44.079712,144,13752.531237
-49.17104,144,13756.493315
-51.275826,144,13756.493353
-42.94987,144,13760.462707
-50.760468,144,13760.462753
-46.47296,144,13765.165953
-41.728844,144,13765.165993
-49.902855,144,13769.23594
-46.317238,144,13769.235979
-39.623634,144,13773.309553
-50.953026,144,13773.309595
-50.98522,144,13777.396879
-41.0711,144,13777.396918
-41.030052,144,13781.399315
-44.308495,144,13781.399366
-40.287632,144,13785.388808
-41.996994,144,13785.388847
-41.916462,144,13789.519856
-44.669956,144,13789.519901
-44.543232,144,13793.534953
-39.559925,144,13793.534997
-44.219646,144,13797.601931
-44.784637,144,13797.601973
-41.374134,144,13801.671982
-52.70558,144,13801.672025
-47.978676,144,13805.648784
-49.988384,144,13805.648831
-51.110725,144,13810.36029
-47.17792,144,13810.36033
-47.214035,144,13814.508043
-47.029896,144,13814.508081
-45.097317,144,13818.612669
-47.497444,144,13818.612713
-41.612347,144,13822.781655
-39.191032,144,13822.781697
-43.15738,144,13826.804735
-39.751255,144,13826.804776
-44.706654,144,13830.93056
-52.19629,144,13830.930598
-45.82535,144,13835.201964
-42.42155,144,13835.202004
-41.60465,144,13839.501369
-47.39073,144,13839.501408
-43.517212,144,13843.659754
-53.73484,144,13843.659796
-39.166008,144,13847.995497
-48.375908,144,13847.995541
-44.29816,144,13852.124358
-43.13547,144,13852.124402
-47.882282,144,13856.340238
-46.632317,144,13856.340275
-43.088684,144,13860.524679
-50.791935,144,13860.524719
-50.719913,144,13864.760681
-56.03034,144,13864.76072
-45.439835,144,13869.181835
-51.397297,144,13869.181874
-42.09271,144,13873.489159
-51.113106,144,13873.489203
-42.429245,144,13877.519427
-42.640606,144,13877.519474
-43.101852,144,13881.617766
-48.950394,144,13881.617812
-39.598106,144,13885.534155
-48.250824,144,13885.5342
-45.79563,144,13889.423733
-48.29159,144,13889.42378
-37.747707,144,13893.423691
-46.790825,144,13893.423734
-44.79962,144,13897.375076
-40.53576,144,13897.375118
-45.362274,144,13901.526313
-40.151802,144,13901.526365
-48.151077,144,13905.740074
-53.186974,144,13905.740114
-45.51987,144,13909.842678
-40.5428,144,13909.842724
-43.66199,144,13913.863478
-45.449276,144,13913.863533
-43.963154,144,13917.998447
-48.390266,144,13917.998486
-38.535244,144,13922.070823
-42.895477,144,13922.070863
-48.65147,144,13926.232309
-46.197117,144,13926.232347
-44.952183,144,13930.325948
-49.130894,144,13930.325987
-46.6277,144,13934.394025
-38.974445,144,13934.394063
-46.455963,144,13938.42184
-47.712082,144,13938.421881
-44.55988,144,13942.467534
-37.767796,144,13942.467663
-43.89216,144,13946.86129
-45.274837,144,13946.861341
-40.640713,144,13951.581966
-49.46815,144,13951.58202
-44.72551,144,13955.744107
-50.66058,144,13955.744152
-44.081886,144,13960.124959
-55.73298,144,13960.12501
-43.181694,144,13964.148389
-46.368507,144,13964.148426
-41.69569,144,13967.709694
-44.938286,144,13967.70973
-46.052483,144,13971.168108
-47.869465,144,13971.168148
-42.42645,144,13975.250796
-41.80807,144,13975.250842
-45.373573,144,13979.256563
-47.24673,144,13979.256606
-42.427094,144,13983.084263
-37.086742,144,13983.084296
-49.141,144,13986.71964
-47.67368,144,13986.719677
-42.827854,144,13990.267365
-40.99252,144,13990.267401
-47.792828,144,13993.69613
-43.719055,144,13993.69617
-51.97053,144,13997.234
-41.720627,144,13997.234038
-47.06587,144,14000.621997
-44.30938,144,14000.622035
-43.251194,144,14004.232122
-46.848885,144,14004.232164
-42.99571,144,14007.85745
-46.2293,144,14007.857485
-41.31307,144,14011.710352
-42.24245,144,14011.710393
-44.459507,144,14015.637776
-45.613316,144,14015.637822
-44.591984,144,14019.255733
-40.78265,144,14019.25577
-60.098167,144,14022.931607
-49.558784,144,14022.93165
-46.06582,144,14026.466741
-49.055687,144,14026.466776
-42.116673,144,14029.859441
-48.28371,144,14029.859483
-52.72662,144,14033.418491
-44.435455,144,14033.418532
-42.00905,144,14036.956938
-46.468224,144,14036.956974
-43.2292,144,14040.644085
-49.99359,144,14040.644123
-44.405113,144,14044.268996
-49.212917,144,14044.269036
-38.755383,144,14047.97643
-44.592697,144,14047.976476
-40.95619,144,14051.735461
-50.66454,144,14051.735499
-46.466385,144,14055.457908
-47.91462,144,14055.457947
-41.15132,144,14059.092517
-46.700233,144,14059.092558
-47.681202,144,14062.705696
-54.896828,144,14062.705731
-46.932407,144,14066.622213
-46.866264,144,14066.622246
-48.85965,144,14070.620716
-50.484425,144,14070.620753
-48.49619,144,14074.810133
-38.83348,144,14074.810172
-42.28227,144,14078.894385
-40.603775,144,14078.894442
-49.074196,144,14082.566177
-41.163017,144,14082.566211
-38.053246,144,14086.163978
-46.93679,144,14086.164015
-55.524174,144,14090.121089
-47.101784,144,14090.121128
-39.671795,144,14093.832462
-43.020676,144,14093.832498
-42.71174,144,14097.391096
-49.432564,144,14097.391163
-51.247864,144,14101.033756
-45.491035,144,14101.03379
-44.149326,144,14104.572515
-37.087166,144,14104.572557
-41.34766,144,14108.154447
-42.689125,144,14108.154484
-42.622704,144,14112.200919
-44.55079,144,14112.200952
