#{"t_start": 1786427477.88224, "env_id": "None"}
r,l,t
-53.887422,144,2.484275
-50.467925,144,4.14013
-51.469408,144,5.770167
-67.055819,144,7.387641
-98.796917,144,9.038978
-103.181542,144,10.693941
-54.395291,144,12.376279
-73.965314,144,15.777627
-95.790819,144,19.234436
-69.778881,144,22.674434
-56.563606,144,26.151053
-63.62743,144,29.530378
-82.557029,144,32.661992
-72.169504,144,35.696328
-94.584398,144,38.513602
-81.649406,144,41.435554
-59.032555,144,44.320096
-54.591214,144,47.078963
-56.940901,144,50.447349
-55.679779,144,53.125003
-54.907335,144,55.916605
-75.282774,144,58.844168
-60.464478,144,62.954305
-70.775072,144,66.75875
-110.850859,144,70.829098
-75.997997,144,76.18301
-48.833481,144,79.230953
-75.728664,144,82.636723
-103.34627,144,85.972836
-101.016811,144,89.549348
-65.272016,144,93.211078
-62.832168,144,96.844027
-76.280761,144,100.49489
-87.148806,144,104.027202
-60.513925,144,106.922573
-92.207334,144,109.6575
-73.149406,144,112.406145
-56.757569,144,115.668041
-91.802704,144,118.758908
-56.785921,144,123.741031
-72.551331,144,126.977681
-64.726437,144,130.794689
-60.928341,144,133.822007
-60.525871,144,136.907424
-65.791008,144,139.917339
-69.060769,144,143.445756
-51.767204,144,146.42697
-93.230175,144,149.371692
-125.628106,144,153.221645
-82.498239,144,157.006374
-80.95406,144,161.251882
-95.207388,144,164.82268
-101.611524,144,167.98559
-76.43125,144,171.07661
-57.935276,144,174.055519
-92.698659,144,177.277833
-70.539242,144,180.836606
-57.592314,144,188.269782
-91.346948,144,194.72475
-63.793963,144,200.316897
-63.035592,144,204.72372
-58.887699,144,208.553782
-54.720781,144,212.824801
-83.987406,144,216.751054
-77.263185,144,221.158231
-84.622958,144,225.037421
-74.213305,144,228.9831
-95.360293,144,232.864124
-102.346103,144,236.653935
-90.74966,144,240.349664
-79.130665,144,244.078515
-61.800422,144,247.730335
-129.376519,144,251.729506
-87.059548,144,255.69267
-63.474555,144,259.345862
-93.416632,144,263.119187
-61.735469,144,266.806445
-63.171546,144,270.898817
-55.840957,144,274.592925
-48.149381,144,278.297722
-54.731575,144,281.982256
-68.245463,144,285.771448
-55.51253,144,289.370542
-102.654428,144,293.119431
-63.078755,144,296.804467
-69.531878,144,300.498068
-64.012404,144,304.330002
-57.934838,144,310.070844
-115.495399,144,314.299388
-71.261037,144,318.654687
-64.009737,144,322.412125
-61.450966,144,326.188233
-171.238962,144,330.121427
-86.793945,144,334.921674
-56.702076,144,338.988568
-76.664459,144,343.629168
-75.362266,144,347.700395
-62.67167,144,351.423691
-63.766473,144,355.085164
-52.488981,144,358.850639
-104.558258,144,362.607846
-71.608347,144,366.80232
-58.602783,144,370.465249
-58.858599,144,374.201583
-96.665796,144,377.92187
-68.752737,144,381.626387
-61.616014,144,385.866588
-116.381017,144,389.552693
-119.611169,144,393.284186
-106.802561,144,397.029395
-52.97198,144,400.719923
-90.871811,144,404.405346
-102.088019,144,408.163971
-90.744623,144,411.951053
-90.893765,144,415.680809
-81.027306,144,419.440646
-57.019719,144,423.193431
-63.92251,144,426.989793
-68.600819,144,430.715344
-56.78354,144,434.346125
-57.752936,144,438.040956
-80.080761,144,441.834774
-60.519838,144,445.566415
-81.426677,144,449.278194
-78.011239,144,452.963139
-112.520225,144,456.742084
-67.404675,144,460.472569
-89.509238,144,464.15883
-86.310925,144,467.992503
-82.913182,144,471.721341
-67.84261,144,475.432375
-70.792904,144,479.124195
-83.253129,144,482.885091
-84.570403,144,486.671597
-103.777628,144,490.587778
-76.724425,144,494.33309
-64.054047,144,498.01555
-47.905833,144,501.627849
-72.895852,144,505.304181
-96.305282,144,509.050347
-70.946581,144,512.819767
-63.523756,144,516.542778
-47.147043,144,520.179919
-73.136175,144,523.873267
-76.214293,144,527.601649
-88.561397,144,531.421413
-46.539339,144,535.123296
-65.737284,144,538.858952
-94.916057,144,542.576746
-66.742231,144,546.402002
-92.6492,144,550.16747
-85.42852,144,553.883134
-100.812651,144,557.5611
-69.801649,144,561.312894
-71.040493,144,564.996217
-87.824876,144,568.745739
-63.459531,144,572.44932
-56.623647,144,576.105004
-65.229315,144,579.780687
-59.728014,144,583.926754
-61.747397,144,587.598039
-77.820691,144,591.289824
-63.30559,144,594.95015
-87.235852,144,598.684849
-69.03281,144,602.379145
-71.619613,144,606.057181
-66.830002,144,609.738268
-77.974483,144,613.417603
-85.914562,144,617.13662
-71.658369,144,621.289431
-58.2742,144,624.993843
-66.254564,144,628.668977
-130.340125,144,632.396553
-112.973466,144,636.158982
-59.617824,144,639.943092
-79.676615,144,643.690681
-62.756486,144,647.419215
-59.458085,144,651.151677
-61.265848,144,654.905668
-53.03246,144,658.606454
-62.018528,144,662.321204
-69.482197,144,666.012661
-59.501813,144,669.708368
-70.838217,144,673.414949
-73.186308,144,677.102538
-67.755409,144,680.824438
-52.316364,144,684.472069
-69.306494,144,688.185972
-113.491312,144,691.954155
-67.153536,144,695.597739
-71.480726,144,699.368013
-64.370151,144,703.056676
-109.113777,144,706.890915
-91.403598,144,710.628115
-77.19435,144,714.35675
-87.259664,144,718.202618
-69.076927,144,722.031163
-55.593459,144,725.962407
-70.003444,144,729.760757
-62.890708,144,733.482074
-78.316307,144,737.200149
-64.348293,144,740.911698
-55.456172,144,744.601247
-68.91136,144,748.320351
-69.632104,144,751.970951
-80.527933,144,755.674032
-56.346975,144,759.386967
-67.497089,144,763.031696
-93.63562,144,766.702306
-80.370935,144,770.403609
-71.345415,144,774.060208
-78.320618,144,777.71492
-90.521605,144,781.471131
-95.363886,144,785.23534
-78.897428,144,788.98273
-86.820333,144,792.663038
-64.610747,144,796.359401
-54.510028,144,800.030135
-69.686515,144,804.106844
-50.141529,144,808.348609
-49.389761,144,812.515325
-54.808764,144,816.801291
-65.773405,144,820.471364
-78.346373,144,824.104571
-75.765185,144,827.799002
-81.73679,144,831.5196
-54.369527,144,835.149945
-53.200674,144,838.825585
-92.646217,144,842.540416
-84.899836,144,846.270588
-53.342765,144,849.939164
-101.334911,144,853.708163
-125.929128,144,857.460803
-78.16476,144,861.183759
-70.812223,144,864.880383
-86.430955,144,869.107086
-62.042589,144,872.828987
-54.176469,144,876.469609
-72.070388,144,880.194794
-45.502801,144,883.945891
-77.195068,144,887.673967
-82.484279,144,891.358523
-73.392722,144,895.032485
-73.870561,144,898.76243
-60.188081,144,902.439184
-84.589007,144,906.195764
-41.057807,144,909.849303
-76.421948,144,913.572469
-87.892646,144,917.311635
-73.631879,144,920.981944
-50.999735,144,924.70956
-61.062831,144,928.437404
-98.900791,144,932.207543
-97.844572,144,935.925315
-55.292163,144,939.651109
-69.061168,144,943.400359
-63.896352,144,947.126728
-37.983782,144,950.704266
-73.162927,144,954.432824
-57.318947,144,958.418209
-82.294512,144,962.66277
-55.172212,144,966.399238
-57.33733,144,970.077753
-59.42994,144,973.938748
-81.523201,144,977.63065
-57.832563,144,981.32344
-54.303514,144,985.025725
-85.232105,144,988.769697
-102.615359,144,992.485594
-125.474121,144,996.189495
-59.918169,144,999.818114
-81.738225,144,1003.520899
-107.778596,144,1007.228119
-75.326222,144,1010.951319
-97.638068,144,1014.672209
-89.257506,144,1018.394282
-54.260985,144,1022.501421
-50.293766,144,1026.169877
-72.291346,144,1029.860178
-60.832605,144,1033.537757
-51.664791,144,1037.207515
-64.474626,144,1040.839356
-58.217675,144,1044.505899
-74.571563,144,1048.250687
-74.335295,144,1051.944039
-110.447094,144,1055.736666
-51.580839,144,1059.409856
-105.67699,144,1063.14632
-106.490672,144,1066.903283
-91.478625,144,1070.620748
-108.958799,144,1074.366081
-67.726319,144,1078.079278
-131.260871,144,1081.947287
-72.091451,144,1085.671797
-62.001351,144,1089.375185
-81.432105,144,1093.097732
-71.688951,144,1096.76575
-59.248725,144,1100.433586
-88.081202,144,1104.118841
-57.4554,144,1107.766975
-51.389445,144,1111.408804
-50.074051,144,1115.122185
-65.05944,144,1118.77562
-89.866649,144,1122.520888
-66.213306,144,1126.19658
-106.223058,144,1129.964655
-47.490302,144,1133.602704
-78.733507,144,1137.274066
-88.016439,144,1141.023878
-78.556914,144,1144.739476
-50.632298,144,1148.416303
-72.227472,144,1152.099869
-102.414808,144,1155.887293
-102.417118,144,1159.614712
-63.852874,144,1163.350828
-70.423369,144,1167.045544
-60.399197,144,1170.791592
-63.064001,144,1174.481983
-60.265258,144,1178.236701
-42.199629,144,1181.939304
-40.988107,144,1185.600082
-66.285651,144,1189.26258
-41.8898,144,1192.889107
-92.459597,144,1196.595494
-62.146306,144,1200.275289
-67.334114,144,1203.957166
-49.825345,144,1207.645174
-80.957239,144,1211.315678
-107.730669,144,1215.046585
-90.961131,144,1218.782089
-67.942384,144,1222.473679
-91.59882,144,1226.234117
-126.97,144,1230.077996
-86.920178,144,1233.870769
-89.855866,144,1237.619265
-91.525124,144,1241.380147
-49.708269,144,1245.092583
-66.739793,144,1248.845206
-76.402526,144,1252.56149
-66.987797,144,1256.276175
-60.602694,144,1259.997608
-65.197194,144,1263.666052
-42.5063,144,1267.342211
-75.088205,144,1271.06803
-58.384042,144,1274.771783
-66.210112,144,1278.439298
-70.133656,144,1282.140341
-56.385875,144,1285.813079
-89.646625,144,1289.548353
-70.053565,144,1293.233425
-54.016436,144,1296.895218
-59.71472,144,1300.589795
-116.139959,144,1304.390238
-81.219566,144,1308.145922
-61.853668,144,1311.891606
-75.318763,144,1315.598823
-47.283426,144,1319.326286
-61.441817,144,1323.021114
-87.514937,144,1326.738959
-59.24149,144,1330.422917
-60.538217,144,1334.103323
-57.064024,144,1337.78353
-55.68213,144,1341.389291
-62.136519,144,1345.000129
-58.978234,144,1348.654702
-80.023586,144,1352.341354
-58.402826,144,1356.033577
-76.070109,144,1359.71791
-103.705699,144,1363.455348
-89.3909,144,1367.599105
-59.390439,144,1371.344538
-69.818193,144,1374.97572
-121.592737,144,1378.787139
-119.405968,144,1382.632183
-48.499338,144,1386.365754
-71.909464,144,1390.110116
-68.052744,144,1393.932152
-44.419947,144,1397.618448
-72.620545,144,1401.431016
-51.871906,144,1405.186596
-58.791408,144,1408.927031
-64.629358,144,1412.655963
-51.567144,144,1416.317151
-83.411436,144,1420.06723
-84.695291,144,1423.744811
-69.52516,144,1427.432542
-55.98838,144,1431.085319
-72.3236,144,1434.806727
-111.651603,144,1438.644497
-87.740909,144,1442.419966
-51.356013,144,1446.122424
-87.224155,144,1449.825281
-90.490138,144,1453.558301
-61.679365,144,1457.233812
-129.837199,144,1460.987789
-77.90195,144,1464.708012
-69.998739,144,1468.459163
-55.258477,144,1472.146509
-56.033872,144,1475.794113
-67.25118,144,1479.460198
-60.051982,144,1483.209542
-62.36907,144,1487.00785
-44.158373,144,1491.14485
-60.015671,144,1495.328302
-82.632938,144,1499.102541
-73.154391,144,1502.807522
-58.639517,144,1506.388083
-83.523301,144,1510.091236
-90.337573,144,1513.788785
-94.976893,144,1517.506359
-62.408595,144,1521.237254
-62.734433,144,1524.976669
-130.532105,144,1528.717673
-88.136754,144,1532.430892
-73.95766,144,1536.115185
-88.98115,144,1539.819987
-61.468485,144,1543.538569
-55.508897,144,1547.249055
-69.630814,144,1551.379932
-62.68338,144,1555.063511
-60.954429,144,1558.70624
-72.832598,144,1562.42317
-46.075818,144,1566.03005
-91.272275,144,1569.745069
-53.396919,144,1573.455182
-90.245896,144,1577.235972
-59.206867,144,1580.946084
-67.328242,144,1584.638022
-99.634793,144,1588.459214
-71.150472,144,1592.234633
-66.834487,144,1595.954668
-66.466928,144,1599.665599
-93.395877,144,1603.415379
-127.401625,144,1607.27068
-61.985301,144,1611.079581
-73.731513,144,1614.825797
-69.597832,144,1618.526368
-60.280556,144,1622.26306
-63.125855,144,1625.942835
-59.653769,144,1629.580197
-63.839132,144,1633.343375
-58.095103,144,1637.00269
-57.11224,144,1640.619662
-68.811715,144,1644.31663
-82.202065,144,1647.992011
-67.329414,144,1651.658412
-50.355968,144,1655.311121
-80.284021,144,1658.965973
-97.376411,144,1662.73331
-86.9484,144,1666.404608
-86.272399,144,1670.073449
-75.175027,144,1673.793896
-117.625911,144,1677.547791
-65.165377,144,1681.338182
-82.74012,144,1685.082665
-81.085716,144,1688.796444
-75.84034,144,1692.535378
-74.29238,144,1696.239337
-71.436631,144,1699.905825
-54.242656,144,1703.565416
-52.047271,144,1707.218104
-57.799344,144,1710.874548
-75.371553,144,1714.538254
-77.027635,144,1718.330685
-76.826953,144,1722.004222
-85.840161,144,1725.742875
-61.03687,144,1729.433983
-63.889484,144,1733.093845
-101.516168,144,1736.768637
-104.068883,144,1740.544367
-72.551561,144,1744.282721
-94.438683,144,1748.083417
-88.279016,144,1751.885306
-62.518339,144,1755.588463
-68.086696,144,1759.335903
-75.542876,144,1763.088515
-57.276928,144,1766.782207
-50.886015,144,1770.52167
-59.05411,144,1774.156553
-58.015148,144,1777.836125
-68.917835,144,1781.532366
-53.869079,144,1785.223778
-70.310919,144,1788.908627
-85.490417,144,1792.64123
-65.252358,144,1796.339884
-69.737431,144,1800.011464
-66.229202,144,1803.710077
-75.31231,144,1807.425611
-80.98979,144,1811.158749
-58.832337,144,1814.817431
-57.343732,144,1818.494426
-65.825341,144,1822.212732
-120.182018,144,1825.967895
-84.954811,144,1829.676626
-67.348914,144,1833.373414
-80.87204,144,1837.13622
-54.796837,144,1840.800649
-65.439316,144,1844.505162
-54.380913,144,1848.184427
-65.823685,144,1851.849284
-57.284336,144,1855.546515
-61.150419,144,1859.275426
-46.647834,144,1862.916286
-68.065052,144,1866.562072
-45.545225,144,1870.14365
-85.657629,144,1873.807789
-51.787925,144,1877.43844
-86.437526,144,1881.077296
-84.022158,144,1884.825875
-74.352791,144,1888.574488
-51.053578,144,1892.245454
-65.529634,144,1895.964139
-85.652789,144,1899.695527
-80.747285,144,1903.443653
-89.776538,144,1907.21975
-83.945703,144,1910.962103
-63.933934,144,1914.656694
-51.280698,144,1918.309229
-55.028441,144,1921.989918
-57.920533,144,1925.773911
-57.839908,144,1929.455782
-57.995567,144,1933.174809
-39.84864,144,1936.839653
-82.371721,144,1940.558569
-96.722576,144,1944.28334
-65.21398,144,1947.952359
-59.984659,144,1951.616281
-86.549596,144,1955.375183
-112.093811,144,1959.161655
-78.280395,144,1962.811032
-67.290353,144,1966.590685
-137.536227,144,1970.384907
-96.232311,144,1974.145433
-86.142982,144,1977.886957
-62.997864,144,1981.634749
-100.578785,144,1985.469738
-56.310843,144,1989.283048
-55.077276,144,1993.00508
-78.941731,144,1996.738521
-57.057463,144,2000.431253
-41.924808,144,2004.168603
-53.543099,144,2007.879274
-45.376528,144,2011.574339
-74.092546,144,2015.240494
-61.691143,144,2018.914433
-78.374345,144,2022.663728
-87.592694,144,2026.407552
-53.872071,144,2030.054728
-95.707278,144,2033.828913
-111.560098,144,2037.557168
-50.117424,144,2041.280866
-61.608949,144,2044.903555
-98.187405,144,2048.652889
-133.922278,144,2052.441749
-91.500943,144,2056.160315
-70.634899,144,2059.878094
-54.899207,144,2063.566401
-66.924975,144,2067.249602
-55.731802,144,2070.927664
-57.575538,144,2074.603211
-60.656703,144,2078.777037
-59.102621,144,2082.477445
-66.363777,144,2086.180567
-77.445659,144,2089.890461
-77.028483,144,2093.604132
-63.979958,144,2097.307049
-52.273266,144,2100.987247
-76.777182,144,2104.673393
-92.368288,144,2108.41959
-63.126344,144,2112.629535
-59.021055,144,2116.340113
-82.582903,144,2120.018858
-80.874562,144,2123.724923
-77.126251,144,2127.410041
-124.059395,144,2131.211141
-101.983084,144,2134.93842
-69.92908,144,2138.656219
-55.383986,144,2142.372599
-65.077765,144,2146.113827
-51.140319,144,2149.767961
-49.447997,144,2153.419972
-63.487215,144,2157.156214
-52.553188,144,2160.832854
-100.107678,144,2164.569858
-101.631199,144,2168.292968
-92.254471,144,2171.987382
-52.819348,144,2175.634408
-53.560929,144,2179.269325
-108.914119,144,2183.034623
-70.483696,144,2186.773218
-53.86388,144,2190.475121
-132.802275,144,2194.233002
-93.670096,144,2197.979636
-91.035154,144,2201.746599
-84.781228,144,2205.43766
-96.66301,144,2209.202404
-60.049516,144,2212.90775
-50.605072,144,2216.576761
-67.276838,144,2220.21816
-48.999684,144,2223.88856
-74.345532,144,2227.587069
-60.241354,144,2231.260373
-51.859751,144,2234.869481
-68.138237,144,2238.597474
-57.830848,144,2242.254138
-72.77336,144,2245.996913
-58.181946,144,2249.656449
-77.379389,144,2253.328066
-91.895924,144,2257.032303
-73.305997,144,2260.721208
-53.919601,144,2264.466355
-75.896526,144,2268.124794
-105.696544,144,2271.91713
-77.302869,144,2275.666893
-67.564074,144,2279.367586
-91.512592,144,2283.144739
-48.541794,144,2286.772999
-78.954225,144,2290.520988
-56.19548,144,2294.212522
-50.152659,144,2298.053422
-42.405463,144,2301.754678
-68.56786,144,2305.532479
-56.289563,144,2309.198097
-73.235804,144,2312.916253
-93.794643,144,2316.622725
-74.302218,144,2320.378274
-43.705669,144,2324.025258
-75.453955,144,2327.754254
-85.474061,144,2331.461201
-143.703434,144,2335.301009
-48.445008,144,2338.988578
-89.809048,144,2342.814327
-109.845888,144,2346.615041
-84.313427,144,2350.411673
-84.31816,144,2354.126755
-71.66668,144,2357.815351
-78.057892,144,2361.536598
-38.68746,144,2365.224565
-53.949644,144,2368.926432
-53.832618,144,2372.584131
-61.772185,144,2376.297619
-65.187045,144,2379.980569
-51.108169,144,2383.658246
-63.083409,144,2387.338804
-61.733076,144,2391.015234
-67.440723,144,2394.70695
-48.809,144,2398.361772
-97.36798,144,2402.06452
-80.861762,144,2405.806536
-63.20979,144,2409.466427
-87.705938,144,2413.217619
-79.965253,144,2416.939713
-92.043265,144,2420.668838
-84.478557,144,2424.461394
-63.787148,144,2428.161638
-85.004526,144,2431.86755
-53.279194,144,2435.600663
-43.35407,144,2439.376153
-72.786884,144,2443.174041
-67.851621,144,2446.929852
-68.302739,144,2450.704211
-64.529542,144,2454.502241
-57.706593,144,2458.139707
-93.16607,144,2461.88922
-84.784381,144,2465.603359
-75.81087,144,2469.28992
-101.640119,144,2473.479196
-83.621465,144,2477.594856
-86.157221,144,2481.352365
-73.456365,144,2485.05824
-48.656257,144,2488.777779
-73.298928,144,2492.507736
-102.576994,144,2496.248542
-79.096924,144,2500.025704
-55.213673,144,2503.769944
-75.432523,144,2507.508175
-54.323378,144,2511.275345
-51.275012,144,2514.986154
-74.408182,144,2518.746308
-53.58347,144,2522.514563
-56.419634,144,2526.253276
-52.463365,144,2529.92789
-54.198323,144,2533.638871
-91.908496,144,2537.45631
-74.420365,144,2541.154455
-67.201835,144,2544.817726
-51.576761,144,2548.427007
-67.883397,144,2552.111532
-112.371533,144,2555.856312
-69.630177,144,2559.480325
-51.884048,144,2563.157912
-74.083808,144,2566.856145
-96.516266,144,2570.576575
-76.221124,144,2574.265993
-57.288888,144,2577.971915
-82.024546,144,2581.717973
-52.148325,144,2585.388525
-41.117032,144,2589.015074
-61.801873,144,2592.663713
-65.93559,144,2596.312612
-61.818689,144,2599.996541
-57.506059,144,2603.687134
-58.564237,144,2607.322131
-89.748642,144,2611.001795
-66.684965,144,2614.630856
-68.076222,144,2618.362985
-67.435039,144,2622.055526
-98.186537,144,2625.748427
-108.436996,144,2629.474821
-68.80602,144,2633.17098
-45.767368,144,2636.831886
-74.041778,144,2640.529327
-100.914894,144,2644.3073
-71.9998,144,2648.014485
-58.260285,144,2651.700164
-111.935874,144,2655.452208
-52.536601,144,2659.115714
-53.656302,144,2662.826624
-54.183778,144,2666.511553
-81.296487,144,2670.22179
-47.395432,144,2673.88611
-51.457497,144,2677.558968
-55.557778,144,2681.193455
-64.624604,144,2684.91497
-68.065496,144,2688.629622
-95.189402,144,2692.387676
-51.885884,144,2696.093525
-70.369783,144,2699.807189
-99.509487,144,2703.580023
-91.568625,144,2707.36653
-67.692731,144,2711.077602
-79.452559,144,2714.822018
-100.587203,144,2718.576025
-72.186208,144,2722.398339
-74.210695,144,2726.155906
-90.50879,144,2729.890454
-59.830843,144,2733.698501
-63.442313,144,2737.445365
-60.567889,144,2741.157331
-75.892411,144,2744.899014
-58.415818,144,2748.593863
-75.318572,144,2752.243728
-48.885436,144,2755.913805
-63.094558,144,2759.630966
-76.55667,144,2763.364936
-65.940838,144,2767.081403
-54.883559,144,2770.776637
-79.742939,144,2774.489949
-101.411609,144,2778.221267
-66.98902,144,2781.92041
-54.093587,144,2785.614306
-83.246259,144,2789.35346
-100.420516,144,2793.137627
-62.765341,144,2796.839672
-60.258501,144,2800.525535
-97.805419,144,2804.304672
-52.715404,144,2808.045238
-51.097963,144,2811.752151
-71.544657,144,2815.417271
-75.484937,144,2819.113439
-53.566,144,2822.799579
-61.839836,144,2826.459621
-68.293516,144,2830.126268
-59.29979,144,2833.78435
-75.113636,144,2837.489916
-87.570539,144,2841.253157
-62.958432,144,2844.964565
-68.480686,144,2848.700684
-107.882581,144,2852.417018
-84.421259,144,2856.191726
-62.675808,144,2859.909767
-86.988339,144,2863.634697
-98.334767,144,2867.377611
-71.332209,144,2871.093498
-88.799,144,2874.907603
-81.655094,144,2878.710998
-95.427428,144,2882.590353
-43.988266,144,2886.311394
-62.126523,144,2890.048154
-53.803122,144,2893.799252
-42.379408,144,2897.477957
-78.766782,144,2901.17061
-51.588423,144,2904.780867
-79.130178,144,2908.486766
-66.791497,144,2912.226776
-69.728767,144,2915.983326
-77.63386,144,2919.718898
-69.077375,144,2923.47271
-88.527764,144,2927.185883
-92.328299,144,2930.890234
-51.025925,144,2934.632235
-73.249425,144,2938.33047
-105.20986,144,2942.148392
-100.732529,144,2945.888527
-72.7426,144,2949.630352
-101.207064,144,2953.417608
-71.764861,144,2957.123003
-49.292087,144,2960.764126
-82.362994,144,2964.423147
-63.393579,144,2968.082907
-66.635673,144,2971.757365
-59.899408,144,2975.43983
-44.16028,144,2979.085109
-65.265654,144,2982.808614
-75.158932,144,2986.494918
-69.400935,144,2990.207318
-45.88223,144,2993.865485
-64.505365,144,2997.590769
-114.081395,144,3001.360804
-77.567368,144,3005.088429
-83.72599,144,3008.808086
-76.638673,144,3012.50485
-104.856758,144,3016.28835
-86.630226,144,3020.013409
-65.127481,144,3023.770456
-98.147698,144,3027.569406
-68.852171,144,3031.290856
-52.676902,144,3035.006839
-51.867233,144,3038.661123
-60.012509,144,3042.344671
-43.525498,144,3046.01919
-53.459486,144,3049.689254
-54.331258,144,3053.350319
-71.127394,144,3057.048274
-62.54984,144,3060.738823
-95.922968,144,3064.494346
-58.867307,144,3068.177596
-69.55887,144,3071.903277
-101.179389,144,3075.660921
-90.148188,144,3079.354652
-57.516623,144,3083.007614
-95.994497,144,3086.739613
-106.829271,144,3090.961466
-73.337121,144,3094.706656
-58.997312,144,3098.338573
-72.786854,144,3101.972401
-58.158255,144,3105.66765
-43.000977,144,3109.347061
-65.101117,144,3113.052635
-65.095843,144,3116.724818
-53.037283,144,3120.454135
-54.423923,144,3124.140265
-70.327411,144,3127.815313
-65.401135,144,3131.501882
-85.807396,144,3135.24867
-77.727781,144,3139.20177
-64.136447,144,3143.043572
-80.811403,144,3146.893452
-96.777422,144,3150.719323
-113.630451,144,3154.635828
-68.874192,144,3158.476112
-64.279926,144,3162.24426
-90.441243,144,3166.101466
-85.374461,144,3169.971627
-63.094189,144,3173.816487
-95.675024,144,3177.721979
-68.646424,144,3181.627127
-49.98547,144,3185.390874
-65.612824,144,3189.089375
-52.002724,144,3192.79161
-55.007299,144,3196.539336
-47.028279,144,3200.328539
-52.354756,144,3204.012873
-66.554399,144,3207.751284
-69.662533,144,3211.486585
-82.683423,144,3215.184117
-65.363558,144,3218.891375
-116.689851,144,3222.659249
-80.330389,144,3226.389597
-87.040196,144,3230.130699
-59.519933,144,3233.838245
-70.966329,144,3237.553492
-88.847624,144,3241.305625
-89.779795,144,3245.077033
-60.001486,144,3249.022723
-78.017597,144,3252.783441
-71.046028,144,3256.593716
-66.900755,144,3260.300892
-80.50528,144,3264.039244
-57.74702,144,3267.684031
-54.163149,144,3271.418878
-58.278489,144,3275.123441
-55.314001,144,3278.748629
-82.78555,144,3282.469963
-61.385753,144,3286.134147
-90.484296,144,3289.845171
-73.933965,144,3293.516383
-73.429481,144,3297.23453
-85.581458,144,3300.998142
-88.023337,144,3304.721569
-49.89458,144,3308.425067
-57.286016,144,3312.078459
-126.164028,144,3315.87796
-70.918524,144,3319.546453
-61.568413,144,3323.244234
-75.874138,144,3327.006985
-57.844138,144,3330.726776
-53.701989,144,3334.606231
-72.154729,144,3338.607414
-52.5615,144,3342.414688
-47.488133,144,3346.325011
-61.275786,144,3350.145649
-43.120934,144,3353.865937
-115.828859,144,3357.610613
-56.795198,144,3361.288943
-66.046441,144,3364.998172
-71.11034,144,3368.75782
-54.644819,144,3372.44984
-110.273295,144,3376.239287
-65.967195,144,3379.955198
-60.182855,144,3383.630964
-111.591161,144,3387.362781
-104.891105,144,3391.176967
-84.591751,144,3394.961039
-51.008646,144,3398.622539
-91.602788,144,3402.419017
-50.489228,144,3406.135731
-50.123033,144,3409.848202
-67.866347,144,3413.612083
-42.24011,144,3417.298672
-66.774453,144,3421.054403
-58.112771,144,3424.819044
-59.77997,144,3428.502983
-81.654936,144,3432.268019
-69.54839,144,3435.924456
-60.009384,144,3439.645328
-58.077674,144,3443.372114
-95.640801,144,3447.071003
-119.492325,144,3450.8707
-80.967824,144,3454.599636
-52.439691,144,3458.297029
-87.230317,144,3462.060341
-80.978934,144,3465.780414
-103.163351,144,3469.536899
-56.701464,144,3473.247896
-83.994788,144,3476.954498
-64.38606,144,3480.633103
-62.33219,144,3484.439197
-70.489217,144,3488.130732
-62.899738,144,3491.844943
-57.391423,144,3495.559433
-65.833326,144,3499.249423
-58.816286,144,3502.912744
-62.292447,144,3506.583335
-63.170722,144,3510.244223
-72.879411,144,3513.919419
-53.73805,144,3517.628388
-85.473182,144,3521.29428
-102.106868,144,3525.073102
-79.764229,144,3528.817802
-49.004115,144,3532.533254
-69.491786,144,3536.231943
-93.690857,144,3539.938529
-74.753354,144,3543.664453
-49.448404,144,3547.322868
-86.11236,144,3551.036584
-64.801213,144,3554.736192
-35.189547,144,3558.353616
-55.09469,144,3562.021625
-61.743558,144,3565.738471
-51.822591,144,3569.429061
-68.697815,144,3573.166043
-50.60971,144,3576.818893
-160.364167,144,3580.672761
-70.922889,144,3584.382309
-73.865957,144,3588.066648
-54.825878,144,3591.72776
-85.722821,144,3595.435508
-98.192329,144,3599.197605
-73.208375,144,3602.93204
-41.009047,144,3606.608443
-93.867823,144,3610.368324
-95.13642,144,3614.131914
-87.133045,144,3617.919363
-59.07806,144,3621.568776
-90.082345,144,3625.339701
-51.867,144,3628.987895
-53.409122,144,3632.615208
-89.649318,144,3636.356814
-59.345368,144,3640.022662
-51.199895,144,3643.732412
-60.114357,144,3647.395571
-45.332334,144,3650.965568
-74.193217,144,3654.663676
-73.043069,144,3658.331512
-67.55157,144,3662.03907
-49.548248,144,3665.710808
-72.415356,144,3669.435244
-81.926098,144,3673.164435
-97.167695,144,3676.910417
-48.68286,144,3680.583924
-63.287186,144,3684.291445
-107.262181,144,3687.995893
-70.792277,144,3691.760153
-64.73124,144,3695.505493
-62.858094,144,3699.219251
-53.723605,144,3702.944012
-41.566707,144,3706.628232
-70.194038,144,3710.266226
-60.770622,144,3713.985674
-58.181743,144,3717.758385
-68.855312,144,3721.459011
-55.512112,144,3725.14689
-83.348067,144,3728.93758
-82.911556,144,3732.618487
-76.054534,144,3736.362416
-71.519673,144,3740.57344
-71.937092,144,3744.255471
-99.8207,144,3747.947955
-71.230044,144,3751.699967
-52.328843,144,3755.425916
-92.654633,144,3759.130604
-100.149367,144,3762.848532
-102.081806,144,3766.687394
-73.350201,144,3770.384489
-68.911621,144,3774.020137
-57.065808,144,3777.774608
-49.462528,144,3781.527895
-79.062595,144,3785.29798
-67.821079,144,3789.042368
-55.506442,144,3792.773715
-64.40872,144,3796.459839
-46.957414,144,3800.199746
-77.94755,144,3803.950932
-74.879868,144,3807.683754
-66.338029,144,3811.430217
-46.647593,144,3815.112157
-84.725455,144,3818.806846
-94.138235,144,3822.551387
-59.936323,144,3826.244717
-58.164538,144,3829.98061
-73.400358,144,3833.687695
-106.052965,144,3837.43637
-93.544504,144,3841.193653
-63.691815,144,3844.9198
-101.609308,144,3848.667888
-71.308725,144,3852.426236
-48.317194,144,3856.150828
-61.928905,144,3860.279622
-56.42064,144,3863.973487
-66.071993,144,3867.680874
-49.817896,144,3871.39883
-89.592533,144,3875.045644
-73.329512,144,3878.783631
-51.536196,144,3882.433435
-66.347673,144,3886.280532
-69.849726,144,3890.030069
-76.568629,144,3893.706145
-126.629771,144,3897.472979
-72.213027,144,3901.161613
-49.434226,144,3904.863132
-65.109226,144,3908.586322
-77.969047,144,3912.345313
-106.577599,144,3916.178908
-93.898098,144,3919.92179
-75.747667,144,3923.688035
-55.656869,144,3927.362751
-54.436945,144,3931.113605
-63.621197,144,3934.838248
-58.486216,144,3938.536924
-66.056055,144,3942.32061
-65.679473,144,3946.071822
-56.776486,144,3949.694774
-91.257394,144,3953.486752
-79.310729,144,3957.182693
-78.951625,144,3960.920644
-68.279361,144,3964.64812
-76.719754,144,3968.424183
-137.041398,144,3972.276325
-88.376915,144,3975.974737
-41.454534,144,3979.721695
-65.521078,144,3983.402043
-80.865967,144,3987.15185
-72.233536,144,3990.908986
-71.884424,144,3994.649911
-86.669113,144,3998.334512
-50.405994,144,4002.044528
-48.965679,144,4005.758636
-69.238507,144,4009.426843
-72.667041,144,4013.159175
-60.23618,144,4016.883303
-66.714277,144,4020.515219
-46.152355,144,4024.147525
-74.585854,144,4027.851657
-71.346748,144,4031.523114
-135.977148,144,4035.342279
-60.856481,144,4039.019294
-67.138857,144,4042.785444
-105.60367,144,4046.546426
-77.042502,144,4050.215139
-64.534104,144,4053.93768
-65.87425,144,4057.665004
-100.246469,144,4061.406206
-65.241002,144,4065.157946
-59.768238,144,4068.863541
-75.35289,144,4072.614608
-61.079611,144,4076.314086
-63.364836,144,4080.40376
-61.043713,144,4084.135189
-55.085581,144,4087.817041
-51.724838,144,4091.94133
-67.833442,144,4095.657395
-50.379169,144,4099.3625
-72.724562,144,4103.144583
-60.716313,144,4106.896876
-67.711615,144,4110.621397
-54.482232,144,4114.318536
-62.0449,144,4118.053486
-105.225843,144,4121.845114
-66.222766,144,4125.554712
-55.669587,144,4129.2146
-67.542094,144,4133.464895
-121.825819,144,4137.255826
-79.505623,144,4141.018329
-67.879868,144,4144.744621
-77.639354,144,4148.385595
-61.911933,144,4152.087916
-57.907015,144,4155.737829
-71.6272,144,4159.44282
-43.618386,144,4163.09532
-69.494358,144,4166.772214
-50.373919,144,4170.458829
-65.770914,144,4174.100395
-73.572143,144,4177.760462
-76.317554,144,4181.406868
-74.185952,144,4185.183719
-44.553977,144,4188.769586
-63.165531,144,4192.443763
-114.271884,144,4196.22124
-72.572405,144,4199.95367
-80.043878,144,4203.686174
-75.509953,144,4207.39982
-109.270633,144,4211.1068
-86.150352,144,4214.850806
-70.263093,144,4218.549088
-75.919072,144,4222.247946
-49.887017,144,4225.912913
-64.260807,144,4229.558498
-66.938425,144,4233.305776
-60.357277,144,4237.029811
-91.944787,144,4240.82057
-58.442166,144,4244.574332
-48.298741,144,4248.307579
-79.636916,144,4252.14661
-82.710218,144,4255.893634
-74.455146,144,4259.562448
-46.151792,144,4263.229892
-68.932668,144,4266.906814
-94.730268,144,4270.63668
-69.296856,144,4274.348013
-51.096672,144,4278.024038
-71.680845,144,4281.742036
-140.786093,144,4285.577799
-73.382862,144,4289.325003
-63.743619,144,4293.058784
-68.616011,144,4296.780199
-57.811885,144,4300.488731
-54.863118,144,4304.236596
-59.881377,144,4307.968403
-57.600584,144,4311.689172
-57.841523,144,4315.42258
-53.465377,144,4319.259988
-40.297912,144,4323.054972
-79.422506,144,4326.997344
-77.082991,144,4330.777955
-78.094387,144,4334.575543
-62.993131,144,4338.246002
-77.130186,144,4341.964269
-101.517677,144,4345.753969
-61.908136,144,4349.464268
-49.053241,144,4353.140007
-85.085738,144,4356.925163
-117.210914,144,4360.738734
-65.549906,144,4364.460364
-74.027927,144,4368.169935
-91.414477,144,4371.895467
-83.770307,144,4375.614763
-70.940888,144,4379.321092
-89.145951,144,4383.095532
-53.084826,144,4387.238355
-53.089806,144,4390.929483
-53.574217,144,4394.590982
-59.256341,144,4398.29592
-85.255915,144,4402.022411
-75.597339,144,4405.728489
-69.734759,144,4409.4373
-64.367919,144,4413.148244
-83.326358,144,4416.949414
-81.458259,144,4420.672993
-87.712115,144,4424.417281
-59.460788,144,4428.140589
-61.417348,144,4431.825178
-125.078344,144,4435.614633
-60.528417,144,4439.320949
-59.685621,144,4443.477444
-73.593319,144,4447.179529
-53.263998,144,4450.875544
-47.996311,144,4454.607911
-54.730102,144,4458.243184
-48.931455,144,4461.87483
-60.493234,144,4465.586345
-55.85265,144,4469.251656
-48.429172,144,4472.960204
-78.68487,144,4476.62929
-91.532843,144,4480.380257
-67.123025,144,4484.164284
-52.074019,144,4487.836669
-62.492852,144,4491.55941
-93.009708,144,4495.354302
-77.095964,144,4499.031038
-53.180732,144,4502.784424
-66.289425,144,4506.470873
-134.920813,144,4510.338565
-59.912345,144,4514.089252
-68.544087,144,4517.741165
-83.834282,144,4521.458197
-72.586524,144,4525.289087
-41.655259,144,4528.932471
-58.581054,144,4532.607796
-53.921721,144,4536.317415
-63.211515,144,4540.021573
-58.037044,144,4543.726213
-47.425549,144,4547.372678
-89.796678,144,4551.075687
-102.550706,144,4554.804763
-80.560531,144,4558.846099
-43.972438,144,4562.598356
-68.857815,144,4566.343774
-102.06807,144,4570.131487
-68.044013,144,4574.003028
-60.415519,144,4577.777716
-79.346069,144,4581.505285
-119.907854,144,4585.3179
-77.933973,144,4589.058409
-69.078725,144,4592.760575
-71.637456,144,4596.466733
-54.736645,144,4600.114582
-61.529146,144,4603.767635
-74.377907,144,4607.447066
-57.716758,144,4611.119159
-54.97145,144,4614.781896
-76.49834,144,4618.475171
-54.704994,144,4622.166137
-70.693483,144,4625.897381
-61.182111,144,4629.580358
-67.659278,144,4633.275678
-51.993648,144,4637.011982
-69.82942,144,4640.724808
-86.118869,144,4644.428149
-116.881268,144,4648.219934
-67.093008,144,4651.934283
-93.612208,144,4655.700959
-98.194319,144,4659.457552
-86.339583,144,4663.219204
-62.72506,144,4666.973915
-74.628801,144,4670.708257
-64.521832,144,4674.429123
-54.998119,144,4678.11398
-73.532816,144,4681.880489
-103.842755,144,4685.616101
-54.231116,144,4689.320558
-52.849449,144,4693.015308
-51.238903,144,4696.63377
-75.112875,144,4700.299632
-79.077567,144,4703.999752
-86.424213,144,4707.688067
-63.751351,144,4711.357841
-69.712221,144,4715.021638
-90.666486,144,4718.72781
-71.846195,144,4722.391832
-43.043765,144,4726.097835
-102.985253,144,4729.72066
-101.181402,144,4733.475972
-67.631473,144,4737.218216
-63.469008,144,4740.930268
-103.781562,144,4744.633447
-66.137882,144,4748.348643
-42.356034,144,4752.05622
-69.783256,144,4755.739302
-60.946991,144,4759.370153
-75.319391,144,4763.128198
-69.595138,144,4766.859011
-66.73341,144,4770.546705
-68.701615,144,4774.24646
-64.377195,144,4777.92474
-74.27147,144,4781.553679
-49.710511,144,4785.235043
-67.650457,144,4788.900316
-89.658539,144,4792.61042
-88.822017,144,4796.331259
-54.493722,144,4799.951793
-73.202566,144,4803.650011
-93.098765,144,4807.366134
-58.056121,144,4811.03702
-78.696735,144,4814.675823
-82.339839,144,4818.43218
-53.571394,144,4822.108754
-56.221867,144,4825.782229
-60.166072,144,4829.482435
-52.720164,144,4833.152647
-55.910947,144,4836.853215
-63.612857,144,4840.599159
-60.21443,144,4844.226953
-68.569079,144,4847.948289
-55.619357,144,4851.605129
-87.091635,144,4855.396599
-41.193003,144,4859.078959
-86.34389,144,4862.808586
-79.23727,144,4866.569006
-114.40964,144,4870.356895
-50.263442,144,4874.060686
-78.955581,144,4877.821853
-89.305869,144,4881.53475
-77.416509,144,4885.203052
-86.196133,144,4888.932026
-87.224281,144,4892.602071
-59.172469,144,4896.329268
-47.183706,144,4899.99102
-65.060255,144,4903.655705
-51.140172,144,4907.297034
-62.165917,144,4911.001411
-57.551286,144,4914.771449
-46.28612,144,4918.425757
-63.798024,144,4922.11019
-62.12038,144,4925.772909
-67.699512,144,4930.021792
-56.804177,144,4935.338275
-67.064817,144,4939.816893
-74.572433,144,4944.336787
-80.44758,144,4948.342521
-62.854215,144,4955.318629
-69.38825,144,4962.386588
-74.897676,144,4967.584401
-79.85056,144,4970.764749
-56.163142,144,4973.384584
-81.909187,144,4976.257021
-57.534287,144,4979.212498
-57.07608,144,4982.982453
-67.726336,144,4986.259892
-67.732189,144,4989.554111
-74.929316,144,4992.496359
-62.587328,144,4995.414055
-65.314477,144,4998.489872
-83.245614,144,5001.981834
-64.746297,144,5009.119477
-95.820635,144,5016.292339
-60.043473,144,5021.768384
-63.734868,144,5029.317278
-115.941053,144,5036.506872
-63.439071,144,5039.765804
-46.16713,144,5044.243467
-51.243793,144,5057.701359
-86.941362,144,5064.628084
-101.107492,144,5071.022464
-89.320956,144,5076.394311
-66.050809,144,5082.502968
-65.167457,144,5088.735804
-44.531761,144,5091.709194
-60.714246,144,5094.808683
-59.423303,144,5097.841698
-51.57031,144,5101.076777
-59.819691,144,5106.045072
-65.364103,144,5113.445938
-66.999527,144,5118.854832
-62.364327,144,5123.084766
-78.29703,144,5127.394214
-53.595997,144,5131.983357
-70.265605,144,5135.629716
-78.993453,144,5140.00769
-75.174753,144,5144.597867
-78.988281,144,5147.84465
-102.715637,144,5151.863553
-103.482473,144,5155.930194
-77.887271,144,5160.736998
-57.128141,144,5164.835198
-107.174536,144,5173.216228
-49.839853,144,5178.769725
-60.744858,144,5183.241282
-76.369419,144,5185.990144
-49.684342,144,5189.552587
-48.033467,144,5194.344251
-54.298075,144,5197.616974
-42.225942,144,5202.773119
-97.60849,144,5208.439237
-50.539349,144,5213.567371
-73.381419,144,5216.565727
-59.53854,144,5219.54296
-69.627777,144,5222.689007
-112.94537,144,5225.96457
-70.524801,144,5230.338138
-42.611418,144,5234.290831
-62.374558,144,5237.687323
-192.56259,144,5242.035861
-76.938953,144,5246.427126
-67.511067,144,5250.725355
-105.594736,144,5255.07659
-55.137836,144,5259.465162
-53.488767,144,5263.517736
-62.470615,144,5267.527395
-55.756816,144,5271.536497
-50.392313,144,5276.092106
-57.634535,144,5280.383664
-57.977804,144,5284.596253
-78.343994,144,5288.160272
-70.326157,144,5291.9177
-65.438089,144,5295.439512
-55.966403,144,5298.522277
-74.024688,144,5302.218154
-107.209894,144,5305.427039
-87.125671,144,5309.298293
-41.166387,144,5312.499785
-115.122542,144,5317.065255
-94.941168,144,5320.83736
-93.302402,144,5324.639779
-56.399996,144,5328.390385
-94.032103,144,5332.185737
-53.193792,144,5335.938009
-45.539745,144,5339.69061
-59.208919,144,5343.391215
-54.63062,144,5347.841505
-54.015451,144,5351.671623
-66.792768,144,5355.449933
-60.110477,144,5359.166726
-66.235586,144,5362.869137
-50.525255,144,5366.556424
-87.637917,144,5370.301368
-61.940175,144,5374.045013
-80.53307,144,5377.748195
-103.14609,144,5381.528739
-68.5393,144,5385.265826
-41.268869,144,5389.027589
-80.662507,144,5392.7763
-97.734606,144,5396.596418
-62.903002,144,5400.329896
-85.78064,144,5404.149781
-99.333161,144,5407.916545
-60.38529,144,5411.660156
-38.77735,144,5415.401076
-71.60964,144,5419.136431
-48.893738,144,5422.868341
-61.923842,144,5426.610323
-51.774847,144,5430.359165
-55.102798,144,5434.055011
-79.9568,144,5437.847822
-56.781756,144,5441.569091
-62.626265,144,5445.293012
-56.68312,144,5448.986838
-88.745991,144,5452.730439
-98.980917,144,5456.481791
-68.747471,144,5460.256203
-54.799293,144,5463.975227
-48.012653,144,5467.681018
-120.216197,144,5471.474369
-65.474954,144,5475.288004
-78.755295,144,5478.996055
-81.524229,144,5482.702578
-52.649891,144,5486.40062
-49.609403,144,5490.106383
-70.880584,144,5493.835559
-44.404792,144,5497.493564
-50.277129,144,5501.209155
-58.304798,144,5504.941091
-50.815417,144,5508.60972
-89.785123,144,5512.366853
-56.834836,144,5516.05242
-68.283494,144,5519.80841
-50.026485,144,5524.028526
-59.925196,144,5527.724535
-100.530516,144,5531.532865
-77.762514,144,5535.263101
-43.405525,144,5538.959311
-51.263988,144,5542.695945
-92.231633,144,5546.604794
-83.531567,144,5550.252421
-57.271872,144,5553.101947
-75.362189,144,5555.975422
-61.755561,144,5559.265954
-45.318209,144,5562.101038
-69.124899,144,5565.003732
-49.339627,144,5567.834508
-86.082794,144,5570.643658
-56.982591,144,5573.54225
-53.483482,144,5576.416229
-70.164155,144,5579.261048
-81.801082,144,5582.901789
-69.329093,144,5587.386398
-59.544936,144,5591.364005
-59.03248,144,5595.955222
-109.679846,144,5599.952045
-82.529849,144,5603.16699
-47.556622,144,5606.569391
-86.771799,144,5609.800375
-101.88894,144,5613.67135
-80.746384,144,5617.082079
-72.48685,144,5621.089028
-74.210665,144,5625.34385
-57.478541,144,5628.694757
-49.38368,144,5632.375265
-61.954242,144,5635.678856
-53.936276,144,5639.727351
-66.675776,144,5643.323105
-62.472299,144,5647.531287
-58.753966,144,5651.41571
-80.46523,144,5655.565548
-85.366438,144,5659.950414
-67.764374,144,5664.779865
-55.234254,144,5668.70332
-78.052552,144,5673.508626
-112.185334,144,5676.792728
-84.647221,144,5679.556201
-34.961292,144,5682.334655
-74.186182,144,5685.008312
-129.560676,144,5687.831168
-85.706396,144,5690.660569
-56.217107,144,5693.475661
-79.104356,144,5696.30472
-67.737915,144,5699.040808
-47.32066,144,5702.52787
-92.525879,144,5705.933762
-53.050134,144,5708.775969
-53.553805,144,5711.514992
-60.151813,144,5714.654158
-64.071081,144,5717.481806
-62.919741,144,5720.247787
-53.821477,144,5723.001078
-94.057325,144,5725.763486
-65.457362,144,5728.54585
-66.771738,144,5731.343611
-101.765437,144,5734.257827
-71.515524,144,5736.961689
-53.572499,144,5739.705495
-65.395959,144,5742.503294
-127.439006,144,5745.370456
-65.825509,144,5748.175305
-55.760029,144,5751.030125
-84.951264,144,5754.201598
-50.838559,144,5759.041015
-58.895755,144,5762.989579
-61.982187,144,5766.364391
-56.400625,144,5770.308042
-41.365876,144,5773.850438
-47.59873,144,5776.79354
-54.283346,144,5780.36574
-78.310162,144,5783.772294
-79.374716,144,5789.384268
-66.417467,144,5794.314034
-71.265827,144,5798.744523
-63.838553,144,5804.16498
-108.051334,144,5807.874979
-85.637553,144,5810.971047
-46.049825,144,5816.593425
-65.077704,144,5824.171872
-94.971747,144,5829.188914
-72.644352,144,5833.207451
-68.958591,144,5836.357394
-96.049776,144,5839.404235
-57.607968,144,5842.767192
-46.945629,144,5846.87554
-63.986059,144,5850.814073
-72.058805,144,5855.412281
-44.461153,144,5859.534234
-49.03939,144,5864.905851
-59.698547,144,5869.197797
-83.603587,144,5874.352483
-64.73223,144,5879.873572
-73.972809,144,5885.245768
-59.824801,144,5888.74267
-81.218513,144,5892.211865
-88.673039,144,5896.138634
-77.450259,144,5904.732887
-62.007291,144,5912.298248
-75.81338,144,5918.597676
-88.872828,144,5925.446417
-96.29709,144,5932.104559
-74.807769,144,5944.057959
-98.678427,144,5952.181436
-59.511418,144,5959.18985
-40.310236,144,5965.940969
-69.677723,144,5969.495223
-57.115225,144,5973.535487
-56.764198,144,5976.727218
-59.920541,144,5980.584444
-58.011892,144,5984.008078
-83.545587,144,5990.826312
-70.50659,144,5998.025268
-67.569041,144,6001.631226
-62.31105,144,6004.737051
-65.615211,144,6007.726637
-94.182384,144,6011.092229
-63.720215,144,6014.19032
-65.273433,144,6017.39259
-77.054876,144,6022.037871
-127.937029,144,6025.418089
-74.488693,144,6029.468768
-53.856518,144,6034.079758
-87.338056,144,6037.820654
-66.45819,144,6041.105737
-69.538846,144,6043.985391
-81.254374,144,6047.100454
-48.805963,144,6050.679425
-55.36852,144,6053.867453
-56.48612,144,6057.583978
-40.97092,144,6061.395689
-87.683659,144,6065.563217
-69.512308,144,6069.735634
-63.658087,144,6073.930438
-55.555924,144,6077.695617
-84.163024,144,6081.476027
-97.632003,144,6085.244294
-84.93485,144,6089.000297
-49.536643,144,6092.710608
-52.589163,144,6096.444283
-99.722994,144,6100.224462
-66.530893,144,6104.079394
-56.420144,144,6107.962303
-81.971275,144,6112.352987
-61.792669,144,6116.336809
-44.662842,144,6120.678954
-58.947409,144,6125.250287
-54.075974,144,6130.052365
-45.828082,144,6134.120347
-54.442541,144,6137.286776
-72.29521,144,6140.340136
-76.811502,144,6144.105204
-69.895572,144,6147.498438
-90.224856,144,6150.342652
-59.94535,144,6153.353011
-93.986061,144,6156.218285
-104.874136,144,6159.06788
-91.745588,144,6162.341726
-54.798129,144,6168.355274
-67.000933,144,6171.764487
-89.898734,144,6175.43728
-74.762202,144,6178.269201
-94.380377,144,6181.089767
-80.999439,144,6184.036579
-55.977895,144,6186.912114
-67.53509,144,6190.421589
-76.926733,144,6194.533371
-61.505049,144,6198.487209
-55.456442,144,6201.717692
-70.132163,144,6205.573357
-51.963753,144,6209.368038
-74.734027,144,6212.746882
-46.285162,144,6217.008948
-62.774663,144,6220.805696
-59.906049,144,6224.434459
-77.223682,144,6228.264139
-79.287875,144,6232.080111
-67.910244,144,6236.639323
-51.554839,144,6240.462974
-58.542484,144,6244.840332
-98.037869,144,6248.668826
-63.326534,144,6251.557127
-69.067275,144,6254.572287
-77.833124,144,6259.194039
-60.238127,144,6262.47606
-45.553133,144,6265.653747
-70.927701,144,6269.044703
-49.852546,144,6272.070024
-59.085554,144,6274.825664
-45.424377,144,6277.686671
-46.271103,144,6280.519429
-73.838637,144,6283.459635
-75.99494,144,6286.739149
-57.18254,144,6289.615941
-58.641746,144,6292.418303
-84.930068,144,6295.309573
-94.752458,144,6298.096323
-74.252871,144,6301.062207
-42.494314,144,6303.89281
-96.096154,144,6306.751236
-81.059016,144,6309.580141
-98.076726,144,6312.57291
-60.05903,144,6315.891102
-66.673496,144,6318.706422
-56.530637,144,6321.580958
-55.736555,144,6324.457879
-62.944133,144,6327.308012
-49.909052,144,6330.089459
-64.239281,144,6332.959819
-54.196282,144,6335.7956
-51.575508,144,6338.623795
-74.801111,144,6341.504416
-51.847696,144,6344.556906
-67.688771,144,6348.284173
-54.172381,144,6352.821693
-72.987096,144,6356.912999
-104.462224,144,6360.800944
-71.805552,144,6363.656786
-54.274345,144,6366.667125
-69.629162,144,6369.442963
-102.705505,144,6372.445344
-61.656283,144,6376.171722
-62.900537,144,6378.875141
-82.416379,144,6381.798233
-53.024606,144,6384.752342
-47.165812,144,6387.590595
-70.316617,144,6390.333081
-63.180701,144,6393.166372
-60.217595,144,6395.98795
-51.028416,144,6399.035384
-59.671575,144,6401.869872
-69.34103,144,6404.913044
-60.723351,144,6408.535583
-70.60474,144,6411.655052
-54.012729,144,6414.559031
-71.747979,144,6417.484747
-112.310253,144,6421.414981
-70.817423,144,6425.296678
-36.632873,144,6428.630664
-78.76642,144,6432.409446
-93.079146,144,6436.570527
-81.807834,144,6440.945931
-63.053869,144,6446.010006
-66.261703,144,6450.559629
-55.525591,144,6455.135011
-49.143835,144,6459.714488
-73.099039,144,6463.190472
-57.140262,144,6467.266072
-48.313382,144,6470.805068
-57.352416,144,6474.321901
-54.543161,144,6478.431036
-82.43863,144,6483.152259
-50.618483,144,6486.206862
-67.452336,144,6489.037318
-38.903971,144,6491.903056
-59.433397,144,6494.757447
-101.745341,144,6497.636852
-94.698243,144,6500.685714
-86.269179,144,6503.438576
-62.129737,144,6506.205403
-90.312188,144,6509.898367
-65.839607,144,6512.761481
-61.624276,144,6515.588643
-83.904849,144,6518.904455
-48.674999,144,6523.223256
-40.37274,144,6527.730316
-51.870259,144,6533.174045
-46.687124,144,6536.513361
-57.899169,144,6540.039734
-58.752978,144,6545.74
-56.139602,144,6550.108416
-57.870461,144,6553.051446
-59.878222,144,6555.850141
-61.872767,144,6559.670807
-56.634954,144,6563.572056
-63.117093,144,6567.490367
-91.208114,144,6571.506665
-87.506356,144,6576.352618
-66.04754,144,6579.806009
-64.708908,144,6582.943373
-117.861042,144,6586.162282
-99.766251,144,6589.838871
-73.893084,144,6593.68215
-65.405377,144,6597.472601
-60.03239,144,6602.415801
-48.129967,144,6606.322395
-54.25993,144,6610.183012
-46.755866,144,6614.487423
-53.318125,144,6618.947464
-54.455097,144,6623.033378
-74.815661,144,6626.274217
-57.02763,144,6630.378238
-76.403624,144,6634.539041
-59.985883,144,6637.975891
-55.077394,144,6641.623333
-79.828242,144,6644.586914
-84.593934,144,6648.014535
-65.396096,144,6651.221849
-45.793807,144,6655.057509
-71.708806,144,6667.603144
-96.273093,144,6675.988628
-75.498469,144,6682.157898
-76.137604,144,6687.60322
-82.814762,144,6693.790527
-76.854201,144,6700.278098
-44.088521,144,6707.218817
-62.305773,144,6713.454328
-57.415873,144,6719.313123
-48.906306,144,6726.576341
-61.698045,144,6732.648457
-46.337224,144,6738.884352
-68.593761,144,6745.840903
-53.961391,144,6751.580773
-63.335196,144,6757.701333
-59.126213,144,6763.752857
-68.475151,144,6770.089154
-98.535948,144,6777.082505
-68.949432,144,6783.123814
-48.933279,144,6789.349123
-55.37339,144,6795.798027
-122.715504,144,6801.942342
-79.049906,144,6808.467893
-66.70288,144,6813.608044
-84.127859,144,6818.346476
-65.670111,144,6821.568216
-58.576013,144,6825.98766
-67.928188,144,6831.746178
-59.834199,144,6838.537175
-54.440637,144,6845.177393
-50.429762,144,6851.994173
-54.166694,144,6857.919105
-57.603531,144,6862.611003
-82.547966,144,6868.163273
-60.867794,144,6873.863008
-63.442322,144,6879.861009
-75.027861,144,6885.715415
-70.404535,144,6891.440186
-64.432585,144,6897.308002
-48.788546,144,6903.099469
-83.604922,144,6909.727849
-113.036059,144,6915.0745
-81.872282,144,6921.441013
-46.695715,144,6925.513401
-74.220871,144,6929.463408
-56.283613,144,6933.752406
-34.877408,144,6938.247426
-75.637174,144,6946.104119
-58.637872,144,6953.254536
-56.775467,144,6960.411942
-55.093416,144,6967.422566
-48.842733,144,6975.065512
-76.989999,144,6978.683825
-73.435301,144,6981.97853
-76.876716,144,6986.626335
-42.142869,144,6989.920397
-73.430708,144,6994.252991
-79.621414,144,6997.207982
-68.404482,144,7000.373437
-50.914199,144,7004.514029
-64.795576,144,7010.065855
-129.102316,144,7014.631494
-77.863427,144,7019.519681
-71.378905,144,7022.981574
-74.540563,144,7026.388146
-39.706901,144,7030.492314
-51.075186,144,7034.348197
-64.79081,144,7038.925518
-73.729906,144,7042.284581
-66.471172,144,7045.417894
-61.110905,144,7049.614925
-53.364485,144,7053.554472
-65.507626,144,7057.060078
-61.596803,144,7060.894786
-71.581789,144,7064.017403
-54.846564,144,7067.161665
-81.98853,144,7070.200659
-88.139945,144,7074.421185
-78.756836,144,7077.465414
-48.127449,144,7080.919871
-109.807181,144,7083.908759
-105.674851,144,7087.331438
-84.814971,144,7091.195905
-71.167693,144,7094.386669
-81.066048,144,7097.764663
-56.338872,144,7100.876941
-47.067346,144,7104.168298
-68.29411,144,7107.248009
-48.244435,144,7111.71842
-38.567484,144,7114.90985
-51.433599,144,7118.528006
-59.176144,144,7121.642044
-83.170968,144,7125.560107
-63.324574,144,7129.297539
-77.303597,144,7133.765231
-48.74201,144,7137.901474
-59.57677,144,7141.329478
-95.265433,144,7144.434762
-79.047006,144,7147.430114
-41.470141,144,7150.28894
-69.615677,144,7154.207191
-92.34554,144,7158.008564
-88.039886,144,7162.066615
-79.424368,144,7167.558294
-100.411647,144,7171.839129
-57.278456,144,7176.786186
-45.594352,144,7180.141627
-55.233976,144,7184.332671
-59.835851,144,7188.903705
-49.982591,144,7192.596762
-71.053708,144,7195.463971
-60.688961,144,7199.40674
-78.78264,144,7202.24945
-63.284254,144,7205.872651
-70.394148,144,7209.807943
-59.082644,144,7213.161163
-56.355995,144,7216.923925
-128.013336,144,7221.403521
-76.043295,144,7224.830599
-43.776745,144,7228.174252
-73.625684,144,7232.746511
-78.566564,144,7236.066662
-78.05502,144,7238.79806
-50.321049,144,7241.596553
-74.389674,144,7244.507151
-54.277152,144,7247.326646
-60.293528,144,7250.11143
-52.587426,144,7252.907656
-60.760676,144,7255.752909
-55.386055,144,7258.551158
-53.905329,144,7261.342083
-43.995539,144,7264.156942
-67.640078,144,7266.869611
-55.648072,144,7269.550703
-61.566072,144,7272.317894
-45.684571,144,7274.97278
-88.776567,144,7277.932351
-131.823348,144,7280.827088
-72.027182,144,7283.640785
-47.472325,144,7286.493844
-95.85179,144,7289.326462
-109.223995,144,7292.249484
-93.45412,144,7295.162355
-55.425882,144,7298.061171
-64.500493,144,7300.884276
-64.459655,144,7304.266704
-46.848113,144,7307.054869
-62.673439,144,7309.818788
-49.846586,144,7312.662638
-51.523054,144,7315.391623
-64.315961,144,7318.212405
-53.212048,144,7321.011124
-70.003494,144,7323.923487
-53.651174,144,7326.761236
-80.636764,144,7329.669955
-60.596623,144,7332.47813
-71.785867,144,7335.318356
-80.532708,144,7338.152782
-89.199949,144,7340.980512
-50.803391,144,7343.845157
-60.892804,144,7346.641449
-126.283051,144,7349.604877
-69.690485,144,7352.445299
-71.305747,144,7355.433326
-74.878361,144,7358.316186
-56.321315,144,7361.220428
-48.612612,144,7364.013094
-64.412873,144,7366.796019
-47.460594,144,7369.669892
-49.857962,144,7372.507637
-57.300909,144,7375.352063
-46.826484,144,7378.135576
-86.105661,144,7380.972774
-73.449924,144,7383.853856
-66.680388,144,7386.683893
-54.139619,144,7389.91819
-63.114315,144,7392.721601
-84.402858,144,7395.538969
-74.72157,144,7399.5632
-56.441554,144,7404.328332
-88.011869,144,7408.562692
-101.444127,144,7412.997334
-55.938478,144,7416.169599
-59.216,144,7419.668349
-80.019624,144,7422.733933
-53.695771,144,7429.12431
-47.766875,144,7439.783039
-56.683465,144,7448.065567
-45.056291,144,7457.685343
-42.022131,144,7464.360527
-56.512236,144,7468.840957
-58.84675,144,7472.073892
-68.323521,144,7475.318823
-44.399633,144,7478.332795
-78.505875,144,7481.517426
-45.011464,144,7485.658695
-70.974388,144,7488.904984
-77.205519,144,7491.915643
-88.903938,144,7494.896649
-61.381071,144,7498.225612
-54.147109,144,7501.69611
-107.194042,144,7504.742754
-63.131851,144,7507.687367
-62.959917,144,7510.994064
-79.662812,144,7513.889737
-52.271943,144,7516.726183
-41.053611,144,7519.419014
-80.81865,144,7522.277399
-65.157521,144,7525.105881
-56.785127,144,7528.006697
-58.622024,144,7530.885765
-64.764361,144,7534.190929
-71.470661,144,7537.001609
-62.107245,144,7539.7007
-67.162429,144,7542.491009
-58.210734,144,7545.472284
-59.472879,144,7550.733312
-104.419348,144,7556.106944
-75.847015,144,7560.317118
-54.684925,144,7563.167737
-85.044539,144,7566.077263
-108.554131,144,7569.026
-76.827454,144,7572.18071
-62.178168,144,7574.955955
-80.569924,144,7578.093129
-52.692494,144,7582.026843
-47.025534,144,7585.589433
-70.198214,144,7593.445131
-43.521548,144,7601.269305
-56.647601,144,7607.107821
-53.463948,144,7610.259457
-50.601684,144,7613.124409
-70.726614,144,7615.924576
-57.075981,144,7618.75552
-67.878014,144,7621.577598
-50.690043,144,7624.387755
-84.926133,144,7627.407988
-76.685348,144,7630.139981
-99.124631,144,7632.848258
-47.428622,144,7635.634663
-60.786551,144,7638.39037
-107.282022,144,7641.283594
-65.685227,144,7643.99747
-54.963556,144,7646.662889
-66.19347,144,7649.491119
-58.176462,144,7652.049717
-49.894757,144,7654.67064
-68.259927,144,7657.569689
-61.038648,144,7660.343019
-51.139198,144,7663.632501
-62.286778,144,7666.376105
-50.816944,144,7669.366937
-79.681015,144,7672.332762
-53.871451,144,7675.021601
-77.813228,144,7677.77291
-56.864379,144,7681.842763
-70.83377,144,7687.837653
-110.114118,144,7693.151666
-86.088583,144,7699.332297
-47.399136,144,7703.563124
-82.613097,144,7707.592245
-84.101785,144,7712.571151
-73.002606,144,7716.225053
-55.683654,144,7719.031224
-77.817243,144,7723.209863
-56.129616,144,7726.595225
-43.860468,144,7730.768613
-74.861323,144,7734.613986
-60.059478,144,7738.484617
-49.991979,144,7742.3422
-62.687616,144,7745.305048
-51.352937,144,7748.03097
-80.417507,144,7750.888353
-68.50153,144,7754.900921
-73.808592,144,7759.003477
-58.769937,144,7763.382445
-71.134498,144,7767.645916
-109.56669,144,7770.457042
-84.282849,144,7773.170091
-46.311198,144,7775.901245
-73.32448,144,7778.601818
-102.108087,144,7781.388129
-71.624393,144,7784.11466
-55.07489,144,7786.909673
-90.811817,144,7789.649392
-46.870944,144,7792.428602
-50.641289,144,7795.152568
-69.945089,144,7799.315165
-41.562833,144,7803.107465
-56.049576,144,7805.704451
-50.209865,144,7809.010804
-47.144077,144,7812.005614
-70.732415,144,7814.849019
-74.493196,144,7817.571414
-81.160388,144,7821.289228
-66.543885,144,7824.687805
-62.942424,144,7828.562194
-80.485139,144,7832.508003
-69.906478,144,7835.264734
-47.927999,144,7838.686052
-63.656115,144,7841.737432
-127.57247,144,7844.948204
-82.252443,144,7848.076678
-59.632166,144,7851.106088
-77.357782,144,7853.973862
-47.734637,144,7856.814404
-59.845405,144,7860.157344
-75.85705,144,7863.239493
-50.055384,144,7867.163708
-58.644979,144,7869.807416
-59.415847,144,7872.586281
-43.949331,144,7875.305357
-69.398676,144,7878.046955
-94.528306,144,7881.188347
-73.75676,144,7884.301238
-55.298357,144,7888.983974
-83.002378,144,7892.505579
-80.246206,144,7896.721577
-68.158606,144,7901.338316
-50.6321,144,7904.935509
-52.060005,144,7907.806745
-104.124227,144,7910.684388
-73.737853,144,7913.482011
-52.343325,144,7916.378195
-91.887373,144,7919.656505
-56.735314,144,7922.835768
-58.726175,144,7926.485594
-62.2053,144,7929.648718
-47.836333,144,7932.700416
-49.579906,144,7936.001906
-54.028067,144,7938.74676
-43.723095,144,7941.495301
-60.405447,144,7944.254493
-83.555867,144,7947.011192
-58.393887,144,7949.788095
-67.054428,144,7952.566734
-61.8322,144,7955.822567
-96.142025,144,7958.649952
-65.901932,144,7961.424922
-51.173479,144,7964.206626
-73.950496,144,7967.167089
-89.043822,144,7969.983191
-75.981515,144,7972.781991
-55.935175,144,7975.737972
-72.17317,144,7978.531374
-64.637354,144,7981.316269
-38.968614,144,7984.16232
-69.886002,144,7987.056663
-48.242985,144,7989.880109
-43.757993,144,7992.784268
-59.330228,144,7995.689626
-45.221549,144,7998.46468
-66.071433,144,8001.323227
-50.117982,144,8004.116972
-61.511478,144,8006.950936
-65.560712,144,8009.789574
-86.390057,144,8012.575226
-91.56355,144,8015.450823
-98.761378,144,8018.345957
-52.376029,144,8021.155743
-65.62734,144,8024.68941
-90.654992,144,8027.688442
-75.756887,144,8030.61247
-62.544674,144,8033.466076
-76.871257,144,8036.370934
-59.317453,144,8039.205145
-47.970545,144,8042.032315
-60.320675,144,8044.871111
-51.027987,144,8047.712548
-48.319165,144,8050.526788
-81.102386,144,8053.472453
-46.186944,144,8056.196466
-64.721854,144,8059.065757
-77.263631,144,8061.994282
-70.736004,144,8064.925238
-57.329879,144,8067.803298
-58.060493,144,8070.689399
-90.820192,144,8073.584229
-81.262549,144,8076.437456
-56.864584,144,8079.352519
-64.265116,144,8082.250021
-106.058979,144,8085.210542
-73.054161,144,8088.173825
-56.764337,144,8091.190821
-69.465147,144,8093.989791
-48.307162,144,8097.44856
-59.756117,144,8100.345291
-69.141985,144,8103.292696
-58.520441,144,8106.255815
-49.593169,144,8109.150622
-60.321375,144,8112.098387
-41.053173,144,8114.960015
-78.84523,144,8117.805222
-60.516236,144,8120.592245
-55.031905,144,8123.447992
-57.276784,144,8126.325962
-58.463459,144,8129.174447
-101.316331,144,8132.009845
-72.725503,144,8134.811661
-51.994588,144,8137.583397
-63.493065,144,8140.458686
-94.377339,144,8143.854316
-78.085142,144,8146.780119
-60.875536,144,8149.564415
-80.843813,144,8152.532293
-50.9293,144,8155.354908
-54.750989,144,8158.821752
-65.122565,144,8161.532788
-54.91409,144,8164.446368
-45.492417,144,8167.244831
-57.874981,144,8170.157351
-59.447411,144,8173.127694
-69.665249,144,8175.93534
-84.382421,144,8178.677015
-67.095606,144,8181.537549
-59.464258,144,8184.411753
-60.148584,144,8187.171452
-88.46291,144,8190.139359
-63.317233,144,8193.088433
-45.243814,144,8195.894332
-60.977637,144,8198.755458
-92.031801,144,8201.726379
-74.719976,144,8204.867537
-58.054436,144,8207.695409
-89.255673,144,8210.551687
-60.544215,144,8213.496928
-43.827795,144,8216.377341
-83.930726,144,8219.303658
-52.587894,144,8222.229496
-61.166461,144,8225.146242
-52.083902,144,8228.434132
-51.556999,144,8231.253103
-71.044518,144,8234.208816
-59.782481,144,8237.020623
-70.206444,144,8239.946117
-95.573645,144,8242.839973
-87.599709,144,8245.745473
-101.341432,144,8248.686726
-88.841922,144,8251.561432
-38.090456,144,8254.356952
-58.004262,144,8257.133572
-87.510096,144,8259.984365
-71.98147,144,8262.881442
-56.536685,144,8265.816268
-74.918339,144,8268.695639
-50.323354,144,8271.743829
-61.360347,144,8274.759775
-65.387017,144,8277.556014
-58.18615,144,8280.473993
-43.622297,144,8283.222477
-54.209295,144,8286.074402
-60.198042,144,8288.901553
-68.722661,144,8292.263668
-48.108343,144,8295.126749
-72.22351,144,8297.985059
-65.798581,144,8300.862355
-62.674255,144,8303.712125
-99.516673,144,8306.613189
-73.050402,144,8309.592434
-64.644172,144,8312.433412
-105.298504,144,8315.321028
-92.189971,144,8318.240396
-76.95836,144,8321.151647
-60.851774,144,8323.985184
-80.895771,144,8326.845617
-45.569639,144,8329.809369
-45.562554,144,8332.621522
-63.261751,144,8335.457664
-54.999553,144,8338.275766
-60.349797,144,8341.060499
-53.825308,144,8343.792577
-46.725963,144,8346.606603
-65.773314,144,8349.434611
-75.122205,144,8352.216722
-63.489391,144,8355.049039
-48.312803,144,8357.980264
-81.540182,144,8360.998833
-98.073792,144,8363.851879
-69.819344,144,8366.664911
-46.432397,144,8369.485937
-67.585848,144,8372.391474
-98.721119,144,8375.248676
-85.430181,144,8378.154364
-56.31188,144,8380.912946
-84.171783,144,8383.766528
-50.519741,144,8386.662741
-43.045663,144,8389.562419
-65.515957,144,8392.50093
-60.548119,144,8395.386423
-47.927738,144,8398.205789
-59.41016,144,8401.106844
-56.855795,144,8403.879583
-69.254446,144,8406.792703
-67.152134,144,8409.574769
-73.139897,144,8412.851323
-67.363932,144,8415.756289
-74.55309,144,8418.535521
-107.765591,144,8421.37936
-61.804545,144,8424.252175
-57.476447,144,8427.162751
-63.205506,144,8429.97283
-88.263712,144,8432.855035
-69.477305,144,8435.660195
-59.914093,144,8438.484376
-71.575353,144,8441.503047
-62.145519,144,8444.316792
-40.787563,144,8447.198473
-75.200975,144,8449.96747
-52.258926,144,8452.832999
-48.042636,144,8455.741324
-52.634101,144,8458.625708
-44.684394,144,8461.546489
-67.543027,144,8464.474862
-59.921768,144,8467.270362
-70.340169,144,8470.231845
-52.072648,144,8473.074671
-71.585957,144,8475.870015
-87.663295,144,8478.890208
-66.134655,144,8481.724095
-47.13736,144,8484.572191
-69.051343,144,8487.426954
-114.732246,144,8490.31061
-62.218712,144,8493.834754
-55.414781,144,8496.690586
-76.488864,144,8499.539633
-53.154454,144,8502.686924
-43.022522,144,8506.056756
-59.12334,144,8509.607195
-52.729103,144,8513.114601
-48.57736,144,8516.221626
-57.618029,144,8519.408057
-60.494484,144,8522.685554
-76.27379,144,8525.579278
-35.222797,144,8528.392516
-65.238115,144,8531.309953
-57.338853,144,8534.147226
-53.098236,144,8536.940339
-128.047661,144,8539.896403
-87.844455,144,8542.601246
-42.634207,144,8545.35902
-77.208649,144,8548.284403
-91.965772,144,8551.137704
-111.513345,144,8553.945797
-59.248256,144,8557.176832
-76.72924,144,8559.975909
-51.340682,144,8562.757788
-49.325988,144,8565.580084
-55.170224,144,8568.465103
-55.898475,144,8571.341232
-55.299849,144,8574.313071
-48.163545,144,8577.188
-54.340531,144,8579.962246
-70.392567,144,8582.779644
-55.8053,144,8585.603081
-62.128857,144,8588.36791
-54.648424,144,8591.185244
-64.299451,144,8594.107498
-71.816521,144,8597.010663
-64.804731,144,8599.97732
-50.034509,144,8602.762969
-75.398202,144,8605.543237
-111.232239,144,8608.461471
-85.696393,144,8611.369969
-45.00245,144,8614.254565
-86.350704,144,8617.057796
-53.794199,144,8619.879395
-49.939728,144,8622.716905
-65.163865,144,8625.58235
-58.273445,144,8628.453655
-53.146252,144,8631.295228
-61.377682,144,8634.242753
-59.148855,144,8637.143291
-83.023379,144,8640.018888
-43.820927,144,8642.836319
-64.917776,144,8645.699643
-46.550076,144,8648.534957
-79.876905,144,8651.512746
-70.660445,144,8654.354105
-83.428625,144,8657.20424
-49.054946,144,8660.114805
-63.451315,144,8663.100674
-102.247858,144,8665.998241
-80.139132,144,8669.28668
-52.968052,144,8672.108991
-70.210862,144,8674.96035
-58.571805,144,8677.737988
-36.094836,144,8680.57195
-64.905129,144,8683.332097
-70.107007,144,8686.317388
-54.602574,144,8689.171742
-54.218893,144,8692.156679
-55.893474,144,8694.975957
-75.431888,144,8697.922818
-59.486577,144,8700.835941
-66.547947,144,8703.702717
-56.093253,144,8706.508679
-67.475441,144,8709.364834
-91.074157,144,8712.363557
-82.940088,144,8715.175892
-50.39095,144,8717.905867
-78.111065,144,8720.722644
-95.137218,144,8723.655011
-66.553135,144,8726.583382
-53.890536,144,8729.385525
-78.053689,144,8732.213305
-61.311544,144,8735.099802
-39.339763,144,8738.249732
-69.330004,144,8741.850259
-58.890304,144,8744.935475
-72.26174,144,8748.126686
-63.011938,144,8751.810714
-49.644202,144,8754.998734
-99.502744,144,8757.826749
-67.211777,144,8760.681425
-65.689828,144,8763.604468
-53.488434,144,8766.413703
-68.900976,144,8769.145844
-90.469884,144,8772.046484
-75.690882,144,8774.91564
-42.090615,144,8777.832937
-67.576295,144,8780.644643
-116.131822,144,8783.625722
-61.059864,144,8786.477465
-64.692229,144,8789.317478
-67.033295,144,8792.025569
-51.594448,144,8794.858711
-53.15527,144,8797.67361
-58.594756,144,8800.644096
-57.465695,144,8803.466385
-52.53473,144,8806.389827
-54.025245,144,8809.698249
-49.474476,144,8812.473429
-65.584482,144,8815.362354
-87.218827,144,8818.331752
-69.897865,144,8821.285524
-51.6203,144,8824.213531
-73.270018,144,8827.073973
-92.982009,144,8829.903495
-110.66737,144,8833.167224
-62.550721,144,8835.9583
-84.722686,144,8838.876835
-113.690483,144,8841.759525
-76.584938,144,8844.671451
-59.886648,144,8847.461287
-81.273855,144,8850.360678
-56.514935,144,8853.215055
-48.674585,144,8856.485383
-76.469459,144,8859.294874
-51.020163,144,8862.153893
-52.690042,144,8865.015991
-74.842679,144,8867.925166
-53.251134,144,8870.782863
-81.096592,144,8873.615203
-61.273489,144,8876.500824
-73.783753,144,8879.386649
-56.457876,144,8882.245037
-67.914245,144,8885.088009
-79.165554,144,8887.865507
-91.093576,144,8890.652186
-66.801492,144,8893.51924
-76.513371,144,8896.320117
-79.407083,144,8899.228133
-83.02201,144,8901.978112
-53.26609,144,8904.773224
-75.328058,144,8907.659078
-59.788833,144,8910.557116
-44.690327,144,8913.399152
-73.062292,144,8916.358661
-44.396753,144,8919.142054
-56.615526,144,8921.92293
-55.469179,144,8924.705284
-44.937279,144,8927.561091
-72.349514,144,8930.378262
-60.577981,144,8933.346135
-78.144436,144,8936.24554
-48.850156,144,8939.050442
-86.815258,144,8941.931509
-87.419683,144,8944.716815
-90.214372,144,8947.722362
-42.723467,144,8950.482987
-57.284887,144,8953.214523
-87.861777,144,8956.145858
-60.863825,144,8959.093859
-56.519488,144,8961.960838
-79.767196,144,8964.756681
-49.486213,144,8967.591408
-42.765036,144,8970.612456
-64.111811,144,8973.518048
-46.699739,144,8976.387661
-52.112899,144,8979.254852
-60.497189,144,8982.120832
-52.601292,144,8984.958801
-87.529524,144,8987.969319
-55.679704,144,8990.923784
-53.874845,144,8993.907293
-64.758486,144,8996.811399
-78.10811,144,8999.698
-73.3046,144,9002.551098
-69.045682,144,9005.359114
-65.334861,144,9008.205972
-70.508829,144,9011.188149
-118.504428,144,9014.134053
-69.043874,144,9017.069005
-72.374599,144,9019.835342
-77.540499,144,9022.626012
-51.435713,144,9025.50733
-65.517471,144,9028.340293
-65.690156,144,9031.230836
-50.508822,144,9034.076068
-54.08066,144,9036.937373
-62.942063,144,9039.790529
-56.417942,144,9042.52674
-62.49393,144,9045.301675
-81.924961,144,9048.137484
-75.997027,144,9050.970415
-41.214005,144,9053.660748
-83.195643,144,9056.488635
-86.941042,144,9059.324126
-90.195214,144,9062.23515
-51.45602,144,9065.130094
-66.965182,144,9067.920091
-80.601937,144,9070.881753
-73.35299,144,9073.725565
-48.716513,144,9076.629789
-67.563043,144,9079.476558
-51.354566,144,9082.34191
-56.000854,144,9085.213958
-54.939377,144,9088.02646
-52.056569,144,9090.807396
-44.997362,144,9093.630548
-50.605165,144,9096.509758
-49.405491,144,9099.374833
-74.688236,144,9102.263205
-55.404914,144,9105.235638
-68.674858,144,9108.148387
-62.038501,144,9110.971115
-59.472925,144,9113.880976
-108.293119,144,9116.844302
-67.548779,144,9119.743842
-61.923279,144,9122.431614
-64.534131,144,9125.391195
-89.88625,144,9128.331442
-72.584988,144,9132.357766
-62.938431,144,9137.245733
-63.279054,144,9142.122629
-50.168801,144,9146.116854
-47.651939,144,9150.040492
-75.131293,144,9153.227723
-57.540844,144,9156.06723
-53.260566,144,9158.816609
-64.436624,144,9161.553788
-66.355252,144,9164.389298
-60.709152,144,9167.242033
-59.390409,144,9170.122981
-68.925881,144,9172.928066
-57.842823,144,9175.817971
-66.10388,144,9178.754719
-75.612573,144,9181.720308
-77.302034,144,9184.595628
-43.450384,144,9187.393644
-65.481802,144,9190.282764
-100.670995,144,9193.220122
-75.082233,144,9196.153926
-62.360167,144,9198.955501
-83.693829,144,9201.880739
-49.004841,144,9204.784445
-44.588339,144,9207.621236
-56.130013,144,9210.471618
-48.443662,144,9213.304137
-52.742408,144,9216.147517
-55.181722,144,9218.968901
-63.917068,144,9221.91238
-71.554325,144,9224.830714
-50.256263,144,9227.577169
-58.994974,144,9230.564602
-44.606309,144,9233.477244
-71.189123,144,9236.273734
-94.472841,144,9239.222973
-81.092137,144,9242.020774
-37.175203,144,9244.880205
-62.874107,144,9247.730608
-90.478979,144,9250.497724
-69.307305,144,9253.265182
-65.125172,144,9256.070931
-81.988594,144,9258.903298
-55.282378,144,9261.682122
-40.524776,144,9264.617609
-55.506308,144,9267.47105
-55.599396,144,9270.248903
-51.657002,144,9273.156614
-52.304432,144,9276.155652
-51.500603,144,9279.057275
-73.512461,144,9281.839003
-49.182569,144,9284.568815
-61.756957,144,9287.545436
-47.137463,144,9290.397972
-95.718433,144,9293.368346
-85.090557,144,9296.191241
-65.902903,144,9299.051835
-43.291961,144,9301.878911
-74.741369,144,9304.654825
-87.277914,144,9307.5539
-83.336902,144,9310.401861
-51.885384,144,9313.305839
-73.310047,144,9316.168976
-50.634672,144,9319.108433
-46.088865,144,9322.004311
-52.388286,144,9324.90968
-57.423566,144,9327.664158
-52.390949,144,9330.430413
-54.048852,144,9333.243623
-53.174788,144,9336.106857
-59.647946,144,9339.048894
-59.423377,144,9341.931426
-64.224157,144,9344.797622
-52.373673,144,9347.668303
-56.163787,144,9350.632836
-105.870274,144,9353.543288
-100.185543,144,9357.852553
-54.197266,144,9362.416489
-69.211802,144,9368.06979
-96.567848,144,9372.317034
-71.692094,144,9375.589753
-62.373505,144,9379.449978
-75.640001,144,9382.658252
-56.299153,144,9386.60436
-48.750057,144,9390.493926
-63.561679,144,9393.91518
-60.535366,144,9397.317326
-64.315728,144,9401.331324
-47.100191,144,9405.313779
-46.357443,144,9408.63674
-69.146322,144,9412.608498
-61.842295,144,9415.868479
-82.862414,144,9419.100669
-51.671708,144,9423.044802
-79.853898,144,9426.521712
-93.888053,144,9430.162248
-63.680391,144,9433.965772
-61.813887,144,9438.87291
-57.871458,144,9444.234418
-100.238601,144,9448.175147
-71.067636,144,9452.234782
-64.12155,144,9456.155664
-69.554619,144,9459.785613
-52.177383,144,9463.53523
-50.327916,144,9466.484965
-57.626738,144,9469.382451
-56.873221,144,9472.581709
-48.312767,144,9477.163954
-46.267381,144,9481.011952
-49.779565,144,9486.487691
-59.211738,144,9490.477838
-78.314907,144,9493.865245
-67.938699,144,9497.822841
-47.009361,144,9500.819126
-87.830254,144,9504.230021
-86.625184,144,9507.251658
-65.942246,144,9511.636366
-42.626539,144,9514.957089
-54.411654,144,9517.826546
-120.117396,144,9521.165053
-82.534281,144,9525.587271
-61.222699,144,9529.62025
-79.675234,144,9532.995875
-51.492339,144,9536.273319
-47.982324,144,9539.811033
-51.985334,144,9542.940229
-57.088044,144,9546.332383
-48.762794,144,9549.754444
-57.729377,144,9553.186506
-59.004704,144,9557.604131
-70.565137,144,9560.661009
-51.022297,144,9563.957899
-61.657589,144,9567.059953
-59.699772,144,9569.840094
-72.621729,144,9572.856206
-82.262148,144,9575.819099
-86.573321,144,9579.333561
-62.080192,144,9582.20553
-69.332809,144,9586.402002
-105.696316,144,9589.631373
-70.389384,144,9592.809606
-55.477051,144,9595.911294
-75.243043,144,9598.952263
-64.66964,144,9601.759657
-43.066652,144,9604.577
-75.160628,144,9607.577477
-46.441828,144,9610.567262
-64.062246,144,9613.905392
-53.637182,144,9617.290675
-41.838939,144,9620.063974
-64.939719,144,9622.967128
-78.390171,144,9625.673163
-86.464824,144,9628.643006
-54.617438,144,9631.520972
-84.59632,144,9634.792287
-78.565095,144,9638.743271
-74.049801,144,9642.563101
-41.873309,144,9646.093827
-97.254946,144,9649.868713
-87.483639,144,9653.909833
-68.908794,144,9657.344465
-49.52965,144,9660.927761
-74.210698,144,9665.470316
-58.210032,144,9669.622746
-45.89076,144,9673.348921
-59.138663,144,9676.914093
-51.995592,144,9681.464194
-51.323729,144,9686.336908
-54.404524,144,9692.192507
-42.131181,144,9696.81986
-59.787552,144,9701.386602
-61.175696,144,9706.563955
-64.128511,144,9711.029176
-58.42861,144,9715.40569
-75.674188,144,9719.525511
-90.450029,144,9723.885676
-79.262792,144,9728.488844
-46.792897,144,9732.942032
-67.203462,144,9736.237553
-102.505348,144,9739.919647
-67.585083,144,9742.879992
-59.155075,144,9745.886265
-71.459053,144,9749.066233
-48.954386,144,9752.574334
-42.124381,144,9755.543557
-80.608249,144,9759.463024
-62.055906,144,9762.522101
-59.739035,144,9765.630284
-65.591853,144,9768.78282
-65.073488,144,9771.687602
-68.883195,144,9774.706374
-57.449555,144,9777.699709
-76.452307,144,9780.841738
-56.177382,144,9783.894521
-66.041014,144,9786.99243
-89.685344,144,9790.082838
-86.365304,144,9793.123934
-48.517746,144,9796.165625
-62.953165,144,9799.302807
-93.489292,144,9802.74762
-73.473111,144,9805.704669
-60.953515,144,9808.674143
-81.370083,144,9812.380116
-54.200119,144,9815.358656
-43.201798,144,9818.500129
-64.074123,144,9822.080917
-58.371624,144,9825.064437
-51.609621,144,9828.193485
-52.068291,144,9831.25366
-46.807142,144,9834.199564
-67.631845,144,9837.148818
-58.681291,144,9840.278318
-68.71759,144,9843.489252
-49.767696,144,9846.556894
-86.475122,144,9849.629704
-77.182998,144,9852.688606
-83.977465,144,9855.854434
-54.528953,144,9858.84614
-68.593394,144,9861.868261
-103.176366,144,9865.658707
-65.369935,144,9868.830801
-62.331914,144,9871.974003
-89.1887,144,9875.028026
-56.00869,144,9878.136951
-41.121638,144,9881.134806
-59.15808,144,9884.28785
-59.429765,144,9887.429277
-55.009463,144,9890.536116
-64.851306,144,9893.648738
-52.403096,144,9896.741607
-73.342179,144,9899.902774
-68.509909,144,9903.050102
-75.591581,144,9906.113801
-54.424623,144,9909.2716
-67.603105,144,9912.525634
-97.226153,144,9915.638745
-70.974833,144,9918.789023
-53.538105,144,9921.865906
-68.80015,144,9924.971714
-90.347711,144,9928.183952
-87.110614,144,9931.182155
-56.943644,144,9934.286192
-85.812402,144,9937.448279
-50.541097,144,9940.570881
-45.368403,144,9943.626816
-68.351781,144,9946.711583
-60.919098,144,9949.80205
-53.239985,144,9952.792201
-69.760799,144,9955.833091
-53.766251,144,9959.494551
-77.899939,144,9962.613381
-70.600807,144,9965.526855
-65.970765,144,9968.633145
-47.387709,144,9971.738544
-63.561869,144,9974.881701
-103.65584,144,9977.887263
-65.895876,144,9981.420705
-49.216371,144,9984.433449
-71.909651,144,9987.530983
-104.415296,144,9990.666262
-77.533071,144,9993.781176
-62.017345,144,9997.260787
-66.923898,144,10000.353101
-48.524507,144,10003.422188
-50.758624,144,10006.47825
-61.328346,144,10009.643388
-52.394632,144,10012.648539
-47.660746,144,10015.871378
-60.49636,144,10019.083902
-47.204684,144,10022.146609
-67.229888,144,10025.288591
-62.859179,144,10028.315188
-65.155516,144,10031.458317
-53.346495,144,10034.43481
-68.621103,144,10037.447753
-97.343925,144,10040.505172
-69.493157,144,10044.419226
-35.571116,144,10048.71062
-79.47316,144,10053.164036
-95.223207,144,10058.337781
-74.268785,144,10061.810221
-66.248603,144,10064.898427
-74.578567,144,10068.056017
-51.941439,144,10072.052421
-52.647275,144,10076.437048
-55.028379,144,10080.035935
-44.235268,144,10084.852597
-53.221312,144,10089.320791
-52.902586,144,10093.495301
-51.445922,144,10097.476127
-61.977359,144,10101.65443
-57.962448,144,10106.479789
-76.137836,144,10111.533116
-47.048435,144,10115.707675
-89.79951,144,10120.789003
-112.799629,144,10125.10839
-74.066735,144,10129.265406
-43.404709,144,10133.441305
-70.508338,144,10137.636023
-105.999698,144,10142.362398
-56.242331,144,10146.15762
-48.735591,144,10150.906299
-77.805033,144,10154.344561
-53.150495,144,10157.402611
-38.433043,144,10160.420624
-61.627111,144,10163.325342
-50.379119,144,10166.243241
-49.714675,144,10169.183525
-49.597986,144,10172.07833
-56.620648,144,10174.973896
-63.241155,144,10177.915549
-70.366802,144,10180.915483
-58.321893,144,10183.944887
-51.545577,144,10187.033809
-81.813042,144,10190.063182
-98.676951,144,10193.069954
-75.71578,144,10196.204116
-43.143797,144,10199.244195
-63.172605,144,10202.431784
-99.167243,144,10205.496993
-70.300411,144,10208.559341
-59.614787,144,10211.720407
-72.461707,144,10214.779083
-53.811999,144,10217.714333
-56.266276,144,10220.825286
-59.478155,144,10223.90989
-54.144425,144,10227.011439
-44.181971,144,10230.060583
-49.742975,144,10233.049714
-43.841696,144,10236.15138
-81.717798,144,10239.181475
-67.813963,144,10242.202866
-74.345416,144,10245.309067
-48.806934,144,10248.475918
-58.810677,144,10251.612355
-91.090488,144,10254.732968
-75.344828,144,10258.399832
-48.268451,144,10261.442772
-82.540392,144,10264.623991
-101.626062,144,10268.357687
-74.012078,144,10273.470385
-56.640263,144,10278.080415
-89.502797,144,10283.735783
-53.602706,144,10288.660844
-34.908368,144,10292.718637
-56.739013,144,10297.096104
-41.482122,144,10301.40412
-63.23953,144,10305.66745
-50.956578,144,10309.504928
-52.10577,144,10312.324039
-71.080508,144,10315.678495
-64.952316,144,10319.788673
-70.933375,144,10323.56702
-57.788674,144,10327.362679
-50.514033,144,10331.062609
-87.325711,144,10335.174102
-70.544445,144,10339.713559
-74.974853,144,10342.858929
-72.960934,144,10346.879625
-68.815909,144,10350.178983
-79.641013,144,10353.330988
-64.986716,144,10356.422865
-86.001812,144,10359.520939
-50.009335,144,10362.662735
-48.818783,144,10366.419175
-59.291952,144,10371.54973
-43.214647,144,10375.857203
-49.940795,144,10379.394032
-69.400098,144,10383.941299
-67.384348,144,10387.066315
-57.691697,144,10391.20971
-56.261441,144,10395.314643
-71.797905,144,10399.573027
-60.310188,144,10402.621381
-82.811289,144,10405.447291
-88.23391,144,10409.179105
-90.80549,144,10412.647564
-50.267419,144,10415.553249
-79.709072,144,10418.556418
-87.636181,144,10421.580634
-72.25733,144,10424.722577
-60.920229,144,10427.78888
-74.552855,144,10430.840461
-58.090536,144,10433.932901
-45.046864,144,10437.004703
-70.712926,144,10440.146803
-42.635818,144,10443.403647
-50.8719,144,10447.595034
-52.383062,144,10452.477053
-53.693006,144,10455.946033
-71.255475,144,10461.167365
-46.538809,144,10464.334399
-68.656001,144,10467.39732
-37.239454,144,10470.192408
-62.003793,144,10472.935649
-99.225625,144,10476.394408
-80.059349,144,10479.558102
-37.409136,144,10482.907584
-59.70361,144,10486.683909
-76.873323,144,10489.622691
-63.418286,144,10492.978725
-57.33685,144,10497.388164
-78.349911,144,10502.475483
-54.837241,144,10508.46891
-44.317394,144,10513.053408
-60.331797,144,10516.702737
-51.611554,144,10520.729511
-46.288934,144,10523.707156
-53.54789,144,10527.057652
-47.372803,144,10530.006814
-54.050929,144,10533.253672
-58.868206,144,10538.703891
-58.716796,144,10543.127891
-47.658252,144,10547.079713
-67.964718,144,10551.914807
-93.296663,144,10557.008464
-63.043919,144,10560.746778
-56.376821,144,10565.105675
-61.650213,144,10569.781198
-112.389755,144,10573.655508
-61.935951,144,10577.460994
-54.999145,144,10580.695527
-84.673056,144,10592.623275
-56.121475,144,10601.736044
-39.080579,144,10612.339219
-73.84347,144,10620.528537
-36.212322,144,10624.307283
-56.619752,144,10628.350919
-55.669092,144,10632.464952
-54.275221,144,10635.956362
-78.334711,144,10639.114452
-59.891655,144,10643.828144
-80.966961,144,10648.797823
-55.557035,144,10652.47644
-61.900791,144,10660.718956
-110.111211,144,10669.218677
-61.038586,144,10676.623348
-63.259307,144,10682.750691
-70.966882,144,10686.407309
-133.399643,144,10689.52739
-80.67312,144,10692.482178
-61.871611,144,10696.387712
-81.510111,144,10700.869
-45.147771,144,10708.744996
-50.953713,144,10715.158289
-61.91644,144,10721.930836
-61.179692,144,10726.296805
-50.362217,144,10731.094889
-60.98052,144,10737.760623
-46.946785,144,10742.101336
-79.353619,144,10745.995043
-72.114239,144,10748.708884
-56.55648,144,10751.426955
-39.72166,144,10754.872046
-74.687027,144,10757.98264
-109.672162,144,10761.078719
-72.336241,144,10763.8721
-46.764228,144,10766.654068
-66.100673,144,10771.259828
-89.90225,144,10775.128087
-81.611082,144,10780.418377
-48.221569,144,10784.573934
-86.520889,144,10788.5588
-57.664853,144,10791.577973
-40.308834,144,10794.417229
-71.923873,144,10797.38866
-48.81864,144,10800.260583
-52.703148,144,10803.153527
-54.472255,144,10806.31421
-51.239181,144,10809.400617
-66.104844,144,10813.596157
-49.69864,144,10817.470038
-57.222258,144,10821.222968
-52.869304,144,10824.927891
-75.296101,144,10829.236754
-94.474513,144,10834.179939
-79.532631,144,10837.815027
-47.061648,144,10842.067732
-60.142416,144,10845.880337
-97.010229,144,10849.544965
-69.808937,144,10853.512762
-57.060635,144,10856.269733
-91.592569,144,10859.097808
-68.802079,144,10862.192741
-47.305473,144,10865.514197
-57.67864,144,10870.031685
-49.44552,144,10873.575171
-51.896147,144,10877.534938
-48.940031,144,10881.33084
-45.824883,144,10885.469239
-54.25343,144,10890.37474
-67.936847,144,10894.423836
-70.693459,144,10898.125173
-44.706478,144,10900.83798
-75.566388,144,10903.605437
-86.410686,144,10906.503671
-67.401254,144,10909.253546
-36.637751,144,10912.005125
-74.629797,144,10916.365532
-110.590554,144,10920.091435
-77.022475,144,10923.542257
-51.987459,144,10928.532308
-78.814403,144,10932.916784
-77.177142,144,10937.379098
-43.072545,144,10941.834002
-68.955922,144,10946.385801
-50.048385,144,10950.210856
-45.901234,144,10953.726835
-67.300283,144,10956.827085
-46.857855,144,10960.264083
-66.700743,144,10963.28344
-64.304007,144,10966.764506
-63.243726,144,10970.087369
-60.527574,144,10973.248415
-83.29862,144,10976.786155
-102.792312,144,10982.091898
-76.089749,144,10991.258794
-69.330646,144,10998.323016
-64.371617,144,11002.624681
-100.826365,144,11005.904579
-75.994145,144,11008.88527
-58.392022,144,11011.804552
-76.893793,144,11014.822505
-55.666329,144,11017.78951
-45.061982,144,11020.572478
-54.038584,144,11023.581486
-54.736156,144,11027.160666
-54.568704,144,11031.920768
-46.510387,144,11036.402661
-46.801884,144,11039.994114
-74.641895,144,11043.664835
-64.398907,144,11047.066951
-67.594035,144,11050.461885
-44.877389,144,11054.257351
-55.890015,144,11058.581993
-84.388998,144,11062.737438
-74.15006,144,11066.424573
-60.402555,144,11069.370109
-64.381227,144,11073.836204
-90.993346,144,11077.446982
-78.636319,144,11080.970719
-59.690798,144,11085.443523
-72.468614,144,11088.341471
-56.962226,144,11093.418436
-38.865137,144,11096.588543
-67.107515,144,11099.844992
-72.515568,144,11104.123076
-41.954434,144,11107.623791
-47.458438,144,11111.378114
-45.989593,144,11114.327258
-79.308644,144,11117.363858
-56.124892,144,11120.887484
-60.835914,144,11123.932429
-56.228322,144,11126.728981
-80.3219,144,11129.627262
-104.50431,144,11132.538691
-66.567046,144,11135.370274
-58.851562,144,11138.251023
-78.271961,144,11141.24387
-116.376211,144,11144.352027
-73.160178,144,11147.385985
-66.512614,144,11151.069391
-90.97969,144,11155.834632
-52.634208,144,11159.625337
-46.110685,144,11164.466902
-56.626164,144,11169.649798
-48.72423,144,11174.540014
-62.389019,144,11179.605182
-54.035348,144,11184.09135
-46.807147,144,11189.932279
-86.893203,144,11195.076191
-58.718993,144,11199.612147
-50.053106,144,11204.208723
-55.671142,144,11209.108465
-87.592802,144,11212.898598
-94.234319,144,11217.425409
-73.571862,144,11221.675141
-42.887951,144,11225.343034
-69.485626,144,11230.791156
-85.098687,144,11235.941175
-67.663734,144,11241.493528
-61.198528,144,11245.692362
-68.487842,144,11250.092881
-49.8394,144,11254.382375
-53.880167,144,11258.745732
-74.166347,144,11263.455037
-45.650126,144,11267.242235
-51.326381,144,11271.428137
-56.542968,144,11276.396646
-54.4224,144,11279.964803
-55.750618,144,11284.707118
-57.523863,144,11288.290704
-56.975855,144,11293.544221
-50.68552,144,11298.489427
-61.333409,144,11302.509005
-111.353948,144,11305.972436
-72.821151,144,11310.122133
-54.144623,144,11313.693106
-102.565865,144,11317.182375
-115.705427,144,11320.727262
-72.526563,144,11324.303595
-60.433906,144,11327.832653
-80.334683,144,11331.46865
-60.341954,144,11335.210404
-40.255861,144,11339.200787
-60.65858,144,11342.92615
-59.777999,144,11347.119287
-50.788586,144,11351.365976
-54.108279,144,11356.110829
-46.65441,144,11360.33053
-60.664784,144,11365.405353
-52.621529,144,11369.837284
-68.587552,144,11373.846217
-52.373619,144,11378.492709
-61.744222,144,11383.171765
-82.500709,144,11387.941949
-61.252487,144,11392.247675
-39.758035,144,11396.947277
-50.209406,144,11400.856685
-68.619007,144,11404.475247
-66.367683,144,11408.66745
-67.518294,144,11413.785504
-67.974822,144,11417.747396
-59.192699,144,11421.514546
-47.105031,144,11425.50952
-54.227795,144,11430.729698
-63.675218,144,11435.127085
-49.713696,144,11438.930226
-48.666471,144,11442.876854
-50.393343,144,11447.53603
-62.977923,144,11451.535352
-66.398636,144,11455.38913
-51.721461,144,11459.196997
-49.722296,144,11463.346154
-80.117241,144,11467.823092
-89.337494,144,11472.182787
-67.653197,144,11476.60278
-40.046294,144,11480.769283
-66.209573,144,11484.851923
-90.409538,144,11489.079219
-77.50286,144,11492.711365
-69.17899,144,11496.760362
-83.321524,144,11501.466108
-55.337941,144,11507.339572
-54.774206,144,11512.53345
-61.67405,144,11516.490202
-44.011296,144,11522.047572
-65.070533,144,11526.293742
-58.879888,144,11530.378146
-49.027836,144,11534.985759
-61.342622,144,11539.138181
-82.203698,144,11542.785667
-56.27797,144,11547.028158
-53.857,144,11550.423208
-67.904026,144,11554.454433
-87.408858,144,11558.709067
-55.664465,144,11562.353091
-41.4041,144,11566.814082
-53.478728,144,11571.586418
-80.077836,144,11576.098661
-62.549965,144,11579.899602
-60.926441,144,11583.755614
-59.92067,144,11587.406337
-53.535094,144,11591.573987
-45.748714,144,11594.707191
-57.626669,144,11597.798837
-92.141444,144,11603.124143
-46.60332,144,11607.529684
-54.130199,144,11611.572046
-45.027388,144,11615.795458
-63.998088,144,11620.576812
-62.123572,144,11625.05557
-65.222393,144,11629.117251
-52.438691,144,11632.833518
-82.419659,144,11636.219812
-110.450854,144,11639.578957
-64.666358,144,11643.011123
-41.281029,144,11646.321624
-63.893062,144,11649.526193
-83.697461,144,11653.231926
-69.790898,144,11657.104857
-53.547863,144,11660.458779
-81.695274,144,11665.217697
-44.990762,144,11669.763007
-45.228685,144,11673.851258
-62.280332,144,11677.966144
-53.597843,144,11681.853689
-39.372359,144,11685.195558
-66.735407,144,11688.513543
-45.80865,144,11692.143421
-49.973998,144,11696.25403
-48.731661,144,11699.602785
-73.875843,144,11703.005411
-63.60003,144,11707.176024
-76.67164,144,11711.751215
-84.645562,144,11715.568554
-60.286556,144,11719.537689
-43.164261,144,11723.421513
-54.214138,144,11726.56509
-99.427715,144,11729.794389
-62.553672,144,11733.052418
-56.70136,144,11736.842339
-72.681655,144,11740.698343
-54.109957,144,11745.175858
-47.775342,144,11749.587474
-57.88122,144,11753.422604
-49.166482,144,11758.449112
-50.938564,144,11763.007008
-53.821443,144,11767.641603
-47.287779,144,11771.7572
-70.241889,144,11774.9957
-65.909834,144,11779.036754
-68.760307,144,11782.249507
-50.577222,144,11786.081577
-75.036892,144,11791.004559
-97.977871,144,11795.961968
-76.275718,144,11801.435673
-42.922166,144,11805.802453
-64.193013,144,11811.962738
-86.650364,144,11816.812752
-75.212971,144,11821.011075
-70.450121,144,11826.072146
-88.609226,144,11832.202598
-53.608838,144,11836.316343
-43.136803,144,11840.140291
-54.386558,144,11843.795841
-48.873943,144,11848.1329
-49.716137,144,11853.86315
-51.773462,144,11858.057131
-46.199375,144,11862.839239
-61.968905,144,11867.678918
-53.575751,144,11871.925051
-66.810562,144,11876.162726
-45.758604,144,11880.445882
-85.723347,144,11884.778659
-93.075231,144,11889.901265
-76.143524,144,11894.422945
-47.60368,144,11899.420766
-61.840556,144,11903.640735
-97.190075,144,11907.800475
-62.88399,144,11911.685442
-66.548206,144,11915.823367
-75.888184,144,11919.776745
-50.75302,144,11924.28588
-47.886427,144,11928.944641
-63.002035,144,11933.670418
-44.306078,144,11938.284317
-48.191973,144,11941.921586
-45.124094,144,11945.477707
-47.017634,144,11949.165539
-65.299019,144,11953.660093
-59.650239,144,11958.594366
-66.339996,144,11962.857947
-66.937823,144,11967.469661
-79.00041,144,11971.587921
-92.480773,144,11976.10147
-79.645327,144,11980.951514
-70.410451,144,11984.460719
-67.851975,144,11988.048044
-84.19243,144,11992.22592
-72.018016,144,11995.957026
-66.3473,144,11999.59246
-93.812889,144,12003.438243
-46.47558,144,12007.300638
-45.990721,144,12011.527798
-70.111248,144,12015.229301
-52.923117,144,12018.854468
-55.405495,144,12022.549008
-58.055935,144,12026.102003
-48.382672,144,12029.531028
-57.294132,144,12033.683121
-78.949753,144,12037.929786
-62.572068,144,12042.0195
-63.020098,144,12046.292969
-66.164579,144,12051.139998
-82.810881,144,12055.367923
-60.128971,144,12059.595938
-40.087256,144,12063.66142
-64.26316,144,12068.665743
-86.19131,144,12073.215108
-73.482452,144,12077.453787
-57.007786,144,12082.23173
-78.685316,144,12085.96543
-49.483682,144,12089.932096
-43.232009,144,12094.213727
-73.480434,144,12098.512824
-42.687663,144,12103.08938
-44.924037,144,12107.012639
-52.991714,144,12110.494531
-56.51864,144,12113.851702
-68.850125,144,12117.399206
-41.275854,144,12121.063583
-69.012138,144,12124.504307
-46.777214,144,12127.842132
-71.1824,144,12131.246424
-81.068332,144,12134.604682
-73.179681,144,12139.194439
-50.381992,144,12143.578008
-57.589124,144,12147.336517
-105.983955,144,12151.110373
-72.781226,144,12154.457917
-59.562405,144,12157.765995
-71.631291,144,12161.085073
-48.617722,144,12164.451303
-52.145285,144,12168.187568
-63.652189,144,12172.106671
-54.187649,144,12175.997527
-51.798554,144,12179.403857
-52.773753,144,12182.705866
-42.157471,144,12186.183157
-58.594219,144,12189.39195
-69.135775,144,12192.775737
-57.901159,144,12197.767348
-59.304904,144,12202.15363
-64.45038,144,12206.04423
-91.637267,144,12210.102679
-71.450496,144,12214.139877
-36.153774,144,12219.280739
-71.507788,144,12223.804453
-77.326242,144,12228.376456
-60.914295,144,12232.307686
-48.208784,144,12236.303284
-70.66725,144,12240.49119
-50.380552,144,12244.833796
-34.042448,144,12249.097937
-61.042318,144,12253.248039
-46.177198,144,12257.181501
-37.441396,144,12262.107501
-48.366259,144,12266.043387
-55.303949,144,12270.360973
-69.473904,144,12275.779502
-49.686488,144,12280.247666
-57.964104,144,12286.259883
-63.806129,144,12292.273418
-61.902207,144,12296.617355
-95.589769,144,12301.219827
-62.070995,144,12305.603513
-50.626947,144,12310.664919
-52.253739,144,12315.987702
-118.411808,144,12320.382667
-73.505755,144,12323.969424
-66.178304,144,12327.258693
-67.08477,144,12330.430882
-54.727402,144,12333.895963
-43.552411,144,12337.097578
-66.51141,144,12341.880253
-45.788131,144,12346.299924
-52.147053,144,12351.045228
-48.759755,144,12354.78619
-46.488515,144,12359.614902
-74.15282,144,12363.661456
-63.544367,144,12367.593579
-59.506809,144,12371.591506
-46.557145,144,12375.068956
-72.375572,144,12378.630708
-117.210036,144,12382.374046
-54.874214,144,12385.883486
-40.079392,144,12389.470513
-49.373049,144,12392.815925
-101.046648,144,12396.299165
-58.008805,144,12400.0058
-61.072752,144,12403.867711
-75.456298,144,12407.773925
-48.679264,144,12411.873881
-52.396848,144,12417.080348
-65.066223,144,12420.795868
-47.099401,144,12424.53827
-58.471005,144,12429.107526
-59.743417,144,12432.90183
-44.322526,144,12437.131323
-48.901539,144,12442.963072
-50.914701,144,12447.117337
-56.710526,144,12450.853791
-48.954307,144,12456.092942
-78.773047,144,12460.588306
-93.659642,144,12466.37953
-66.480773,144,12470.63026
-49.194762,144,12474.085021
-54.681057,144,12477.481677
-83.84162,144,12481.326371
-68.229424,144,12485.906212
-63.16139,144,12489.701181
-68.404661,144,12493.866515
-50.404814,144,12497.848831
-35.480981,144,12501.767644
-51.478483,144,12505.091432
-53.840344,144,12508.341183
-54.754453,144,12511.848587
-53.070407,144,12515.304901
-47.328079,144,12519.759124
-79.778788,144,12523.66746
-64.769729,144,12527.528276
-55.099511,144,12531.719071
-59.431585,144,12536.161606
-70.096426,144,12540.387239
-87.905447,144,12545.100963
-65.440752,144,12549.843402
-42.167528,144,12554.332995
-73.335093,144,12558.978736
-95.665035,144,12562.976977
-66.029496,144,12567.13231
-49.914818,144,12571.349187
-69.465725,144,12575.079975
-53.349244,144,12578.763264
-38.129093,144,12582.19974
-65.063876,144,12585.852599
-41.839829,144,12589.802566
-49.881057,144,12593.342087
-53.449177,144,12596.959147
-46.66365,144,12601.448174
-68.044187,144,12605.71002
-48.65156,144,12609.418839
-71.245879,144,12613.041965
-43.152901,144,12616.648276
-58.754613,144,12620.22094
-81.531858,144,12623.939103
-83.99535,144,12627.521808
-40.929186,144,12631.243933
-58.038157,144,12635.039469
-94.808642,144,12638.788332
-71.207904,144,12642.518335
-44.574033,144,12646.239616
-68.862163,144,12649.779377
-54.446009,144,12653.953943
-53.964098,144,12657.643957
-66.77839,144,12661.868923
-48.465024,144,12665.206744
-60.772785,144,12668.728781
-46.171671,144,12673.840861
-50.60861,144,12677.811345
-61.485778,144,12684.456828
-59.367718,144,12689.280759
-78.392938,144,12692.958213
-53.928095,144,12697.132937
-81.053787,144,12702.028008
-81.410346,144,12706.995746
-68.443792,144,12710.462269
-41.053349,144,12714.751459
-44.753704,144,12718.786515
-83.745897,144,12722.941424
-59.791432,144,12726.927292
-63.882586,144,12730.886051
-83.431289,144,12734.772275
-53.36657,144,12738.978395
-47.707949,144,12743.021514
-62.370496,144,12746.443504
-48.001574,144,12749.787966
-44.271989,144,12754.037729
-40.357012,144,12758.583495
-50.169119,144,12763.111615
-70.367139,144,12768.500222
-43.87109,144,12774.508351
-61.903354,144,12778.882622
-44.722112,144,12783.036376
-60.013276,144,12787.26641
-83.173912,144,12791.3718
-60.073118,144,12796.135267
-40.209533,144,12800.619119
-72.572891,144,12805.492844
-123.878615,144,12810.368879
-85.836007,144,12814.98813
-50.289778,144,12819.437042
-85.693719,144,12824.265624
-61.284416,144,12829.123688
-42.723233,144,12832.855884
-61.608839,144,12836.905437
-43.82312,144,12840.735043
-48.305747,144,12844.362481
-60.147505,144,12847.966669
-34.330881,144,12851.548685
-66.064996,144,12855.157745
-43.981473,144,12858.803597
-71.67909,144,12862.733363
-49.569838,144,12866.587145
-60.104475,144,12870.333624
-77.760673,144,12874.156262
-62.30946,144,12877.765376
-40.455529,144,12881.372451
-50.112874,144,12884.954524
-118.06169,144,12889.828414
-70.273049,144,12894.979612
-61.623134,144,12898.879855
-72.9486,144,12902.657631
-42.787157,144,12906.212049
-51.405914,144,12909.355176
-59.989696,144,12913.043386
-51.518714,144,12917.460629
-49.286414,144,12923.128141
-53.054044,144,12928.416623
-48.559017,144,12934.266158
-72.784008,144,12939.21966
-79.332658,144,12944.631122
-55.437018,144,12948.596112
-55.948563,144,12953.067939
-64.655373,144,12958.815903
-77.38013,144,12964.182544
-62.85067,144,12969.883691
-40.909683,144,12975.433984
-79.920134,144,12979.941766
-87.739216,144,12984.332127
-66.848084,144,12988.761699
-42.844118,144,12993.041669
-74.405035,144,12997.404598
-58.690702,144,13001.73019
-52.413653,144,13005.981801
-62.121201,144,13010.267468
-52.02709,144,13014.487056
-45.000525,144,13018.66195
-53.86105,144,13022.850637
-40.174372,144,13027.02077
-54.726241,144,13031.277569
-44.960056,144,13036.110597
-56.527601,144,13041.058924
-56.193017,144,13045.33233
-63.152972,144,13049.618063
-87.044472,144,13054.038317
-83.373856,144,13058.364783
-46.103607,144,13062.650801
-71.555864,144,13066.920582
-82.843264,144,13071.250281
-62.928973,144,13075.573611
-46.445739,144,13079.831509
-74.312227,144,13084.189035
-48.43774,144,13088.480253
-43.582216,144,13092.732672
-67.024064,144,13097.088287
-56.662701,144,13101.450855
-47.88643,144,13105.727552
-44.228008,144,13110.000423
-52.396569,144,13114.298084
-77.894409,144,13118.638864
-48.046902,144,13122.966902
-56.477899,144,13127.331707
-53.422493,144,13131.668651
-58.153469,144,13136.101897
-92.330554,144,13140.464865
-65.334389,144,13144.752256
-45.313358,144,13149.159468
-54.144235,144,13153.88159
-83.558919,144,13158.443304
-68.033566,144,13163.624961
-49.789272,144,13168.09175
-75.186947,144,13172.557013
-63.225104,144,13176.929147
-50.497792,144,13181.355971
-60.757584,144,13185.707984
-51.177958,144,13189.890298
-56.12991,144,13194.231009
-50.300747,144,13198.498127
-60.426409,144,13202.675478
-61.895656,144,13206.982154
-50.618189,144,13211.284663
-56.845762,144,13215.562385
-42.589869,144,13219.84548
-73.305538,144,13224.082887
-92.285336,144,13228.653066
-81.399599,144,13233.011584
-47.916704,144,13237.760653
-56.94323,144,13242.089049
-84.876505,144,13247.024389
-84.282306,144,13251.514841
-56.83595,144,13255.934398
-70.967928,144,13260.364318
-45.707589,144,13264.689056
-40.390928,144,13268.918157
-62.448577,144,13273.838539
-46.733668,144,13278.201168
-51.218737,144,13282.492634
-52.683574,144,13286.908333
-39.928529,144,13291.140393
-68.844206,144,13295.497741
-52.61583,144,13299.785617
-61.663205,144,13304.094106
-51.830184,144,13308.343059
-73.529001,144,13312.657446
-82.890658,144,13317.107182
-81.414271,144,13321.463201
-52.893452,144,13325.85441
-61.950474,144,13330.277276
-103.518786,144,13334.857328
-61.69502,144,13339.169144
-59.927724,144,13343.547559
-94.314196,144,13347.992549
-50.49265,144,13352.432804
-51.277203,144,13356.900795
-66.014337,144,13361.20417
-48.002706,144,13365.556758
-50.32726,144,13369.903135
-47.82942,144,13374.663852
-49.784043,144,13378.97396
-59.930176,144,13382.273083
-57.82106,144,13385.562612
-63.21949,144,13388.800655
-52.458491,144,13392.142799
-55.174535,144,13395.409708
-93.694713,144,13398.789532
-77.620302,144,13402.156452
-44.688642,144,13405.358131
-61.669993,144,13408.662142
-89.535433,144,13412.022339
-73.348162,144,13415.413187
-63.654766,144,13418.751176
-61.534025,144,13422.084917
-52.824065,144,13425.432171
-41.746107,144,13428.749454
-54.089631,144,13432.037353
-48.601653,144,13435.343766
-60.99184,144,13438.786644
-55.948956,144,13442.154666
-47.034533,144,13445.443684
-78.887484,144,13448.80984
-53.788981,144,13452.128584
-57.005496,144,13455.431431
-54.200622,144,13458.779754
-71.351508,144,13462.203722
-95.195186,144,13465.700632
-66.837121,144,13469.105171
-40.618058,144,13472.426855
-58.692803,144,13475.835022
-103.577561,144,13479.26737
-69.147381,144,13482.998303
-49.742775,144,13486.589474
-65.323547,144,13490.192435
-48.704158,144,13493.643758
-42.37478,144,13497.076687
-64.182446,144,13500.496067
-51.919494,144,13503.901387
-43.215275,144,13507.245124
-45.86353,144,13510.803496
-50.914364,144,13514.184275
-65.073233,144,13517.597522
-56.794202,144,13521.018165
-57.275664,144,13524.429165
-76.6156,144,13527.866976
-62.173645,144,13531.240889
-98.615608,144,13534.757872
-60.684829,144,13538.183383
-42.327286,144,13542.888224
-69.956547,144,13546.7794
-78.106732,144,13552.188948
-64.581555,144,13556.305894
-49.283843,144,13559.722137
-64.702298,144,13563.081475
-51.152703,144,13566.394927
-38.394027,144,13569.747243
-78.811,144,13574.511768
-45.377696,144,13580.316957
-51.868115,144,13584.877159
-53.921779,144,13589.308683
-50.584286,144,13593.251353
-61.171074,144,13597.201551
-71.882406,144,13601.45226
-54.001448,144,13605.730967
-40.49606,144,13610.205968
-77.522919,144,13614.605651
-98.975068,144,13618.985722
-62.76685,144,13623.178779
-55.123002,144,13627.386762
-56.540185,144,13631.618389
-98.395104,144,13635.871441
-80.372434,144,13640.138792
-45.769984,144,13644.412097
-85.222818,144,13648.779274
-44.568353,144,13653.024927
-40.341391,144,13657.086402
-64.73363,144,13661.331261
-36.932338,144,13665.379299
-42.344004,144,13669.721062
-53.778597,144,13674.053009
-53.268301,144,13678.358754
-50.70051,144,13682.831737
-58.150579,144,13687.172693
-43.021843,144,13692.00736
-57.430461,144,13697.27004
-73.962782,144,13701.675625
-105.565814,144,13706.101661
-74.404081,144,13710.346872
-40.599786,144,13713.522915
-59.877099,144,13716.854248
-85.007014,144,13720.194062
-68.354056,144,13723.697426
-63.526717,144,13727.045598
-71.415209,144,13730.643754
-47.023342,144,13733.89956
-40.867049,144,13737.08776
-78.135722,144,13741.376403
-45.821289,144,13746.311584
-38.506167,144,13752.028062
-51.445807,144,13758.781105
-45.466255,144,13763.490795
-60.956929,144,13767.671799
-58.927658,144,13771.49398
-57.267148,144,13776.495477
-65.726627,144,13781.666182
-76.971925,144,13786.274901
-71.1372,144,13790.680245
-56.226482,144,13795.054453
-48.691107,144,13799.489683
-54.421048,144,13803.706573
-103.771671,144,13807.996362
-57.736379,144,13812.197721
-56.261535,144,13816.483867
-67.777632,144,13820.647375
-43.600999,144,13824.858304
-53.131955,144,13829.040837
-67.267886,144,13833.233545
-42.655236,144,13837.432677
-47.82391,144,13841.792899
-42.617063,144,13846.103574
-57.74168,144,13850.328503
-60.611922,144,13854.522595
-63.369412,144,13858.887078
-58.485593,144,13864.03236
-58.991373,144,13868.84639
-71.295019,144,13874.428089
-83.61821,144,13879.422048
-69.927712,144,13884.104374
-46.314359,144,13888.780104
-82.810904,144,13893.371151
-92.810567,144,13898.6839
-58.505163,144,13903.784513
-53.595677,144,13909.115755
-66.29762,144,13913.861956
-50.010009,144,13919.461712
-55.808842,144,13924.168877
-49.840932,144,13928.839378
-49.863415,144,13933.508425
-44.592726,144,13938.912391
-50.833109,144,13943.685181
-41.956833,144,13948.305662
-69.39679,144,13954.265253
-49.815256,144,13959.498957
-63.027196,144,13964.24744
-45.634611,144,13968.66609
-67.444479,144,13974.024551
-76.893675,144,13978.410992
-72.136286,144,13982.629858
-37.051742,144,13985.81092
-62.248037,144,13988.746679
-83.926559,144,13991.802676
-60.195962,144,13996.242074
-50.150303,144,13999.893278
-56.961422,144,14003.527239
-51.37643,144,14007.322294
-42.649961,144,14011.298514
-56.649222,144,14015.067947
-48.42449,144,14018.788971
-53.271964,144,14022.487524
-47.933594,144,14026.183393
-46.409154,144,14029.832551
-60.547046,144,14033.547232
-63.395348,144,14037.21502
-56.610816,144,14040.891793
-55.05478,144,14044.634178
-58.938831,144,14048.443884
-94.966703,144,14052.301361
-74.33838,144,14056.152843
-48.114818,144,14059.900251
-80.242297,144,14063.674193
-84.501971,144,14067.465065
-74.737534,144,14071.221559
-49.48917,144,14074.985055
-75.036523,144,14078.708879
-53.058107,144,14082.486445
-44.699305,144,14086.252999
-63.962489,144,14090.023336
-60.259037,144,14093.789617
-42.828851,144,14097.699589
-48.902899,144,14101.947062
-45.330886,144,14105.677988
-64.882846,144,14109.441367
-50.646061,144,14113.155413
-56.81654,144,14116.906747
-51.169069,144,14120.638739
-61.391504,144,14124.426732
-66.813588,144,14128.267328
-61.678193,144,14132.052212
-38.545716,144,14135.83829
-63.842506,144,14139.681888
-78.16831,144,14143.560084
-66.838272,144,14148.050696
-55.627444,144,14151.970989
-68.223542,144,14155.891796
-52.988262,144,14159.815402
-35.657559,144,14163.667429
-52.556612,144,14167.530213
-45.195111,144,14171.38992
-45.49962,144,14175.200439
-54.500178,144,14178.993415
-40.081179,144,14182.714157
-67.000786,144,14186.503127
-56.658925,144,14190.296314
-60.517077,144,14194.104998
-45.760463,144,14197.886631
-59.593822,144,14201.64275
-97.295801,144,14205.600704
-57.627572,144,14209.467007
-51.169506,144,14213.939685
-56.69381,144,14218.21439
-85.905425,144,14222.527895
-66.915674,144,14226.756928
-48.312646,144,14231.140474
-72.787739,144,14235.543162
-47.509089,144,14239.324616
-54.597204,144,14243.120416
-86.615606,144,14246.966955
-54.827456,144,14250.808849
-47.513138,144,14254.633739
-53.616467,144,14258.436607
-44.71426,144,14262.210729
-67.046268,144,14266.102524
-52.767731,144,14269.890497
-72.94005,144,14273.721359
-44.927277,144,14277.552808
-50.80633,144,14281.358922
-84.80412,144,14285.155322
-70.629497,144,14289.018292
-36.183438,144,14292.827604
-64.702045,144,14296.622908
-96.473637,144,14300.493128
-63.074748,144,14304.290899
-63.093255,144,14308.144054
-70.476327,144,14311.983397
-59.218884,144,14315.744807
-43.782303,144,14319.547141
-60.602317,144,14323.407335
-61.079609,144,14327.264605
-48.633845,144,14331.415671
-48.738669,144,14335.186699
-52.908166,144,14338.984577
-66.437437,144,14342.782813
-78.263677,144,14346.696143
-64.652389,144,14350.642047
-44.365077,144,14354.474021
-67.817119,144,14358.331514
-90.792705,144,14362.418803
-45.885389,144,14366.306057
-35.259539,144,14370.198547
-66.500511,144,14374.071297
-110.881955,144,14378.019085
-71.38712,144,14381.957038
-49.044938,144,14386.195429
-70.553799,144,14390.052827
-50.008994,144,14393.932465
-42.629978,144,14397.735502
-73.780047,144,14401.536701
-58.292005,144,14405.655851
-48.563715,144,14409.611767
-48.517031,144,14413.530546
-37.960132,144,14417.341548
-59.324534,144,14421.120112
-51.545247,144,14424.891968
-60.927266,144,14428.705632
-50.041395,144,14432.517028
-74.418193,144,14436.439703
-67.467598,144,14440.274177
-63.069314,144,14444.108716
-58.771473,144,14447.93659
-59.502803,144,14451.733786
-93.085087,144,14455.638492
-71.948155,144,14459.50298
-58.155334,144,14463.393186
-66.552543,144,14467.210759
-54.479942,144,14471.027764
-42.653787,144,14474.822852
-63.216184,144,14478.589466
-41.597172,144,14482.402136
-48.132046,144,14486.206488
-51.378299,144,14490.036304
-35.132262,144,14493.786419
-85.944185,144,14497.631456
-51.122216,144,14501.439903
-82.538757,144,14505.33643
-62.175568,144,14509.159405
-59.514781,144,14512.912916
-108.244386,144,14516.837013
-65.070364,144,14520.706596
-43.255319,144,14524.537558
-60.198175,144,14528.372122
-91.924257,144,14532.393573
-69.899968,144,14536.257506
-49.528506,144,14540.086272
-68.670374,144,14543.949365
-51.760121,144,14547.790915
-48.810884,144,14551.590077
-64.923399,144,14555.44574
-46.319166,144,14559.290706
-37.391649,144,14563.113528
-51.784944,144,14566.966915
-36.931806,144,14570.82288
-53.139252,144,14574.631069
-51.11971,144,14578.441665
-66.306697,144,14582.314126
-52.764373,144,14586.186249
-57.447555,144,14590.023727
-76.862846,144,14593.921926
-68.226798,144,14597.762194
-41.433615,144,14601.603661
-42.998681,144,14605.420468
-74.143166,144,14609.338628
-60.257491,144,14613.184727
-53.680535,144,14617.022625
-71.209757,144,14620.858744
-61.060337,144,14624.74669
-51.453055,144,14628.570044
-68.013167,144,14632.40097
-49.263612,144,14636.202863
-38.312514,144,14639.985793
-53.358881,144,14643.794116
-45.152066,144,14647.575338
-52.158824,144,14651.418172
-56.400936,144,14655.19794
-62.617831,144,14659.004484
-61.011007,144,14662.844155
-69.853936,144,14666.667462
-78.295608,144,14670.498669
-53.347469,144,14674.379716
-47.123828,144,14678.243303
-70.308111,144,14682.070771
-87.280722,144,14686.285727
-57.028127,144,14690.125704
-52.940593,144,14693.942989
-69.087408,144,14697.941978
-45.882697,144,14702.447533
-39.96512,144,14706.547559
-55.733169,144,14710.739721
-43.077261,144,14714.887696
-41.298064,144,14718.806547
-50.08275,144,14722.620617
-37.405299,144,14726.393008
-67.672475,144,14730.676652
-45.898397,144,14734.480441
-53.070283,144,14738.328204
-46.087951,144,14742.143306
-64.042502,144,14745.983804
-115.264553,144,14749.912481
-81.801141,144,14753.801704
-38.555739,144,14757.610404
-64.779323,144,14761.484112
-100.44118,144,14765.420191
-69.332906,144,14769.341609
-52.016921,144,14773.203015
-63.633956,144,14777.047477
-50.844337,144,14780.855051
-53.067003,144,14784.642129
-56.139998,144,14788.427764
-44.067193,144,14792.22408
-48.751451,144,14796.033312
-41.724299,144,14799.844284
-42.612229,144,14803.645556
-65.870963,144,14807.54898
-58.4028,144,14811.404596
-58.850566,144,14815.203519
-52.379187,144,14819.049731
-63.059617,144,14822.950845
-92.203569,144,14826.867535
-66.753645,144,14830.745822
-47.384201,144,14834.569942
-93.075445,144,14838.450185
-74.287973,144,14842.312644
-54.339764,144,14846.167414
-62.373142,144,14850.071249
-79.632526,144,14853.968786
-53.991197,144,14857.790424
-49.94052,144,14861.617031
-65.960817,144,14865.456014
-60.99799,144,14869.305238
-47.806878,144,14873.195918
-60.739895,144,14877.07517
-48.843126,144,14880.868046
-63.173741,144,14884.630875
-59.507484,144,14888.428949
-50.423305,144,14892.216443
-55.065566,144,14896.004055
-68.260338,144,14899.886955
-95.844522,144,14903.817273
-62.693044,144,14907.687481
-33.665791,144,14911.526195
-58.547761,144,14915.348045
-73.452878,144,14919.253989
-66.934064,144,14923.155166
-70.707206,144,14927.022347
-72.163234,144,14930.935578
-46.959275,144,14934.907517
-45.386239,144,14938.837918
-63.57082,144,14942.701115
-52.940334,144,14946.595774
-57.939096,144,14950.482944
-50.752753,144,14954.360988
-41.955532,144,14958.218921
-52.73901,144,14962.074595
-56.876365,144,14965.91819
-54.946608,144,14970.205494
-50.080745,144,14974.007064
-55.126121,144,14977.836985
-90.572648,144,14981.759921
-64.927546,144,14985.573613
-45.058868,144,14989.450106
-57.942752,144,14993.261452
-108.551191,144,14997.187893
-72.095279,144,15001.031118
-55.687227,144,15004.904889
-62.10018,144,15008.767934
-40.563098,144,15012.603902
-49.913354,144,15016.465034
-60.571017,144,15020.236317
-43.877638,144,15024.081886
-49.91247,144,15027.912732
-55.67736,144,15031.773335
-49.533912,144,15035.567466
-60.089312,144,15039.377362
-57.243232,144,15043.213667
-55.446852,144,15047.045747
-50.613817,144,15050.851352
-56.938202,144,15054.682122
-94.022163,144,15058.561757
-76.514819,144,15062.398866
-43.599144,144,15066.647224
-78.362984,144,15070.579357
-98.84651,144,15074.503755
-65.81121,144,15078.39669
-65.969699,144,15082.70086
-71.721917,144,15086.972664
-48.836581,144,15090.802841
-37.112839,144,15094.569133
-60.577933,144,15098.394124
-48.796444,144,15102.259815
-41.734942,144,15106.335749
-52.791824,144,15110.634218
-42.808918,144,15115.321656
-76.297044,144,15120.094712
-51.053359,144,15124.714956
-70.027204,144,15128.779605
-52.377453,144,15132.820662
-64.642121,144,15136.607123
-105.869448,144,15140.549845
-56.723467,144,15144.382868
-59.984063,144,15148.202188
-64.335893,144,15152.041122
-90.455917,144,15155.930627
-79.784649,144,15159.805337
-61.59923,144,15163.709636
-68.458664,144,15167.577326
-44.973582,144,15171.432181
-46.042994,144,15175.261853
-57.088838,144,15179.125976
-52.643579,144,15182.971421
-52.67835,144,15186.830654
-51.538327,144,15190.683221
-43.351769,144,15194.493612
-54.45152,144,15198.346879
-48.984497,144,15202.204329
-61.607771,144,15206.000944
-55.484443,144,15209.837471
-53.817238,144,15213.627082
-88.265581,144,15217.506442
-65.878271,144,15221.391038
-66.96461,144,15225.253717
-65.030029,144,15229.07899
-95.406948,144,15232.941406
-65.064115,144,15236.81513
-58.222672,144,15240.688459
-73.437091,144,15244.995014
-51.031909,144,15248.835711
-42.408504,144,15252.659194
-62.298651,144,15256.487812
-43.85592,144,15260.383571
-48.08451,144,15264.219543
-49.480312,144,15268.082298
-51.973558,144,15271.842438
-62.561855,144,15275.645282
-51.510981,144,15279.585276
-64.409909,144,15283.464143
-56.42841,144,15287.35233
-49.15532,144,15291.200608
-75.836747,144,15295.072914
-70.269394,144,15298.881281
-42.969955,144,15303.176107
-71.331607,144,15307.366261
-79.821328,144,15311.465293
-62.310026,144,15315.612236
-45.98015,144,15319.492631
-88.875991,144,15323.378492
-43.78154,144,15327.240963
-41.846092,144,15331.090878
-62.136796,144,15334.923393
-48.057826,144,15338.790139
-49.071818,144,15342.615901
-51.646502,144,15346.598214
-46.663116,144,15350.550811
-71.195815,144,15354.449655
-83.59181,144,15358.825741
-59.958896,144,15362.70832
-41.738966,144,15366.983627
-55.370031,144,15370.803115
-94.021911,144,15374.935812
-72.701127,144,15378.804489
-34.832215,144,15382.676442
-51.560168,144,15386.494487
-100.894758,144,15390.430797
-58.696119,144,15394.391409
-58.234251,144,15398.250961
-76.244804,144,15402.161
-52.65317,144,15406.440356
-50.824532,144,15410.282455
-63.678565,144,15414.135028
-49.179826,144,15418.011938
-46.953627,144,15421.897121
-41.786619,144,15425.713568
-41.307773,144,15429.539798
-66.316341,144,15433.315789
-66.747924,144,15437.161145
-78.613474,144,15441.013341
-47.843461,144,15444.820104
-63.545318,144,15448.636167
-77.279115,144,15452.479567
-57.182962,144,15456.333988
-44.943008,144,15460.180396
-48.692184,144,15464.011839
-122.362741,144,15468.004387
-63.786532,144,15471.911224
-54.081322,144,15475.745614
-71.052195,144,15479.652619
-52.540059,144,15483.493481
-52.346975,144,15487.331328
-50.65923,144,15491.255041
-60.904719,144,15495.149868
-50.875915,144,15498.975885
-52.200543,144,15502.831496
-46.307577,144,15506.627943
-64.918263,144,15510.482382
-43.556328,144,15514.303622
-51.915052,144,15518.616912
-60.716706,144,15522.51342
-67.785598,144,15526.334664
-75.957926,144,15530.192689
-53.093947,144,15534.033593
-40.277117,144,15538.315563
-68.98059,144,15542.138205
-84.548174,144,15546.058754
-72.775465,144,15549.935565
-57.239776,144,15553.785491
-73.006607,144,15557.641405
-41.635324,144,15561.491285
-40.244089,144,15565.26459
-59.12098,144,15569.109279
-53.94457,144,15572.92658
-48.727996,144,15576.766942
-53.897563,144,15580.69405
-58.252129,144,15584.515237
-64.187119,144,15588.398818
-58.025014,144,15592.239305
-45.564942,144,15596.094436
-44.665786,144,15599.932289
-68.873609,144,15603.776039
-109.674431,144,15607.707957
-58.54316,144,15611.570424
-40.469659,144,15615.507618
-45.779476,144,15619.341276
-73.891506,144,15623.233397
-66.268578,144,15627.136212
-51.904568,144,15631.006458
-72.079938,144,15634.932446
-44.916456,144,15638.807994
-35.033508,144,15642.663023
-66.670632,144,15646.60715
-56.17506,144,15650.491565
-47.538316,144,15654.367764
-46.894458,144,15658.245916
-48.601847,144,15662.092906
-71.373138,144,15666.003045
-54.666114,144,15669.876727
-56.961181,144,15673.79385
-54.234985,144,15677.632849
-60.391457,144,15681.454392
-85.828562,144,15685.382418
-61.558485,144,15689.31994
-60.876545,144,15693.20045
-68.419788,144,15697.11976
-73.469921,144,15701.034282
-60.406551,144,15704.950792
-56.924973,144,15708.790843
-70.047053,144,15712.696023
-49.414502,144,15716.549175
-45.878721,144,15720.42821
-65.443754,144,15724.329585
-40.897016,144,15728.185066
-58.564554,144,15732.095477
-44.846891,144,15735.965131
-46.548709,144,15739.753752
-52.55017,144,15743.597553
-49.545756,144,15747.43459
-63.817786,144,15751.260377
-58.402157,144,15755.118776
-67.48653,144,15759.083853
-89.767118,144,15763.021781
-53.140497,144,15766.849214
-42.91183,144,15770.69157
-70.891484,144,15774.587816
-84.417811,144,15778.501513
-65.830231,144,15782.375572
-58.251519,144,15786.276769
-68.840842,144,15790.128343
-54.253175,144,15794.039766
-51.032221,144,15797.882315
-62.021238,144,15801.809038
-53.046149,144,15805.647529
-47.692123,144,15809.468331
-41.686971,144,15813.302943
-42.074738,144,15817.113038
-55.102625,144,15820.926574
-48.366531,144,15824.767963
-50.580971,144,15828.622256
-62.39799,144,15832.470578
-57.805014,144,15836.371837
-96.02284,144,15840.328511
-68.289606,144,15844.254963
-45.448173,144,15848.128117
-61.291064,144,15852.078698
-92.883078,144,15855.99407
-61.563778,144,15859.929629
-56.186583,144,15863.837434
-76.198894,144,15867.752791
-51.986162,144,15871.613105
-42.781671,144,15875.498482
-60.191776,144,15879.345404
-45.645481,144,15883.234243
-40.105912,144,15887.054559
-41.564807,144,15890.856801
-39.518587,144,15894.6483
-60.240763,144,15898.518495
-53.763822,144,15902.380898
-66.259481,144,15906.202445
-48.609373,144,15910.049252
-57.994128,144,15913.890673
-71.720352,144,15917.721924
-66.413699,144,15921.520048
-39.154767,144,15925.308869
-52.76878,144,15929.111706
-88.379383,144,15933.040226
-61.713784,144,15936.914637
-55.888295,144,15940.733604
-65.865921,144,15944.606701
-70.968612,144,15948.448104
-39.477036,144,15952.25865
-85.270734,144,15956.152976
-43.986259,144,15959.991163
-48.544092,144,15963.866747
-52.616901,144,15967.685334
-39.254583,144,15971.847133
-67.685198,144,15976.141764
-68.825714,144,15980.453841
-58.493435,144,15984.647651
-44.125095,144,15988.778033
-65.792135,144,15992.577741
-84.077261,144,15996.454866
-81.023995,144,16000.348552
-47.267731,144,16004.203817
-65.120089,144,16008.30332
-95.203459,144,16012.660164
-69.408728,144,16016.555703
-56.276939,144,16020.348783
-68.842316,144,16024.142065
-55.697348,144,16027.894551
-29.934444,144,16031.63518
-62.077373,144,16035.525209
-43.475247,144,16039.289401
-45.498952,144,16043.085982
-53.387047,144,16046.876357
-44.547269,144,16051.08246
-59.5759,144,16054.894107
-44.907638,144,16058.71751
-59.518624,144,16062.483804
-46.629365,144,16066.277662
-80.850136,144,16070.084971
-80.40719,144,16073.851254
-62.527505,144,16077.587898
-31.520212,144,16081.315014
-63.620601,144,16085.141511
-84.303489,144,16088.937896
-57.12239,144,16092.739184
-52.259077,144,16096.511124
-67.195074,144,16100.33574
-54.523276,144,16104.065063
-47.321661,144,16107.79507
-54.991579,144,16111.567619
-49.196852,144,16115.39602
-47.230338,144,16119.200981
-52.623633,144,16123.002526
-60.808936,144,16126.77845
-56.803327,144,16130.563885
-54.402511,144,16134.321296
-57.420799,144,16138.098471
-49.201613,144,16141.84908
-58.639989,144,16145.6366
-99.434392,144,16149.457987
-81.351455,144,16153.261492
-41.317478,144,16157.004929
-62.994316,144,16160.781725
-82.155679,144,16164.589764
-64.630676,144,16168.462934
-60.250456,144,16172.367356
-80.179318,144,16176.191062
-54.586934,144,16180.180251
-45.377594,144,16184.040115
-51.494912,144,16187.907877
-37.613101,144,16191.8231
-42.668683,144,16195.610293
-49.014931,144,16199.43747
-43.462232,144,16203.230505
-66.585976,144,16207.020643
-49.266403,144,16211.108355
-55.627061,144,16214.910397
-52.078764,144,16218.644905
-65.296418,144,16222.83573
-79.078126,144,16226.997069
-62.275908,144,16231.024697
-55.580538,144,16234.872812
-49.772734,144,16238.655858
-89.38308,144,16242.469965
-69.895668,144,16246.316098
-55.437853,144,16250.088589
-62.36452,144,16253.855926
-48.052578,144,16257.646701
-38.960783,144,16261.368734
-57.541527,144,16265.114696
-46.522707,144,16268.864557
-49.730527,144,16272.633458
-56.427702,144,16276.392015
-42.91692,144,16280.153913
-68.819865,144,16283.871132
-44.122707,144,16287.533818
-57.951425,144,16291.329594
-63.347294,144,16295.053176
-60.846845,144,16298.831791
-87.214563,144,16302.666934
-71.875505,144,16306.453896
-41.002719,144,16310.227314
-64.118011,144,16314.00721
-76.899807,144,16317.814202
-73.902923,144,16321.664412
-56.713417,144,16325.445958
-72.157796,144,16329.208972
-42.297848,144,16332.995472
-45.216003,144,16337.196946
-62.38849,144,16341.001784
-44.955571,144,16344.729
-43.661156,144,16348.456724
-52.317407,144,16352.21914
-42.684147,144,16355.933875
-78.07223,144,16359.724194
-52.081419,144,16363.499764
-65.998696,144,16367.297424
-53.334336,144,16371.073563
-57.381648,144,16374.831628
-87.114834,144,16378.650546
-61.169382,144,16382.445814
-37.727382,144,16386.242834
-53.934776,144,16389.975418
-101.842284,144,16393.847349
-68.673856,144,16397.639859
-54.555353,144,16401.464808
-68.005136,144,16405.223692
-53.513373,144,16409.016546
-45.537579,144,16412.76737
-61.998972,144,16416.489824
-45.369015,144,16420.277956
-51.298523,144,16424.023515
-44.624061,144,16427.769031
-44.080035,144,16431.503214
-59.232174,144,16435.212584
-46.724927,144,16438.926588
-61.792354,144,16442.662595
-50.966263,144,16446.398829
-58.656474,144,16450.141652
-84.08099,144,16453.939107
-57.286368,144,16458.671273
-40.358968,144,16462.755038
-57.100792,144,16466.169245
-80.440443,144,16470.816153
-61.140805,144,16474.65016
-45.369208,144,16477.983395
-84.460933,144,16480.74887
-51.399241,144,16483.450917
-40.642984,144,16486.277168
-49.960003,144,16488.990979
-45.904203,144,16491.72931
-40.969634,144,16494.513217
-51.770426,144,16497.34983
-47.41721,144,16500.094152
-64.300346,144,16502.935081
-49.259544,144,16505.705417
-62.451638,144,16508.53704
-47.952862,144,16511.449003
-60.331443,144,16514.662404
-72.010463,144,16517.456004
-64.923902,144,16520.294009
-43.635596,144,16523.162342
-45.469051,144,16526.759292
-78.819655,144,16531.042093
-66.439958,144,16534.853952
-49.190161,144,16538.613704
-68.787469,144,16542.431641
-42.69405,144,16546.221395
-43.213346,144,16549.972796
-51.560863,144,16553.687473
-44.398395,144,16557.438785
-42.615544,144,16561.227247
-56.31202,144,16565.020498
-39.008783,144,16568.716428
-60.696681,144,16572.503985
-54.9706,144,16576.255709
-55.556328,144,16579.99025
-48.121756,144,16583.75538
-52.256077,144,16587.51047
-95.926298,144,16591.407274
-73.237637,144,16595.240796
-53.696763,144,16598.975571
-53.7314,144,16602.712939
-96.980073,144,16606.601766
-75.551179,144,16610.390305
-59.74351,144,16614.117029
-70.677872,144,16617.893082
-47.763888,144,16621.598583
-40.218145,144,16625.372012
-67.871709,144,16629.122919
-55.743563,144,16632.884494
-40.86621,144,16636.604986
-46.174781,144,16640.346648
-68.842551,144,16644.058412
-64.670875,144,16647.843961
-52.837987,144,16651.566551
-79.151908,144,16655.260339
-46.757555,144,16658.989376
-53.113022,144,16662.708295
-83.409733,144,16666.472635
-66.185471,144,16670.12857
-33.960775,144,16673.825937
-50.27327,144,16677.569946
-75.585215,144,16681.351576
-60.066305,144,16685.129636
-65.552236,144,16688.89178
-64.682174,144,16692.641506
-48.79198,144,16696.332074
-33.795622,144,16700.067214
-57.173533,144,16703.821302
-43.175379,144,16707.603324
-45.264167,144,16711.343106
-49.565893,144,16715.132664
-43.646221,144,16718.85165
-68.713655,144,16722.64298
-52.750847,144,16726.406815
-56.671058,144,16730.186632
-53.058809,144,16733.92624
-51.661273,144,16737.664411
-78.629976,144,16741.467499
-75.64568,144,16745.23227
-41.036314,144,16749.000932
-61.028125,144,16752.784166
-89.963464,144,16756.590596
-69.457502,144,16760.389456
-45.359679,144,16764.15454
-70.059373,144,16768.026811
-52.785163,144,16771.796014
-41.193911,144,16775.549785
-42.844338,144,16779.260792
-42.850215,144,16782.954096
-42.611647,144,16786.706955
-54.407625,144,16790.457854
-32.850289,144,16794.21588
-59.384551,144,16797.990875
-47.560532,144,16801.685543
-60.163226,144,16805.459917
-44.740951,144,16809.202393
-50.351608,144,16812.984506
-78.286437,144,16816.798793
-65.227263,144,16820.605258
-28.296056,144,16824.339463
-65.627135,144,16828.531379
-85.756384,144,16832.310145
-58.006938,144,16836.081073
-50.383811,144,16839.81617
-65.043583,144,16843.560052
-47.402171,144,16847.312022
-38.184557,144,16850.998298
-48.010362,144,16854.679343
-44.798687,144,16858.444389
-42.265432,144,16862.089346
-49.361861,144,16866.237092
-41.408324,144,16869.885132
-70.883878,144,16873.606224
-42.292198,144,16877.784133
-60.231934,144,16881.600132
-42.328985,144,16885.333441
-59.030604,144,16889.136768
-79.358115,144,16892.920604
-82.894865,144,16896.725955
-46.356896,144,16900.546765
-67.597617,144,16904.352752
-81.843889,144,16908.18155
-56.70447,144,16912.02517
-54.443812,144,16915.898021
-68.992216,144,16919.912089
-49.472201,144,16924.314743
-40.363132,144,16928.207196
-52.139624,144,16932.085969
-43.813203,144,16935.829546
-50.458297,144,16939.566267
-55.458722,144,16943.270971
-45.146019,144,16946.942661
-62.597576,144,16950.679241
-51.660982,144,16954.359869
-67.35511,144,16958.11537
-43.470605,144,16961.80394
-59.229973,144,16965.53462
-85.830729,144,16969.320431
-84.283621,144,16973.144343
-41.013897,144,16976.851884
-46.708936,144,16980.613502
-87.607732,144,16984.362436
-52.917878,144,16988.088987
-54.28425,144,16991.834061
-75.734229,144,16995.607211
-48.283345,144,16999.318552
-39.365463,144,17003.091195
-67.16778,144,17006.830445
-40.96858,144,17010.555758
-36.102671,144,17014.201079
-44.57483,144,17017.949172
-48.172438,144,17021.640322
-66.315882,144,17025.424222
-49.090794,144,17029.132097
-55.40281,144,17032.896324
-51.287219,144,17036.601611
-52.175085,144,17040.273207
-90.221733,144,17044.068903
-75.590093,144,17047.848421
-45.64372,144,17051.568099
-59.007042,144,17055.29189
-79.909857,144,17059.059016
-63.78931,144,17062.825019
-37.721445,144,17066.617901
-80.727745,144,17070.359472
-43.283238,144,17074.132977
-44.32373,144,17077.969982
-48.850668,144,17081.700059
-40.740907,144,17085.405345
-46.341147,144,17089.153619
-47.071039,144,17092.876645
-43.439949,144,17096.597938
-55.075504,144,17100.351514
-48.096784,144,17104.063238
-60.056516,144,17107.866558
-45.168995,144,17111.66729
-53.628709,144,17115.403691
-99.170053,144,17119.253854
-74.194495,144,17123.055386
-52.185374,144,17126.834714
-58.240975,144,17130.875038
-74.895842,144,17135.282492
-62.779898,144,17139.301924
-62.748918,144,17143.231926
-77.694217,144,17147.029858
-54.985054,144,17150.772718
-44.069231,144,17154.48737
-57.998846,144,17158.204257
-46.969838,144,17161.959718
-45.726272,144,17165.679028
-54.733361,144,17169.386361
-36.97739,144,17173.133156
-50.680953,144,17176.860978
-54.592451,144,17180.613397
-63.797584,144,17184.351976
-42.196184,144,17188.028255
-60.410273,144,17191.763233
-70.880195,144,17195.554866
-61.043167,144,17199.24874
-48.660648,144,17203.02262
-56.905108,144,17206.704573
-80.932988,144,17210.535932
-64.731211,144,17214.284429
-54.427765,144,17218.048602
-65.265059,144,17221.809063
-51.128523,144,17225.566592
-54.357876,144,17229.309379
-54.777189,144,17233.003446
-47.416372,144,17236.784642
-44.826132,144,17240.580735
-47.339947,144,17244.318026
-40.992809,144,17248.01957
-61.492707,144,17251.724716
-56.488874,144,17255.442667
-58.242362,144,17259.20843
-51.386004,144,17262.952138
-56.679802,144,17266.703445
-82.690918,144,17270.500267
-68.910084,144,17274.283529
-51.707214,144,17278.026557
-59.914026,144,17281.736584
-75.0579,144,17285.502323
-61.98903,144,17289.333946
-68.642206,144,17293.104444
-74.471281,144,17296.865211
-54.065382,144,17300.62426
-39.235181,144,17304.365017
-64.281243,144,17308.117945
-50.073373,144,17311.840888
-43.022239,144,17315.495355
-55.625701,144,17319.252201
-39.682721,144,17322.95971
-52.941238,144,17326.707079
-48.611711,144,17330.406388
-51.697075,144,17334.138041
-47.431014,144,17337.806878
-47.845393,144,17341.54478
-78.132991,144,17345.339259
-62.830519,144,17349.107568
-50.867358,144,17352.876449
-52.848662,144,17356.603338
-70.25828,144,17360.389062
-63.088803,144,17364.159852
-51.378761,144,17367.913049
-78.278211,144,17371.657034
-51.395446,144,17375.367368
-37.058469,144,17379.07141
-64.269828,144,17382.789483
-50.761092,144,17386.935267
-45.7741,144,17390.64929
-41.647388,144,17394.326031
-42.076842,144,17398.013171
-67.349821,144,17401.777757
-52.034106,144,17405.498467
-48.573177,144,17409.182713
-54.27321,144,17412.935898
-70.427424,144,17416.69391
-72.2856,144,17420.386604
-67.065539,144,17424.144269
-35.289676,144,17427.880901
-52.898454,144,17431.615513
-68.480641,144,17435.777478
-62.158325,144,17439.557505
-43.965298,144,17443.359
-65.139922,144,17447.123662
-43.170865,144,17450.826193
-34.163241,144,17454.546161
-57.254978,144,17458.327292
-54.441674,144,17462.114454
-47.214959,144,17465.810496
-47.239287,144,17469.546312
-44.184631,144,17473.280199
-56.934931,144,17477.051973
-56.845541,144,17480.73631
-64.45264,144,17484.478076
-53.48353,144,17488.223561
-54.102671,144,17491.958061
-71.313718,144,17495.729262
-66.994238,144,17499.4987
-32.2898,144,17503.205718
-70.422474,144,17506.982922
-86.68842,144,17510.780058
-57.126828,144,17514.500007
-55.076522,144,17518.30543
-68.244798,144,17522.058612
-57.592508,144,17525.82856
-34.742227,144,17529.577697
-50.328626,144,17533.339396
-45.655442,144,17537.039409
-42.735203,144,17540.741411
-41.620545,144,17544.499414
-42.332621,144,17548.177543
-71.648542,144,17551.965707
-67.981088,144,17556.172263
-49.039008,144,17559.912878
-43.919345,144,17563.663454
-62.95391,144,17567.809243
-77.833571,144,17571.609123
-71.463371,144,17575.418523
-46.19736,144,17579.144738
-57.611098,144,17582.898745
-73.451829,144,17586.677006
-65.047812,144,17590.447337
-50.639572,144,17594.18551
-62.25245,144,17597.886719
-50.774479,144,17601.634961
-52.448584,144,17605.346959
-52.201681,144,17609.082401
-48.913798,144,17612.810957
-43.838188,144,17616.534681
-50.089907,144,17620.239452
-42.751452,144,17623.897475
-58.549818,144,17627.598399
-42.979621,144,17631.317591
-63.511424,144,17635.010427
-53.80482,144,17638.769141
-54.149008,144,17642.482244
-78.799741,144,17646.254275
-63.105145,144,17650.187987
-46.719944,144,17654.419225
-56.207281,144,17658.199963
-100.00246,144,17661.956443
-68.067933,144,17665.748005
-48.11072,144,17669.486217
-91.164449,144,17673.259052
-50.335586,144,17676.942932
-38.592641,144,17680.67095
-48.729706,144,17684.382359
-46.783258,144,17688.120098
-40.897336,144,17691.794037
-55.934402,144,17695.517028
-44.360273,144,17699.252819
-60.335161,144,17702.959445
-55.688608,144,17706.720438
-57.564395,144,17710.479817
-42.509393,144,17714.201951
-58.974921,144,17717.941313
-76.184503,144,17721.718137
-60.477614,144,17725.469515
-59.21635,144,17729.251163
-70.006947,144,17732.905899
-77.553088,144,17736.682734
-63.436021,144,17740.384259
-60.332135,144,17744.147732
-86.330698,144,17747.99184
-52.877812,144,17751.716699
-45.722797,144,17755.455647
-54.402494,144,17759.142279
-52.097784,144,17762.840997
-50.666551,144,17766.661721
-51.245302,144,17770.801475
-45.849364,144,17774.537173
-57.305401,144,17778.238329
-72.266924,144,17781.951514
-68.69553,144,17785.651632
-57.336152,144,17789.427919
-56.042219,144,17793.207028
-84.170082,144,17797.001644
-60.499665,144,17800.733742
-35.961741,144,17804.466487
-66.859764,144,17808.348543
-74.007961,144,17812.617228
-64.649943,144,17816.481604
-60.947497,144,17820.455527
-64.982674,144,17824.433615
-48.08539,144,17828.391437
-45.302654,144,17832.352982
-48.243976,144,17836.052575
-47.683463,144,17839.750717
-50.623876,144,17843.851754
-55.661285,144,17847.560556
-39.356776,144,17851.200953
-56.437992,144,17854.913396
-57.324156,144,17858.668845
-55.777252,144,17862.393692
-46.28131,144,17866.070747
-54.622987,144,17869.784639
-91.645791,144,17873.583844
-64.70244,144,17877.375828
-40.190235,144,17881.139036
-60.991179,144,17884.881466
-88.903214,144,17888.709808
-58.940521,144,17892.497749
-52.524797,144,17896.275477
-62.680141,144,17900.069932
-46.659445,144,17903.795227
-33.648701,144,17907.460515
-55.059865,144,17911.160981
-45.361981,144,17914.847242
-38.085104,144,17918.51614
-55.504985,144,17922.273654
-50.670589,144,17926.008082
-73.570261,144,17929.7284
-56.681503,144,17933.474031
-68.818188,144,17937.212736
-48.170757,144,17940.894696
-51.980474,144,17944.631309
-82.770114,144,17948.376161
-66.399989,144,17952.580616
-46.317811,144,17956.306668
-53.693764,144,17960.032279
-83.463359,144,17963.809931
-56.351436,144,17967.634722
-70.711419,144,17971.449042
-63.523393,144,17975.193113
-53.850395,144,17978.926714
-43.236279,144,17982.604968
-65.354095,144,17986.350406
-47.584193,144,17990.09112
-45.072507,144,17993.802448
-46.909868,144,17997.551449
-48.299673,144,18001.30011
-61.981571,144,18005.065051
-59.465264,144,18008.76762
-62.953421,144,18012.536876
-45.28703,144,18016.23256
-53.712536,144,18019.971081
-71.245546,144,18023.725749
-80.744661,144,18027.875124
-49.476836,144,18031.609283
-44.869136,144,18035.318342
-81.743229,144,18039.071531
-67.226649,144,18042.8606
-53.388682,144,18046.651307
-73.535295,144,18050.383605
-57.785932,144,18054.123476
-33.195368,144,18057.871591
-64.81244,144,18061.631711
-52.510643,144,18065.369601
-45.88652,144,18069.114057
-42.677059,144,18072.845033
-40.742513,144,18076.534932
-52.403203,144,18080.251845
-40.885948,144,18084.093004
-62.50706,144,18087.805567
-45.508048,144,18091.525798
-54.4365,144,18095.249297
-94.191006,144,18099.070262
-71.895032,144,18102.835265
-48.280046,144,18106.504562
-51.28795,144,18110.240397
-102.799554,144,18114.066683
-70.570452,144,18117.825106
-45.050532,144,18121.539079
-70.928911,144,18125.284884
-45.54066,144,18129.014381
-39.815875,144,18132.721292
-47.91587,144,18136.434059
-43.475852,144,18140.156231
-52.270665,144,18143.902114
-52.491521,144,18147.566753
-41.013597,144,18151.274616
-55.999614,144,18155.037463
-44.938258,144,18158.795773
-50.701602,144,18162.489939
-56.179632,144,18166.208226
-52.799022,144,18169.935319
-80.714544,144,18173.705378
-57.448556,144,18177.436941
-37.761122,144,18181.16157
-56.176029,144,18184.896529
-73.465491,144,18188.694187
-74.226698,144,18192.484224
-60.424501,144,18196.260203
-64.055131,144,18199.99432
-45.470111,144,18203.756957
-36.339788,144,18207.465654
-52.940361,144,18211.210953
-40.690619,144,18214.939339
-39.143998,144,18218.667064
-46.69692,144,18222.378832
-48.92011,144,18226.084532
-57.084995,144,18229.760171
-40.489024,144,18233.463829
-64.541977,144,18237.16683
-53.741283,144,18240.915058
-73.306331,144,18244.62804
-89.00131,144,18248.422519
-63.614028,144,18252.1497
-46.099524,144,18255.891145
-71.161046,144,18259.623522
-96.540477,144,18263.435949
-62.251719,144,18267.215333
-51.337963,144,18270.978225
-72.383483,144,18274.685603
-45.998801,144,18278.444406
-47.156823,144,18282.197499
-52.549285,144,18285.985195
-44.552334,144,18289.705584
-52.301654,144,18293.500437
-46.199003,144,18297.297368
-41.985708,144,18301.027199
-56.916218,144,18304.789661
-64.923068,144,18308.51391
-58.396328,144,18312.339206
-42.556555,144,18316.085264
-64.846486,144,18319.844495
-74.813247,144,18323.602108
-58.757765,144,18327.345043
-44.525273,144,18331.032348
-59.534758,144,18334.759886
-65.121918,144,18338.536712
-54.44296,144,18342.332098
-51.527817,144,18346.03423
-65.647857,144,18349.797371
-48.304242,144,18353.573491
-40.989104,144,18357.361761
-53.176498,144,18361.075161
-46.204868,144,18364.859357
-46.492447,144,18368.631437
-45.945159,144,18372.42523
-47.549645,144,18376.161957
-55.052663,144,18379.900137
-64.44174,144,18383.640342
-56.446238,144,18387.35374
-44.165903,144,18391.101012
-55.151326,144,18394.826824
-100.486893,144,18398.624244
-61.680229,144,18402.36776
-34.30306,144,18406.091694
-72.745655,144,18409.86756
-77.506352,144,18413.688593
-63.029626,144,18417.407475
-54.432044,144,18421.195444
-84.832968,144,18424.945771
-47.668296,144,18428.685416
-40.751874,144,18432.445893
-68.588704,144,18436.197579
-48.993909,144,18439.956265
-45.258958,144,18443.618544
-49.471276,144,18447.360668
-50.087617,144,18451.08388
-60.014643,144,18454.826704
-50.937049,144,18458.54062
-55.467149,144,18462.2856
-51.410859,144,18466.012263
-49.662598,144,18469.741789
-82.854189,144,18473.556854
-64.572486,144,18477.270915
-40.726915,144,18481.004919
-56.235752,144,18484.742797
-85.446545,144,18488.541199
-75.091367,144,18492.334465
-60.156574,144,18496.126106
-72.203558,144,18499.892865
-46.774531,144,18503.678085
-43.547843,144,18507.39978
-55.936486,144,18511.109581
-49.187757,144,18514.81815
-47.964815,144,18518.546918
-54.865786,144,18522.312261
-50.595349,144,18526.056024
-69.530607,144,18529.837063
-44.580003,144,18533.58321
-68.457806,144,18537.392159
-39.921915,144,18541.100947
-49.403449,144,18544.861395
-77.160066,144,18548.665773
-67.640813,144,18552.491988
-44.867789,144,18556.219085
-58.141852,144,18560.002874
-80.163376,144,18563.792245
-71.288476,144,18567.589865
-66.523562,144,18571.358219
-66.587202,144,18575.079138
-44.197709,144,18578.852687
-49.342295,144,18582.626688
-55.402841,144,18586.362663
-36.944129,144,18590.030315
-42.293123,144,18593.78003
-50.498864,144,18597.488906
-55.74144,144,18601.174612
-55.479394,144,18604.916417
-61.031533,144,18608.631144
-67.960078,144,18612.387744
-50.541664,144,18616.127682
-62.677945,144,18619.849263
-93.607355,144,18623.629041
-51.972902,144,18627.355035
-30.166979,144,18631.096782
-66.784115,144,18634.768098
-87.490406,144,18638.525948
-57.458644,144,18642.25608
-51.90459,144,18645.985865
-71.880144,144,18649.703942
-52.003568,144,18653.440827
-39.755789,144,18657.127959
-50.480368,144,18660.805173
-49.735161,144,18664.49453
-47.695352,144,18668.244813
-46.621368,144,18672.022741
-45.860575,144,18675.725019
-67.025473,144,18679.485966
-41.290091,144,18683.166939
-54.606692,144,18686.889258
-54.146131,144,18690.607507
-65.885712,144,18694.323498
-70.635457,144,18698.041457
-61.438602,144,18701.78145
-40.052065,144,18705.447159
-74.431494,144,18709.281504
-86.296096,144,18713.093505
-58.077606,144,18717.013379
-45.48228,144,18721.023837
-71.363727,144,18725.475952
-52.528983,144,18729.36952
-38.761679,144,18733.683212
-58.63999,144,18737.466086
-49.694116,144,18741.211924
-45.134792,144,18744.933854
-61.806483,144,18748.662032
-40.589261,144,18752.329813
-47.347882,144,18756.005335
-53.337205,144,18759.685808
-50.324367,144,18763.423165
-42.143585,144,18767.079468
-75.184561,144,18770.808219
-98.214739,144,18774.59937
-68.405577,144,18778.31731
-49.228905,144,18782.042269
-65.216979,144,18785.79174
-85.243888,144,18789.531427
-59.566415,144,18793.301075
-45.671722,144,18797.019015
-61.042592,144,18800.746131
-52.771832,144,18804.507807
-44.148477,144,18808.226432
-60.008058,144,18811.943407
-54.450091,144,18815.644071
-51.848377,144,18819.323601
-57.85473,144,18823.073411
-42.407201,144,18826.747774
-63.268893,144,18830.404733
-42.153561,144,18834.129988
-53.80023,144,18838.280033
-43.322859,144,18841.945907
-73.099252,144,18845.689636
-85.238967,144,18849.475093
-67.293658,144,18853.17071
-48.872609,144,18856.932228
-53.074486,144,18860.709396
-81.543459,144,18864.505369
-65.791159,144,18868.292766
-61.233366,144,18872.010489
-68.824851,144,18875.799558
-54.982062,144,18879.478284
-37.03862,144,18883.180435
-62.049708,144,18886.901974
-43.770617,144,18890.655669
-47.93052,144,18894.379585
-58.037281,144,18898.168162
-49.295,144,18901.902324
-65.582598,144,18905.670711
-57.366598,144,18909.39824
-69.039706,144,18913.217158
-39.754982,144,18916.9471
-62.977887,144,18920.650879
-78.233315,144,18924.478698
-55.920754,144,18928.250524
-43.584565,144,18931.994201
-56.436643,144,18935.726167
-85.119772,144,18939.469578
-64.027467,144,18943.274327
-56.343184,144,18947.454141
-70.123143,144,18951.223691
-46.388729,144,18954.959626
-44.372728,144,18958.940908
-58.672346,144,18962.725488
-42.947408,144,18966.473187
-38.805944,144,18970.202408
-47.386793,144,18974.033475
-45.711169,144,18977.754735
-62.274603,144,18981.488231
-52.838219,144,18985.319531
-64.337885,144,18989.105388
-54.530956,144,18992.844741
-68.841392,144,18996.605921
-76.58304,144,19000.396667
-66.468716,144,19004.1674
-36.763078,144,19007.921045
-60.703309,144,19011.58925
-72.404701,144,19015.388738
-59.048772,144,19019.134632
-53.924842,144,19022.934559
-59.395335,144,19026.700129
-51.572307,144,19030.410025
-39.13253,144,19034.128897
-59.124724,144,19037.869974
-48.064914,144,19041.586591
-51.385838,144,19045.3327
-43.066778,144,19049.045149
-36.182913,144,19052.774164
-75.418409,144,19056.62412
-56.315989,144,19060.352505
-55.478557,144,19064.110683
-40.643692,144,19067.801549
-60.868946,144,19071.528012
-78.472103,144,19075.351027
-74.330272,144,19079.133964
-49.203748,144,19082.881298
-46.106641,144,19086.630558
-85.868635,144,19090.462793
-62.518085,144,19094.255753
-51.21473,144,19098.009628
-64.311897,144,19101.793176
-39.627736,144,19105.532769
-47.112102,144,19109.283105
-52.650666,144,19112.988082
-43.45548,144,19116.721745
-43.981122,144,19120.443954
-53.256413,144,19124.158668
-46.728505,144,19127.87528
-54.67617,144,19131.574704
-49.570336,144,19135.234161
-66.332845,144,19138.981218
-46.126211,144,19142.687505
-53.694149,144,19146.441477
-82.453032,144,19150.201961
-68.187357,144,19153.978363
-41.029929,144,19157.677082
-81.479963,144,19161.397253
-67.119867,144,19165.169733
-74.278817,144,19168.964518
-47.119303,144,19172.771358
-73.497351,144,19176.538604
-47.218272,144,19180.297431
-44.250158,144,19183.982272
-59.333546,144,19187.752003
-37.778989,144,19191.449931
-50.182093,144,19195.186791
-47.805116,144,19198.918822
-44.129649,144,19202.627234
-65.463046,144,19206.257736
-56.812059,144,19209.948478
-47.468204,144,19213.658599
-52.180115,144,19217.398036
-55.237555,144,19221.127783
-66.797513,144,19224.920696
-73.737538,144,19228.713562
-41.392095,144,19232.459928
-65.376004,144,19236.192956
-77.068308,144,19239.960573
-53.036294,144,19243.774905
-67.045482,144,19247.547973
-59.723224,144,19251.280392
-56.015616,144,19255.008068
-41.293448,144,19258.785353
-50.696238,144,19262.50944
-56.672346,144,19266.235666
-46.660708,144,19270.002326
-46.061418,144,19273.750391
-55.946177,144,19277.485807
-63.460224,144,19281.200745
-51.985223,144,19284.871475
-60.127112,144,19288.511734
-39.707527,144,19292.195262
-60.858248,144,19295.927723
-71.917594,144,19299.680411
-67.239006,144,19303.409104
-45.826174,144,19307.127125
-43.439342,144,19310.817949
-78.222883,144,19314.5629
-68.749968,144,19318.333405
-59.86513,144,19322.055071
-66.405888,144,19325.817158
-50.557744,144,19329.533049
-39.234611,144,19333.310311
-57.56425,144,19337.109831
-45.686652,144,19340.792603
-45.217779,144,19344.515251
-49.472477,144,19348.230992
-45.667829,144,19351.931195
-55.874369,144,19355.649882
-56.434021,144,19359.357653
-59.809756,144,19363.093236
-58.200298,144,19366.879878
-62.024814,144,19371.038882
-94.483313,144,19374.776575
-75.455879,144,19378.521336
-33.329953,144,19382.210043
-46.040067,144,19385.927392
-79.640813,144,19389.672119
-61.375121,144,19393.421224
-48.271402,144,19397.194474
-61.673356,144,19400.94821
-46.535028,144,19404.673879
-42.087818,144,19408.354624
-54.900311,144,19412.113176
-45.874405,144,19415.841973
-43.753423,144,19419.541236
-43.298417,144,19423.294566
-54.130872,144,19426.987322
-55.527371,144,19430.705197
-50.349331,144,19434.429976
-77.575879,144,19438.133343
-43.456858,144,19441.851315
-55.583256,144,19445.57451
-77.163153,144,19449.355657
-58.834201,144,19453.105418
-34.995048,144,19456.8171
-48.821773,144,19460.574673
-73.952462,144,19464.307543
-72.916136,144,19468.055925
-43.20826,144,19471.786172
-61.791033,144,19475.507746
-53.539966,144,19479.261659
-41.96567,144,19482.985173
-53.20344,144,19486.644411
-43.465416,144,19490.313179
-43.277051,144,19494.008846
-52.564559,144,19497.78501
-38.263878,144,19501.474655
-60.410361,144,19505.239019
-43.57197,144,19509.252517
-62.970426,144,19513.631094
-44.952027,144,19517.924384
-62.869326,144,19522.303929
-79.568865,144,19526.137454
-57.32677,144,19529.821596
-43.31525,144,19533.521643
-51.90906,144,19537.217665
-73.226499,144,19540.93013
-53.685911,144,19544.657543
-53.665264,144,19548.406949
-68.815312,144,19552.182619
-43.13614,144,19555.907732
-36.573579,144,19559.607805
-59.479878,144,19563.281852
-38.573468,144,19567.004657
-43.396395,144,19570.742951
-38.134566,144,19574.415559
-59.965863,144,19578.081652
-57.920578,144,19581.765121
-52.910924,144,19585.464806
-54.767093,144,19589.203874
-45.224198,144,19592.918399
-52.650836,144,19596.683703
-79.499478,144,19600.483229
-57.538829,144,19604.261312
-43.756083,144,19608.11816
-51.49422,144,19612.284113
-84.712612,144,19616.069101
-77.788753,144,19619.886628
-54.965381,144,19623.625803
-74.669812,144,19627.410416
-48.61173,144,19631.123348
-44.818598,144,19634.973373
-53.808348,144,19638.723294
-56.285127,144,19642.444681
-41.977892,144,19646.133632
-45.617553,144,19649.878832
-39.090941,144,19653.568738
-60.673949,144,19657.291954
-61.607256,144,19661.012292
-61.391523,144,19664.760033
-38.966114,144,19668.453712
-68.896231,144,19672.194131
-85.770451,144,19675.966223
-53.357717,144,19679.69118
-39.390229,144,19683.482543
-48.267579,144,19687.195019
-70.68657,144,19690.947208
-66.418466,144,19694.711861
-51.077389,144,19698.466546
-64.676603,144,19702.277224
-45.971731,144,19706.010824
-31.575338,144,19709.700497
-53.382411,144,19713.41993
-51.531146,144,19717.153021
-42.821695,144,19720.829566
-44.095275,144,19724.488971
-37.036355,144,19728.169694
-63.258155,144,19731.917447
-45.365451,144,19735.638837
-58.709697,144,19739.836534
-53.602541,144,19743.578003
-42.862523,144,19747.240445
-91.111058,144,19750.98495
-47.810951,144,19754.692082
-39.57802,144,19758.370975
-46.717624,144,19762.093929
-89.653816,144,19765.90662
-61.303138,144,19769.629302
-69.347766,144,19773.429086
-64.779002,144,19777.199712
-53.70513,144,19780.910383
-50.712321,144,19784.673186
-52.505403,144,19788.37904
-45.031811,144,19792.531552
-58.51933,144,19796.331338
-49.563282,144,19800.12671
-49.32215,144,19803.861907
-63.574906,144,19807.653846
-54.137795,144,19811.439237
-48.223074,144,19815.361732
-46.59021,144,19819.14731
-49.818889,144,19823.009768
-82.74915,144,19826.876679
-78.902795,144,19830.690671
-36.484162,144,19834.38806
-56.527326,144,19838.121464
-90.955448,144,19841.978188
-69.161617,144,19845.782025
-44.299658,144,19849.597448
-63.200404,144,19853.791575
-46.225228,144,19857.503337
-44.204444,144,19861.245635
-50.982305,144,19864.943487
-40.259387,144,19868.690207
-39.633028,144,19872.420398
-50.85729,144,19876.058706
-43.115851,144,19879.737724
-50.708813,144,19883.457223
-54.118912,144,19887.243792
-50.775523,144,19890.893237
-45.002952,144,19894.607763
-57.112054,144,19898.314969
-73.305826,144,19902.140133
-87.11037,144,19905.915123
-49.94577,144,19910.066791
-48.831707,144,19913.746058
-78.318541,144,19917.550099
-54.123383,144,19921.28818
-55.045204,144,19925.032156
-76.130395,144,19928.835517
-58.307085,144,19932.650711
-43.790445,144,19936.406106
-60.729786,144,19940.170263
-51.711278,144,19943.907657
-46.6836,144,19947.674398
-44.362133,144,19951.395635
-41.275892,144,19955.084428
-59.403241,144,19958.77597
-53.364188,144,19962.46883
-53.339718,144,19966.238136
-42.186311,144,19969.969047
-60.808601,144,19973.717445
-75.706902,144,19977.481969
-46.861298,144,19981.189673
-31.131524,144,19984.950749
-54.778394,144,19988.676255
-68.042843,144,19992.433949
-72.102855,144,19996.253308
-46.305597,144,19999.970186
-75.926226,144,20003.713863
-48.051681,144,20007.453801
-48.492686,144,20011.230831
-47.912292,144,20014.947348
-43.745964,144,20018.642783
-48.368942,144,20022.311816
-58.797061,144,20026.099847
-41.56527,144,20029.798244
-52.70659,144,20033.465117
-49.762884,144,20037.210686
-50.484459,144,20040.863163
-58.951349,144,20044.644473
-62.241715,144,20048.304345
-70.954384,144,20052.084708
-67.677356,144,20055.843163
-35.754705,144,20059.603279
-56.33535,144,20063.310226
-63.050079,144,20067.08284
-63.288199,144,20070.784626
-54.15247,144,20074.575582
-63.494669,144,20078.343273
-55.824757,144,20082.010615
-36.940615,144,20085.705864
-52.561614,144,20089.395225
-48.590584,144,20093.124339
-41.537319,144,20096.811438
-52.377789,144,20100.566544
-43.609923,144,20104.318017
-67.697215,144,20108.022606
-50.771446,144,20111.69504
-61.5084,144,20115.429299
-47.13147,144,20119.138981
-56.560197,144,20122.865006
-78.256623,144,20126.567208
-64.161337,144,20130.311292
-32.763817,144,20134.099159
-51.056348,144,20137.797949
-81.506539,144,20141.530037
-66.300977,144,20145.388193
-48.706097,144,20149.146388
-79.099053,144,20152.927319
-39.942523,144,20156.65817
-39.519501,144,20160.392848
-56.345946,144,20164.105967
-53.147611,144,20167.814669
-36.886945,144,20171.538227
-44.034862,144,20175.218122
-43.418598,144,20178.903317
-66.220043,144,20182.656132
-52.678688,144,20186.343969
-63.916255,144,20190.053219
-43.437129,144,20193.800878
-56.518653,144,20197.536144
-81.819319,144,20201.315522
-64.528697,144,20205.102341
-42.188189,144,20208.772082
-56.146571,144,20212.484575
-89.481597,144,20216.321044
-64.552963,144,20220.071138
-54.411901,144,20223.816445
-62.645037,144,20227.610617
-50.609309,144,20231.376655
-44.044158,144,20235.128873
-55.96213,144,20238.87797
-49.408686,144,20242.570739
-39.997184,144,20246.2787
-45.074259,144,20250.026152
-46.47479,144,20253.693221
-65.956135,144,20257.422729
-44.821937,144,20261.145818
-56.474265,144,20264.893373
-33.898239,144,20268.581445
-55.396642,144,20272.345181
-85.623737,144,20276.181733
-64.263458,144,20279.93902
-40.515127,144,20283.647197
-44.096846,144,20287.390965
-71.458259,144,20291.186415
-67.427085,144,20294.99251
-50.314405,144,20298.762556
-64.049939,144,20302.545023
-49.923379,144,20306.294446
-38.299575,144,20310.00315
-56.117333,144,20313.756042
-42.361713,144,20317.425833
-46.402473,144,20321.150599
-46.321566,144,20324.898112
-42.730892,144,20328.660252
-58.393618,144,20332.394182
-48.736962,144,20336.12046
-58.554412,144,20339.843723
-53.211883,144,20343.627058
-51.037868,144,20347.434715
-84.754387,144,20351.254871
-57.852458,144,20354.985819
-37.539991,144,20358.718769
-53.234617,144,20362.438287
-78.478899,144,20366.263381
-58.304164,144,20370.012499
-60.225671,144,20373.797082
-66.900677,144,20377.612447
-50.893434,144,20381.410202
-32.959268,144,20385.149911
-53.325611,144,20388.835952
-43.691259,144,20392.541377
-52.888849,144,20396.282016
-48.8008,144,20399.977774
-58.552928,144,20403.695984
-56.673074,144,20407.449564
-44.599072,144,20411.171708
-64.541368,144,20414.902556
-46.112817,144,20418.621966
-64.565079,144,20422.368977
-76.841188,144,20426.13725
-60.201114,144,20429.833421
-41.129463,144,20433.569251
-42.473354,144,20437.275872
-78.005228,144,20441.078091
-64.769916,144,20444.814173
-49.630352,144,20448.563624
-62.322889,144,20452.263904
-51.013632,144,20455.919695
-39.321239,144,20459.650239
-54.343836,144,20463.404993
-63.5828,144,20467.138192
-45.67249,144,20470.816286
-52.967701,144,20474.58949
-49.230708,144,20478.30735
-51.795475,144,20481.966503
-38.250415,144,20485.664823
-56.998308,144,20489.399267
-39.887048,144,20493.12434
-56.057843,144,20496.831431
-70.201971,144,20500.596889
-73.109449,144,20504.360848
-38.2361,144,20508.160697
-53.805627,144,20511.898968
-68.6057,144,20515.71186
-69.84899,144,20520.125199
-46.533247,144,20524.052238
-71.063008,144,20528.014719
-46.341282,144,20532.327522
-33.101161,144,20536.149981
-62.791796,144,20539.862441
-42.393313,144,20543.600127
-38.967621,144,20547.351748
-41.092164,144,20551.053801
-50.961322,144,20554.747627
-53.839915,144,20558.380916
-47.287498,144,20562.075996
-55.693545,144,20565.824085
-39.907811,144,20569.500954
-63.780385,144,20573.700307
-64.509651,144,20577.47634
-59.368655,144,20581.209049
-42.06375,144,20584.901165
-50.272912,144,20588.631695
-101.753262,144,20592.399219
-56.632457,144,20596.0825
-44.819074,144,20599.795801
-60.315895,144,20603.561544
-51.470623,144,20607.304373
-38.586719,144,20611.004806
-55.946815,144,20614.717269
-46.740134,144,20618.441819
-37.991303,144,20622.173045
-40.722816,144,20625.878271
-43.015182,144,20629.58719
-51.538232,144,20633.347797
-63.567966,144,20637.051779
-57.870555,144,20640.755862
-46.985103,144,20644.509948
-55.601738,144,20648.259876
-89.809324,144,20652.063457
-81.955945,144,20655.846461
-38.547969,144,20659.589634
-52.86755,144,20663.373977
-87.831237,144,20667.142994
-62.829534,144,20670.927165
-61.597627,144,20674.751455
-72.636962,144,20678.441279
-53.979566,144,20682.119797
-45.623163,144,20685.828783
-63.505828,144,20689.623568
-46.21988,144,20693.3384
-50.193158,144,20697.040722
-48.728965,144,20700.75733
-38.600083,144,20704.452771
-53.22029,144,20708.195898
-45.305045,144,20711.993276
-62.324799,144,20716.197227
-46.850132,144,20719.946722
-68.646806,144,20723.672225
-89.454198,144,20727.450634
-68.950718,144,20731.175614
-36.357162,144,20734.915977
-63.671737,144,20738.719598
-76.750644,144,20742.470634
-56.146919,144,20746.23509
-48.952115,144,20749.949681
-64.936418,144,20753.697173
-45.100286,144,20757.432357
-42.030992,144,20761.193249
-64.707405,144,20764.898061
-43.201212,144,20768.607073
-38.090061,144,20772.354203
-58.965283,144,20776.092393
-40.519833,144,20779.768888
-54.664056,144,20783.889686
-58.83155,144,20787.616267
-53.7507,144,20791.34395
-45.610712,144,20795.017987
-60.433329,144,20798.690876
-98.340285,144,20802.466117
-64.597115,144,20806.200208
-42.767771,144,20809.887348
-54.54946,144,20813.610165
-86.866643,144,20817.395931
-58.085617,144,20821.607105
-52.011454,144,20825.350034
-67.605074,144,20829.105441
-52.582763,144,20832.821625
-39.747304,144,20836.577582
-54.960509,144,20840.346692
-47.579934,144,20844.176646
-38.087711,144,20848.37325
-47.303054,144,20852.078208
-41.593602,144,20855.760855
-54.232611,144,20859.54383
-50.490978,144,20863.305784
-57.357173,144,20867.153653
-45.604443,144,20870.889861
-56.927286,144,20874.582953
-73.174923,144,20878.325828
-60.36423,144,20882.105334
-42.120464,144,20886.317209
-54.416902,144,20890.239851
-81.773387,144,20894.183955
-52.584914,144,20898.253441
-56.262313,144,20901.998441
-63.691881,144,20905.740773
-46.087486,144,20909.502352
-35.982212,144,20913.236413
-62.578998,144,20917.004084
-44.780499,144,20920.754245
-30.152036,144,20924.444849
-47.075262,144,20928.184008
-43.404764,144,20931.927009
-61.823311,144,20935.64915
-57.93557,144,20939.422121
-50.532677,144,20943.431071
-45.557068,144,20947.475441
-47.94649,144,20951.36352
-74.549905,144,20955.732449
-61.108812,144,20959.936575
-35.175571,144,20964.473666
-58.999585,144,20969.062039
-60.249899,144,20973.308742
-58.140995,144,20977.933361
-39.29316,144,20982.037495
-59.603243,144,20986.26408
-48.405242,144,20990.404639
-35.371125,144,20994.805108
-63.258581,144,20998.937406
-48.018572,144,21003.115566
-45.330204,144,21007.3307
-45.211889,144,21011.178246
-50.042037,144,21014.953489
-63.589681,144,21018.705008
-52.441453,144,21022.397936
-56.729356,144,21026.170702
-47.293665,144,21029.901031
-45.390268,144,21033.649374
-83.427991,144,21037.393073
-66.635593,144,21041.103666
-40.955892,144,21044.826492
-66.957629,144,21048.585425
-69.551234,144,21052.355564
-56.634484,144,21056.139624
-49.622557,144,21059.909719
-63.673004,144,21063.687443
-49.212113,144,21067.45209
-41.929061,144,21071.182565
-48.780474,144,21074.872737
-40.115301,144,21078.600648
-48.942213,144,21082.368946
-51.647119,144,21086.106414
-40.233638,144,21089.827423
-63.787822,144,21093.557774
-45.895982,144,21097.252681
-54.059264,144,21100.98419
-43.615421,144,21104.693858
-48.722819,144,21108.43962
-73.191009,144,21112.219502
-62.819272,144,21115.982074
-45.745626,144,21119.731143
-61.057258,144,21123.423543
-76.404555,144,21127.186955
-61.479634,144,21130.934946
-55.649662,144,21135.104299
-61.43265,144,21138.883863
-49.55471,144,21142.579271
-41.219819,144,21146.288254
-58.189965,144,21150.002086
-46.260516,144,21153.708811
-37.943759,144,21157.4288
-47.231756,144,21161.115773
-46.40616,144,21164.806308
-61.745156,144,21168.52613
-52.562293,144,21172.317191
-69.86303,144,21176.01852
-43.526837,144,21179.766748
-53.405954,144,21183.490264
-72.779244,144,21187.266901
-75.422926,144,21191.09213
-46.124123,144,21194.824418
-46.763729,144,21198.52635
-96.421474,144,21202.399799
-58.311314,144,21206.175352
-43.666946,144,21209.957249
-70.435697,144,21213.714961
-41.588466,144,21217.458323
-41.14841,144,21221.595091
-51.996791,144,21225.297871
-39.992155,144,21229.037645
-48.996332,144,21232.735612
-46.453201,144,21236.492879
-40.987557,144,21240.219251
-57.680108,144,21243.973769
-47.545822,144,21247.700944
-63.631044,144,21251.653812
-42.189517,144,21255.39124
-47.903573,144,21259.122735
-83.359212,144,21262.900492
-54.663813,144,21266.67107
-40.152154,144,21270.400856
-56.223933,144,21274.127114
-88.834938,144,21277.91252
-70.81352,144,21281.717654
-47.60399,144,21285.436496
-69.545569,144,21289.770376
-56.096088,144,21294.082998
-40.471216,144,21297.959681
-50.839057,144,21301.866353
-47.191754,144,21305.663488
-38.95538,144,21309.395173
-56.359956,144,21313.196607
-47.629554,144,21316.925419
-59.84877,144,21320.702556
-43.572,144,21324.436643
-50.25108,144,21328.205318
-48.534138,144,21331.93937
-69.986178,144,21335.714092
-72.558544,144,21339.598611
-62.95046,144,21343.856551
-65.180134,144,21347.825062
-70.135306,144,21351.598598
-70.163731,144,21355.419136
-65.360642,144,21359.273967
-65.907501,144,21363.045185
-63.897554,144,21366.817176
-55.230258,144,21370.594574
-32.901666,144,21374.339733
-49.930014,144,21378.09388
-45.101875,144,21381.816209
-41.836918,144,21385.523617
-44.50625,144,21389.256304
-44.058832,144,21392.966462
-65.369346,144,21396.738234
-59.385689,144,21400.44443
-48.29085,144,21404.159067
-43.336122,144,21407.951086
-49.036984,144,21411.658383
-69.966657,144,21415.480526
-62.988638,144,21419.402828
-34.959835,144,21423.297646
-46.024536,144,21427.162561
-104.478208,144,21431.151136
-59.842185,144,21434.994013
-57.624423,144,21438.755984
-66.557071,144,21442.471225
-43.218906,144,21446.217147
-33.571906,144,21449.934566
-55.716372,144,21453.602937
-37.703623,144,21457.312562
-51.65197,144,21461.05794
-46.081994,144,21464.768779
-42.283583,144,21468.505815
-64.147308,144,21472.219666
-48.387147,144,21475.913394
-51.210693,144,21479.685984
-41.539628,144,21483.397417
-60.259845,144,21487.151981
-79.947211,144,21490.931308
-64.749271,144,21494.711641
-36.843773,144,21498.446566
-57.904161,144,21502.281559
-80.304766,144,21506.081479
-73.207452,144,21509.855454
-46.069273,144,21513.637614
-73.591354,144,21517.363514
-49.391206,144,21521.142635
-32.192158,144,21524.877375
-53.802056,144,21528.61755
-43.823306,144,21532.417873
-35.160504,144,21536.160957
-45.062916,144,21539.872829
-46.119332,144,21543.543315
-59.947537,144,21547.252961
-47.36584,144,21550.933758
-50.326458,144,21554.630552
-57.109383,144,21558.742877
-50.7217,144,21562.517488
-80.02355,144,21566.294705
-60.011312,144,21570.045797
-42.446179,144,21573.749108
-54.02439,144,21577.511484
-77.226668,144,21581.299205
-73.819635,144,21585.094848
-50.192821,144,21588.915805
-56.129819,144,21592.706322
-40.702821,144,21596.419204
-55.782746,144,21600.168139
-58.633017,144,21603.881972
-46.910213,144,21607.573833
-45.793878,144,21611.330089
-48.909115,144,21615.139012
-50.101578,144,21619.294464
-58.859091,144,21623.023223
-36.567321,144,21626.725416
-51.144325,144,21630.53765
-49.865967,144,21634.225545
-56.2903,144,21637.917305
-64.749366,144,21641.712133
-70.030298,144,21645.448059
-36.364469,144,21649.176101
-41.42363,144,21652.85288
-74.509726,144,21656.632121
-54.791036,144,21660.380038
-52.358977,144,21664.156652
-64.541724,144,21667.925594
-49.274571,144,21671.645397
-40.463199,144,21675.442292
-56.289117,144,21679.259845
-42.2095,144,21682.959803
-35.513569,144,21686.716268
-48.270982,144,21690.546414
-36.145038,144,21694.228492
-53.56199,144,21697.96373
-42.159248,144,21701.715267
-51.306783,144,21705.467044
-40.608934,144,21709.202127
-57.99091,144,21712.913223
-66.102627,144,21716.694095
-44.692603,144,21720.446447
-47.697787,144,21724.197629
-66.909333,144,21727.965584
-66.767031,144,21731.688344
-62.02311,144,21735.44759
-49.213676,144,21739.206516
-63.835155,144,21742.9099
-41.225277,144,21746.594648
-35.501248,144,21750.297636
-56.571107,144,21754.056933
-41.304536,144,21757.744121
-45.617765,144,21761.491637
-52.523916,144,21765.217478
-42.987245,144,21768.902438
-57.659482,144,21772.631398
-50.179338,144,21776.332177
-46.619817,144,21780.052878
-40.675145,144,21783.758202
-54.605073,144,21787.520815
-77.524459,144,21791.307244
-53.681028,144,21795.026975
-30.848491,144,21798.768328
-59.159501,144,21802.506394
-69.49362,144,21806.389712
-58.5727,144,21810.125586
-45.19115,144,21813.915466
-64.437855,144,21817.819054
-47.155624,144,21821.643942
-31.095225,144,21825.367889
-57.880426,144,21829.089524
-41.297922,144,21832.81881
-41.146631,144,21836.54956
-39.917956,144,21840.279142
-47.61227,144,21843.980819
-57.771312,144,21847.769631
-58.62824,144,21851.522496
-57.852367,144,21855.265891
-39.879708,144,21858.960938
-58.766198,144,21862.647116
-80.711606,144,21866.407719
-60.332407,144,21870.106165
-36.777447,144,21873.81536
-51.491591,144,21877.576371
-89.479911,144,21881.378753
-52.659065,144,21885.144001
-46.929244,144,21888.96769
-66.685845,144,21893.352054
-45.627851,144,21897.259454
-33.522443,144,21901.147175
-55.317715,144,21904.998784
-38.120242,144,21909.137543
-37.648013,144,21912.880624
-47.728936,144,21916.554973
-45.881157,144,21920.261821
-53.984768,144,21924.000083
-41.999768,144,21927.704615
-53.916879,144,21931.393371
-47.800399,144,21935.111047
-54.164301,144,21938.847999
-78.109185,144,21942.664513
-59.33882,144,21946.376164
-60.367002,144,21950.162205
-54.289356,144,21953.912476
-70.599612,144,21957.690917
-61.192251,144,21961.487176
-54.538349,144,21965.273422
-79.568399,144,21969.075453
-50.299662,144,21972.844929
-39.009559,144,21976.591811
-47.868919,144,21980.29519
-40.065325,144,21984.037781
-42.173901,144,21987.718246
-40.671665,144,21991.45369
-42.271297,144,21995.141183
-55.188095,144,21998.856622
-47.646464,144,22002.539337
-57.902686,144,22006.219981
-32.758514,144,22009.882443
-49.904967,144,22013.65066
-77.431115,144,22017.413329
-61.661508,144,22021.131202
-33.164575,144,22024.814286
-51.733877,144,22028.487943
-81.901518,144,22032.283686
-57.583957,144,22036.080123
-41.161211,144,22039.785604
-63.890459,144,22043.538966
-47.620949,144,22047.19201
-29.595388,144,22050.901029
-50.247588,144,22054.598996
-32.830908,144,22058.287473
-46.45283,144,22062.011483
-42.126694,144,22065.728286
-42.266204,144,22069.437223
-53.393023,144,22073.156572
-50.694638,144,22076.986625
-51.243586,144,22080.758782
-42.844017,144,22084.471201
-50.835713,144,22088.185978
-70.381451,144,22091.941036
-62.686172,144,22095.694421
-37.104519,144,22099.428734
-45.020035,144,22103.161578
-73.771347,144,22106.905679
-60.969632,144,22110.637266
-41.240058,144,22114.363508
-64.470524,144,22118.103058
-44.854677,144,22121.814778
-47.949899,144,22125.525984
-54.47247,144,22129.214576
-42.718992,144,22132.923971
-49.796932,144,22136.680602
-45.473503,144,22140.400846
-36.706282,144,22144.092266
-54.748706,144,22147.793842
-47.332707,144,22151.510959
-59.395836,144,22155.30045
-45.550714,144,22159.012415
-48.031336,144,22162.698273
-72.657888,144,22166.433825
-66.375807,144,22170.168129
-45.394909,144,22173.930316
-56.217813,144,22177.713599
-70.782066,144,22181.457486
-75.208217,144,22185.248968
-42.618408,144,22188.973441
-60.678555,144,22192.752536
-39.799257,144,22196.475543
-41.219936,144,22200.20425
-52.644022,144,22203.884039
-41.179233,144,22207.633931
-40.538101,144,22211.335164
-44.545554,144,22215.063724
-39.416914,144,22218.747852
-50.726282,144,22222.428001
-40.177079,144,22226.178352
-58.292965,144,22229.934145
-46.035881,144,22233.652233
-47.127084,144,22237.329175
-75.481071,144,22241.091304
-62.873351,144,22244.791096
-36.839268,144,22248.500543
-51.839289,144,22252.219672
-77.394712,144,22255.95268
-72.376862,144,22259.717086
-45.298173,144,22263.456938
-55.453377,144,22267.174762
-49.609032,144,22270.909679
-30.641292,144,22274.554586
-54.714559,144,22278.229705
-47.258919,144,22281.972612
-56.290344,144,22285.702136
-40.760547,144,22289.42765
-44.585216,144,22293.157979
-56.239656,144,22296.931183
-50.582523,144,22300.656183
-49.475687,144,22304.409471
-46.573619,144,22308.198768
-54.803476,144,22311.942337
-81.781563,144,22315.766246
-41.046999,144,22319.672795
-38.230087,144,22323.578571
-48.452289,144,22327.454063
-62.770804,144,22331.75293
-45.787937,144,22335.535225
-52.753035,144,22339.335865
-61.381322,144,22343.045891
-48.367261,144,22346.755313
-40.168054,144,22350.43942
-56.521258,144,22354.174763
-37.170956,144,22357.901065
-37.001749,144,22361.547889
-46.969896,144,22365.329109
-32.57723,144,22368.970076
-57.157834,144,22372.754267
-42.586944,144,22376.467242
-48.594559,144,22380.257853
-47.122966,144,22384.024374
-47.325576,144,22387.725518
-62.454302,144,22391.46344
-69.159,144,22395.272985
-40.537617,144,22398.998332
-56.124068,144,22402.76069
-72.850246,144,22406.527914
-71.568056,144,22410.322447
-51.692351,144,22414.078231
-69.331443,144,22418.276226
-36.48226,144,22421.958482
-37.801113,144,22425.662568
-50.682826,144,22429.355633
-36.465621,144,22433.039152
-33.570761,144,22436.725559
-53.83738,144,22440.435977
-36.57133,144,22444.126592
-53.858148,144,22447.91077
-41.687633,144,22451.656048
-48.986223,144,22455.373731
-41.795788,144,22459.001945
-49.042145,144,22462.715984
-67.975853,144,22466.481452
-56.756915,144,22470.233287
-39.668647,144,22473.953168
-43.107849,144,22477.695593
-86.411889,144,22481.560247
-62.325113,144,22485.310623
-46.483316,144,22489.092014
-75.84765,144,22492.822531
-43.191933,144,22496.54916
-35.472102,144,22500.228481
-49.004199,144,22503.98744
-46.655792,144,22507.765138
-45.676323,144,22511.980927
-45.080954,144,22515.726832
-41.259692,144,22519.417214
-50.3191,144,22523.155841
-56.592061,144,22526.879956
-56.009479,144,22530.581885
-39.330943,144,22534.303143
-52.377271,144,22538.051603
-89.459165,144,22541.861293
-49.381719,144,22545.576624
-46.939206,144,22549.293423
-54.059889,144,22553.008536
-87.022566,144,22556.833844
-61.90803,144,22560.762302
-44.615807,144,22564.518599
-55.743725,144,22568.320909
-44.777551,144,22572.142263
-39.153784,144,22575.883668
-49.61561,144,22579.607909
-34.314629,144,22583.327094
-37.460728,144,22586.954124
-51.304216,144,22590.752237
-42.131056,144,22594.451846
-53.934673,144,22598.203387
-37.025309,144,22601.889967
-49.22587,144,22605.609608
-55.084062,144,22609.321388
-60.198893,144,22613.084881
-64.609009,144,22616.80623
-63.081102,144,22620.566206
-35.567883,144,22624.22358
-57.495447,144,22627.940018
-101.550695,144,22631.682615
-69.25116,144,22635.458075
-63.577591,144,22639.253873
-66.280439,144,22642.98653
-44.871073,144,22646.73254
-48.998169,144,22650.492148
-66.30846,144,22654.210966
-43.621024,144,22657.911591
-33.098084,144,22661.620848
-44.050584,144,22665.383937
-42.228285,144,22669.095131
-65.123197,144,22672.837644
-54.267089,144,22676.529905
-53.569343,144,22680.270783
-43.345698,144,22683.982671
-70.030757,144,22687.739681
-62.502477,144,22691.472852
-47.318005,144,22695.169682
-33.244632,144,22698.908583
-51.781428,144,22702.671914
-73.303822,144,22706.423095
-51.771227,144,22710.219063
-48.302607,144,22713.925166
-68.267224,144,22717.677602
-43.237208,144,22721.411396
-38.091396,144,22725.173561
-54.581333,144,22728.885813
-39.901093,144,22732.567593
-37.990182,144,22736.303837
-45.461901,144,22739.998752
-43.08809,144,22743.714609
-54.034196,144,22747.431934
-41.027558,144,22751.140528
-58.773242,144,22754.89683
-40.553967,144,22758.603674
-61.341259,144,22762.310828
-73.531436,144,22766.028471
-74.670034,144,22769.745249
-54.638995,144,22773.508521
-53.026579,144,22777.212441
-84.865744,144,22780.952658
-61.58643,144,22784.730053
-51.247701,144,22788.428054
-57.595982,144,22792.222326
-41.098688,144,22795.933627
-41.195357,144,22799.657379
-60.622605,144,22803.403666
-50.90834,144,22807.180336
-39.782343,144,22810.810127
-41.749402,144,22814.542061
-51.600667,144,22818.244989
-52.850393,144,22822.01647
-44.614632,144,22825.722299
-44.892511,144,22829.467937
-40.507175,144,22833.162303
-55.479154,144,22836.915009
-79.505466,144,22840.646994
-59.487791,144,22844.38321
-41.010029,144,22848.066857
-56.405099,144,22851.768866
-70.382782,144,22855.559293
-56.220538,144,22859.351341
-49.745206,144,22863.102298
-61.357199,144,22866.875939
-46.747331,144,22870.611481
-36.448428,144,22874.342218
-49.422609,144,22878.065649
-42.159359,144,22882.16364
-40.572881,144,22885.861274
-53.753885,144,22889.622467
-38.635955,144,22893.297632
-56.250626,144,22896.99108
-42.26804,144,22901.109172
-55.109561,144,22904.78555
-36.563396,144,22908.444019
-50.490993,144,22912.182189
-76.246966,144,22915.950525
-63.860089,144,22919.739195
-40.361199,144,22923.436853
-55.409328,144,22927.158646
-75.562637,144,22930.931319
-64.881072,144,22934.679946
-49.797307,144,22938.413664
-60.196226,144,22942.161291
-47.547457,144,22945.852972
-39.324765,144,22949.553585
-49.260251,144,22953.285397
-43.301361,144,22957.022906
-51.774304,144,22960.719594
-54.812702,144,22964.448663
-40.098152,144,22968.541791
-59.604519,144,22972.257404
-44.753735,144,22975.928349
-50.386347,144,22979.673871
-49.467797,144,22983.373465
-50.222113,144,22987.081798
-75.653735,144,22990.91299
-65.096884,144,22994.676374
-36.945366,144,22998.406179
-63.813465,144,23002.205705
-80.070683,144,23005.960228
-61.511061,144,23009.721636
-48.657035,144,23013.450867
-62.76967,144,23017.222112
-44.788454,144,23020.913708
-40.915776,144,23024.622057
-49.655368,144,23028.304478
-47.122514,144,23032.023147
-44.951536,144,23035.747334
-47.801114,144,23039.500107
-35.186555,144,23043.190681
-54.822434,144,23046.897784
-59.738994,144,23050.621586
-56.850702,144,23054.376504
-45.422624,144,23058.081266
-56.222251,144,23061.796741
-74.2205,144,23065.497179
-62.812334,144,23069.176209
-35.337222,144,23072.895508
-59.73038,144,23076.598975
-84.670715,144,23080.443934
-51.070834,144,23084.204053
-48.270346,144,23087.955854
-76.339275,144,23091.712857
-40.857132,144,23095.41518
-30.148612,144,23099.108043
-69.573522,144,23102.823704
-41.416997,144,23106.546646
-45.351538,144,23110.259149
-51.031307,144,23113.964704
-50.982783,144,23117.634067
-66.865776,144,23121.300007
-66.827391,144,23125.025247
-57.92628,144,23128.741414
-48.081306,144,23132.386611
-53.736009,144,23136.116636
-84.774707,144,23139.871652
-60.5165,144,23143.623546
-40.739226,144,23147.289269
-64.678815,144,23151.044719
-71.875499,144,23154.816896
-53.460352,144,23158.600467
-57.800524,144,23162.338991
-61.195325,144,23166.049954
-52.563543,144,23169.775064
-34.130411,144,23173.624138
-56.072994,144,23177.487414
-42.129488,144,23181.706147
-38.610878,144,23185.575104
-51.507942,144,23189.336189
-40.476448,144,23192.99305
-59.78217,144,23196.738089
-50.929459,144,23200.456939
-59.41447,144,23204.229841
-46.253956,144,23207.919239
-54.262944,144,23211.686514
-79.420701,144,23215.477315
-52.15642,144,23219.232671
-36.790176,144,23223.006555
-45.594159,144,23226.703393
-74.512842,144,23230.459722
-52.547041,144,23234.231667
-46.400884,144,23237.953027
-61.438995,144,23241.724936
-44.867902,144,23245.454243
-40.064443,144,23249.217535
-51.525535,144,23252.98051
-42.100277,144,23256.678205
-50.079267,144,23260.410065
-54.634701,144,23264.177704
-46.606979,144,23267.863956
-49.833993,144,23271.628228
-55.506592,144,23275.337982
-67.204403,144,23279.495926
-53.624792,144,23283.203279
-56.374775,144,23286.960431
-61.34847,144,23290.675804
-68.273575,144,23294.39077
-34.978306,144,23298.080922
-66.678785,144,23301.818416
-65.756251,144,23305.530426
-62.147895,144,23309.2496
-49.151683,144,23312.979883
-65.439414,144,23316.763949
-45.015994,144,23320.519649
-35.644994,144,23324.190833
-57.374651,144,23327.913644
-36.021173,144,23331.628323
-42.031713,144,23335.330043
-47.495998,144,23339.056368
-42.266107,144,23342.711925
-55.699764,144,23346.44216
-47.672342,144,23350.172833
-53.699477,144,23353.96985
-43.315639,144,23357.711129
-48.036005,144,23361.408094
-77.574843,144,23365.159051
-63.000158,144,23368.93028
-47.482194,144,23372.657676
-54.499655,144,23376.432569
-93.219379,144,23380.226159
-61.433741,144,23384.063562
-60.18539,144,23388.301503
-73.236654,144,23392.112015
-43.733395,144,23395.841801
-33.216924,144,23399.567578
-56.884064,144,23403.23207
-46.019783,144,23406.975966
-44.284782,144,23410.721704
-43.509145,144,23414.472384
-45.900878,144,23418.200235
-61.214988,144,23421.935337
-53.731563,144,23425.619297
-61.697871,144,23429.34027
-48.466381,144,23432.987512
-49.43242,144,23436.754422
-63.26761,144,23440.512107
-59.51052,144,23444.253393
-40.022121,144,23448.09106
-50.155187,144,23452.214401
-78.867047,144,23456.014106
-52.132872,144,23459.779946
-56.293614,144,23463.543583
-64.723509,144,23467.27561
-40.526684,144,23471.415734
-39.130627,144,23475.151734
-51.223673,144,23478.824824
-42.741104,144,23482.558877
-39.956825,144,23486.273149
-52.330632,144,23489.950644
-43.229559,144,23493.720891
-63.7633,144,23497.45582
-42.870104,144,23501.140146
-51.557535,144,23504.860378
-37.660532,144,23508.559515
-71.598316,144,23512.295979
-72.881253,144,23516.046453
-60.169094,144,23519.807127
-39.740815,144,23523.505763
-48.051602,144,23527.248897
-73.037786,144,23531.037994
-53.588595,144,23534.748619
-56.631146,144,23538.513113
-68.87474,144,23542.311301
-48.99389,144,23546.003286
-38.627964,144,23549.737803
-53.335741,144,23553.452485
-39.907796,144,23557.168194
-44.697476,144,23560.901076
-41.491957,144,23564.649157
-39.963934,144,23568.355855
-54.648934,144,23572.054141
-51.933852,144,23575.796546
-57.148177,144,23579.575104
-38.429628,144,23583.297594
-45.312887,144,23587.043011
-75.84163,144,23590.876319
-63.394701,144,23594.655362
-31.458231,144,23598.34234
-59.291671,144,23602.131766
-76.834834,144,23605.848225
-53.123672,144,23609.618944
-41.478164,144,23613.314009
-68.604692,144,23617.080263
-54.62688,144,23620.797847
-41.045181,144,23624.572052
-56.623721,144,23628.242489
-40.125952,144,23631.892751
-34.27882,144,23635.585718
-43.066866,144,23639.309433
-43.447373,144,23642.974776
-52.721385,144,23646.671682
-54.282948,144,23650.394603
-50.856685,144,23654.089655
-46.303126,144,23657.817277
-51.777937,144,23661.58935
-78.368181,144,23665.371642
-62.042163,144,23669.0977
-34.083058,144,23672.774785
-56.648652,144,23676.52244
-77.895847,144,23680.318074
-52.748318,144,23684.067878
-47.39608,144,23687.866554
-65.004176,144,23691.633985
-48.724723,144,23695.383161
-33.787521,144,23699.097036
-51.717815,144,23702.869006
-42.376727,144,23706.587449
-43.608047,144,23710.292159
-45.232089,144,23714.07919
-42.96237,144,23717.791731
-52.835518,144,23721.96841
-51.562168,144,23725.688619
-55.403814,144,23729.4402
-49.403634,144,23733.188905
-61.909502,144,23736.921644
-72.187254,144,23740.720184
-68.759631,144,23744.483623
-36.417599,144,23748.214012
-60.737014,144,23751.938624
-70.093499,144,23755.72691
-55.414544,144,23759.503404
-44.068939,144,23763.27959
-59.422967,144,23767.091844
-50.075638,144,23770.902667
-37.951147,144,23774.639369
-58.826375,144,23778.349486
-48.528021,144,23782.09949
-39.757931,144,23785.869678
-45.574229,144,23789.581464
-46.459323,144,23793.279294
-52.975544,144,23796.988167
-43.440745,144,23800.720779
-54.389223,144,23804.479836
-42.192133,144,23808.24949
-63.438866,144,23812.000649
-77.567102,144,23815.768107
-58.218138,144,23819.498372
-41.208589,144,23823.309168
-55.793786,144,23827.044893
-69.293609,144,23830.786411
-62.648706,144,23834.550612
-53.586818,144,23838.299838
-58.958696,144,23842.030495
-50.988125,144,23845.743852
-29.398083,144,23849.388797
-54.986608,144,23853.102579
-45.346758,144,23856.834934
-41.693775,144,23860.523785
-39.539322,144,23864.190474
-42.706971,144,23867.835517
-60.761025,144,23871.530257
-38.248651,144,23875.209758
-54.44617,144,23878.91713
-42.807367,144,23882.650153
-61.935934,144,23886.426047
-76.736537,144,23890.210833
-56.470479,144,23893.956514
-35.497186,144,23897.649748
-56.266514,144,23901.394195
-77.98742,144,23905.198864
-60.622329,144,23908.927569
-53.34276,144,23912.673614
-67.004764,144,23916.453118
-47.65293,144,23920.189207
-38.341644,144,23923.906615
-53.926047,144,23927.644158
-39.206447,144,23931.382305
-37.994664,144,23935.119707
-38.629782,144,23938.846584
-37.503777,144,23942.560941
-61.548916,144,23946.29677
-48.408861,144,23949.988517
-51.666074,144,23953.722814
-41.075188,144,23957.416136
-54.596873,144,23961.19103
-79.330475,144,23964.984051
-60.147951,144,23968.75118
-40.79571,144,23972.513176
-58.619032,144,23976.254748
-77.861415,144,23980.055012
-58.784331,144,23983.855114
-45.469718,144,23987.637721
-61.783302,144,23991.365189
-46.34109,144,23995.12037
-29.965461,144,23998.818056
-63.44195,144,24002.549903
-56.899835,144,24006.307254
-42.71889,144,24010.006524
-45.950761,144,24013.806491
-39.912464,144,24017.530441
-51.934016,144,24021.291813
-55.828014,144,24025.037601
-53.671303,144,24028.770366
-37.737941,144,24032.469221
-43.535728,144,24036.164405
-73.306221,144,24039.97416
-58.290359,144,24043.730744
-26.806207,144,24047.478097
-41.994529,144,24051.276775
-75.201477,144,24055.071904
-54.659985,144,24058.871669
-48.203626,144,24062.6046
-68.08893,144,24066.337609
-50.337131,144,24070.052438
-41.14188,144,24073.757713
-58.584482,144,24077.538913
-40.512894,144,24081.269044
-39.826905,144,24085.026963
-45.911999,144,24088.778199
-40.594121,144,24092.509165
-46.25805,144,24096.242236
-56.217993,144,24099.949916
-47.973838,144,24104.123541
-36.661673,144,24107.937027
-49.357537,144,24112.162569
-71.927118,144,24115.942975
-63.866088,144,24119.896696
-35.243301,144,24124.147151
-55.222217,144,24127.992661
-71.814354,144,24131.900745
-51.071474,144,24135.739012
-41.313746,144,24139.463768
-63.322849,144,24143.215704
-49.571796,144,24146.931385
-30.450598,144,24150.60107
-62.62583,144,24154.327532
-45.130404,144,24158.007342
-37.41981,144,24161.708339
-42.218337,144,24165.479492
-47.24111,144,24169.174267
-61.920222,144,24172.899666
-41.019188,144,24176.626254
-52.40727,144,24180.396149
-39.31997,144,24184.079201
-49.265475,144,24187.800232
-71.82525,144,24191.57399
-53.186326,144,24195.31102
-34.555029,144,24199.000476
-49.238648,144,24202.712464
-63.090886,144,24206.449886
-59.859323,144,24210.215233
-52.018042,144,24213.889392
-54.412792,144,24218.037221
-49.242796,144,24221.824829
-38.788138,144,24225.539909
-58.540152,144,24229.266846
-36.841748,144,24232.982147
-43.103523,144,24236.696157
-39.866932,144,24240.415971
-35.44478,144,24244.087362
-55.293755,144,24247.821534
-47.641404,144,24251.561078
-57.781761,144,24255.295638
-44.343017,144,24259.035045
-49.327166,144,24262.787927
-70.762148,144,24266.488575
-53.971326,144,24270.251361
-33.494251,144,24273.907719
-53.879879,144,24277.646655
-78.497127,144,24281.440716
-59.979959,144,24285.208154
-46.894924,144,24288.938283
-52.6781,144,24292.678317
-43.432429,144,24296.404418
-33.474414,144,24300.098696
-51.696934,144,24303.849494
-40.369956,144,24307.567969
-45.885091,144,24311.312774
-50.089941,144,24315.137196
-45.415346,144,24318.842086
-50.549899,144,24322.572811
-50.024063,144,24326.268766
-52.245832,144,24329.963251
-40.667045,144,24333.681839
-49.85985,144,24337.386103
-93.401482,144,24341.244075
-49.186699,144,24344.985925
-39.407061,144,24348.701089
-53.441108,144,24352.44882
-64.012078,144,24356.196147
-59.031212,144,24359.98673
-51.493809,144,24363.718094
-62.624017,144,24367.453343
-38.151946,144,24371.176693
-40.169192,144,24374.938969
-52.467886,144,24378.680922
-47.75193,144,24382.375957
-36.240615,144,24386.083711
-47.292741,144,24389.797287
-41.160399,144,24393.598166
-64.712613,144,24397.384004
-43.683121,144,24401.121903
-56.015023,144,24404.881674
-42.462284,144,24408.601225
-63.644674,144,24412.470645
-76.895595,144,24416.179894
-52.181391,144,24419.882346
-44.07578,144,24423.626392
-50.556966,144,24427.294653
-73.731192,144,24431.03606
-53.071182,144,24434.795246
-52.076519,144,24438.515687
-70.508008,144,24442.294301
-42.032154,144,24446.068089
-29.801863,144,24449.843459
-48.882046,144,24453.53124
-43.098256,144,24457.202643
-40.125109,144,24460.957762
-49.347883,144,24464.718437
-48.833405,144,24468.420084
-53.366766,144,24472.150269
-51.420313,144,24475.873476
-54.152428,144,24479.638042
-55.448939,144,24483.409102
-52.758094,144,24487.178133
-74.484181,144,24490.986909
-63.81228,144,24494.750314
-41.91349,144,24498.509678
-41.184849,144,24502.255003
-85.957914,144,24505.98827
-57.385212,144,24509.728462
-43.399,144,24513.451168
-51.946453,144,24517.169728
-55.733063,144,24520.920166
-29.427489,144,24524.661554
-61.259317,144,24528.85086
-39.854213,144,24532.5937
-35.199397,144,24536.330681
-44.374985,144,24540.008153
-42.673185,144,24543.6782
-65.465008,144,24547.407365
-27.446509,144,24551.078945
-56.331482,144,24554.82034
-50.274443,144,24558.474194
-56.677408,144,24562.192126
-72.396656,144,24565.949064
-51.075025,144,24569.662261
-39.028963,144,24573.404922
-37.232301,144,24577.101065
-77.192443,144,24580.853113
-62.992576,144,24584.659774
-46.360284,144,24588.381624
-65.184688,144,24592.156853
-40.182096,144,24595.878144
-33.057602,144,24599.554963
-51.25986,144,24603.272552
-37.589076,144,24606.951174
-36.512484,144,24610.643591
-45.583087,144,24614.424808
-36.981424,144,24618.111574
-55.344452,144,24621.877681
-54.975475,144,24625.59938
-53.540313,144,24629.314734
-40.439985,144,24633.051265
-55.981243,144,24636.738415
-75.27469,144,24640.533405
-63.040152,144,24644.282317
-35.928214,144,24648.018547
-45.669618,144,24651.723267
-69.602668,144,24655.512761
-48.145214,144,24659.228548
-48.468186,144,24663.001843
-60.726573,144,24666.790546
-45.784129,144,24670.519668
-30.655794,144,24674.232775
-54.801595,144,24678.002749
-41.040409,144,24681.776623
-35.566282,144,24685.478332
-43.860097,144,24689.214257
-41.385016,144,24692.940708
-57.829247,144,24696.64889
-42.889092,144,24700.36411
-61.185454,144,24704.114928
-41.524901,144,24707.782778
-56.056035,144,24711.745164
-78.149982,144,24716.450456
-45.864278,144,24720.459301
-38.565373,144,24724.670673
-52.205441,144,24728.454966
-67.986682,144,24732.738498
-51.027366,144,24736.898273
-43.49449,144,24741.001741
-65.115002,144,24745.352253
-44.169616,144,24749.153726
-29.065195,144,24752.944407
-46.285521,144,24756.619538
-50.198368,144,24760.326503
-35.912358,144,24764.035504
-45.523997,144,24767.788133
-37.385354,144,24771.932511
-53.862481,144,24775.708508
-40.287139,144,24779.40945
-50.225274,144,24783.131245
-36.851951,144,24786.82861
-58.044352,144,24790.545321
-84.120192,144,24794.367707
-46.415963,144,24798.103819
-32.477293,144,24801.821115
-52.812068,144,24805.526341
-70.706841,144,24809.310217
-56.152801,144,24813.080045
-42.402258,144,24816.762531
-65.39738,144,24820.501863
-41.901489,144,24824.168103
-37.425547,144,24827.883482
-48.452886,144,24831.63198
-42.259876,144,24835.339442
-40.706331,144,24839.062779
-47.543273,144,24842.789465
-42.453443,144,24846.5057
-64.009308,144,24850.392892
-61.332114,144,24854.211078
-50.69132,144,24858.03545
-49.14023,144,24861.758765
-51.531565,144,24865.506491
-60.157063,144,24869.235127
-64.727211,144,24872.960546
-34.867356,144,24876.669411
-46.371759,144,24880.376142
-57.872913,144,24884.098926
-54.085144,144,24887.837071
-42.980095,144,24891.560725
-71.642676,144,24895.342286
-43.487011,144,24899.060679
-36.417263,144,24902.748441
-50.547932,144,24906.431658
-39.586203,144,24910.153851
-38.761099,144,24913.884753
-36.407972,144,24917.558382
-36.409887,144,24921.209092
-63.97759,144,24924.937255
-40.908778,144,24928.652
-58.983425,144,24932.358229
-46.261155,144,24936.061235
-44.069593,144,24939.791773
-71.295947,144,24943.509051
-63.846682,144,24947.49294
-32.019438,144,24951.709451
-60.596428,144,24955.496961
-68.149676,144,24959.298084
-52.365597,144,24963.021152
-44.640314,144,24966.958611
-63.044646,144,24970.815812
-41.118631,144,24974.578321
-38.005086,144,24978.315524
-47.800447,144,24982.009457
-42.22811,144,24985.72948
-37.273292,144,24989.463437
-47.323244,144,24993.221409
-41.914533,144,24996.921846
-52.217407,144,25000.689436
-49.024568,144,25004.407329
-51.098756,144,25008.635355
-35.106293,144,25012.324588
-48.804136,144,25016.075371
-92.390015,144,25020.51306
-52.589275,144,25024.783341
-39.632347,144,25028.678711
-67.125925,144,25032.545724
-77.776324,144,25036.738512
-57.167873,144,25040.500479
-45.032564,144,25044.217239
-69.518224,144,25047.963118
-51.956184,144,25051.705556
-41.261771,144,25055.389856
-55.767304,144,25059.083314
-43.865094,144,25062.826268
-41.716215,144,25066.536051
-41.374514,144,25070.243588
-35.986029,144,25073.919847
-60.760411,144,25077.654303
-39.442023,144,25081.336242
-66.221731,144,25085.101862
-39.370572,144,25088.896172
-52.289177,144,25092.580443
-71.057999,144,25096.324634
-62.581908,144,25100.06148
-24.888703,144,25103.736356
-50.985845,144,25107.423481
-81.862693,144,25111.167604
-57.335198,144,25114.910311
-39.643315,144,25118.60056
-62.766003,144,25122.360485
-42.256272,144,25126.101745
-47.727904,144,25129.831309
-56.174331,144,25133.51769
-47.702709,144,25137.205661
-47.056727,144,25140.96541
-49.587776,144,25144.752216
-38.541716,144,25148.400122
-57.131937,144,25152.117629
-33.863825,144,25155.799664
-53.531634,144,25159.494571
-38.309057,144,25163.202554
-47.260614,144,25166.947829
-77.259813,144,25170.735998
-53.722708,144,25174.451135
-31.663776,144,25178.102584
-63.408707,144,25181.817609
-69.227244,144,25185.625652
-59.688913,144,25189.31032
-50.825869,144,25193.030161
-63.942303,144,25196.764637
-41.83375,144,25200.48888
-35.752933,144,25204.182566
-49.492714,144,25207.899755
-42.382324,144,25211.590259
-40.009056,144,25215.281388
-45.221942,144,25219.030087
-38.465917,144,25222.725831
-60.541734,144,25226.420116
-36.563458,144,25230.131105
-48.099399,144,25233.842521
-49.456191,144,25237.582867
-48.538511,144,25241.302576
-73.035676,144,25245.06693
-52.375337,144,25248.761999
-36.054262,144,25252.460649
-48.772472,144,25256.149159
-65.899988,144,25259.881772
-61.856771,144,25263.695361
-42.93415,144,25267.454068
-70.752852,144,25271.187809
-44.068143,144,25274.857967
-37.440909,144,25278.585844
-55.003173,144,25282.338531
-39.32995,144,25285.996218
-36.142427,144,25289.702157
-41.017339,144,25293.461295
-43.555932,144,25297.191191
-60.078045,144,25300.916594
-47.398481,144,25304.629471
-53.504832,144,25308.348038
-48.212829,144,25312.051569
-57.241384,144,25315.750805
-73.793386,144,25319.468222
-58.754388,144,25323.206151
-45.778062,144,25326.88014
-44.380067,144,25330.608062
-66.550417,144,25334.379679
-63.007547,144,25338.211123
-43.169301,144,25341.964421
-62.79379,144,25345.710646
-41.937467,144,25349.371244
-35.696884,144,25353.094115
-51.688362,144,25356.792052
-39.038726,144,25360.477682
-38.231253,144,25364.227038
-43.053697,144,25367.964635
-40.316843,144,25371.624373
-48.782507,144,25375.311872
-48.878118,144,25379.102517
-49.92465,144,25382.886774
-41.984945,144,25386.567819
-52.15923,144,25390.279238
-79.566236,144,25394.052568
-47.769212,144,25397.782485
-45.337418,144,25401.536778
-40.289636,144,25405.248194
-70.173765,144,25409.011819
-57.162697,144,25412.764411
-56.493065,144,25416.499711
-66.726076,144,25420.223139
-44.818227,144,25423.890868
-37.533837,144,25427.646928
-51.934088,144,25431.295107
-46.838145,144,25434.951102
-36.753835,144,25438.722248
-44.511518,144,25442.401954
-36.223277,144,25446.086587
-56.534513,144,25450.183481
-44.09263,144,25453.84782
-46.037913,144,25457.539989
-32.824442,144,25461.233525
-46.501889,144,25464.90622
-74.109183,144,25468.618662
-59.563308,144,25472.33716
-36.448062,144,25476.01461
-53.746704,144,25479.71548
-59.726002,144,25483.509849
-51.145003,144,25487.302952
-53.640535,144,25491.05477
-60.899305,144,25494.839921
-37.154751,144,25498.607675
-33.795893,144,25502.313777
-54.510351,144,25506.054775
-39.917955,144,25509.728719
-42.275171,144,25513.441386
-45.967983,144,25517.205044
-42.13573,144,25520.911854
-51.919133,144,25524.60133
-32.52716,144,25528.308483
-51.824802,144,25531.983823
-42.849235,144,25535.686605
-53.609207,144,25539.420009
-80.123174,144,25543.249509
-72.0581,144,25546.990336
-29.648446,144,25550.709996
-57.066597,144,25554.446729
-60.424578,144,25558.230904
-64.528932,144,25562.013186
-50.242651,144,25565.809394
-63.612445,144,25569.591296
-49.696172,144,25573.363199
-41.451363,144,25577.13939
-61.93212,144,25580.847275
-46.197512,144,25584.56378
-37.491801,144,25588.269968
-44.662173,144,25591.988526
-37.026435,144,25595.661646
-58.710805,144,25599.377615
-60.158409,144,25603.113584
-55.768938,144,25606.849849
-40.58805,144,25610.549978
-55.842881,144,25614.292292
-79.584595,144,25618.065168
-62.435062,144,25621.854066
-35.495385,144,25625.622442
-52.808564,144,25629.347487
-75.113769,144,25633.13676
-58.071966,144,25636.887223
-50.870082,144,25640.647544
-72.049679,144,25644.428744
-45.067448,144,25648.123197
-28.052192,144,25651.795061
-53.076338,144,25655.651427
-49.866485,144,25659.340497
-37.332599,144,25663.011609
-44.284225,144,25666.749861
-38.905493,144,25670.437937
-69.656523,144,25674.186247
-46.888314,144,25677.927125
-51.250723,144,25681.666925
-38.508505,144,25685.320632
-50.834496,144,25689.018971
-78.359541,144,25692.759712
-61.688278,144,25696.476019
-40.679407,144,25700.145903
-53.283663,144,25703.838209
-80.346586,144,25707.599149
-56.208036,144,25711.776616
-55.694652,144,25715.520075
-66.803183,144,25719.229684
-46.666718,144,25722.916576
-47.505255,144,25726.62044
-59.910141,144,25730.325658
-43.571389,144,25734.00607
-38.976663,144,25737.735206
-43.528099,144,25741.491822
-38.601584,144,25745.1536
-67.71176,144,25748.881041
-51.79551,144,25752.597963
-48.954776,144,25756.347068
-44.506336,144,25760.091267
-55.478013,144,25763.791447
-79.337462,144,25767.518826
-57.941251,144,25771.265715
-42.150882,144,25774.953061
-57.16637,144,25778.724383
-66.842967,144,25782.502753
-55.436285,144,25786.232477
-53.640328,144,25789.942208
-60.704189,144,25793.651299
-55.181049,144,25797.776187
-38.039508,144,25801.473403
-58.112687,144,25805.181195
-40.127277,144,25808.881365
-40.63209,144,25812.534807
-41.441596,144,25816.223727
-43.850332,144,25819.872225
-51.858782,144,25823.538306
-37.677713,144,25827.264111
-48.867065,144,25830.959138
-55.873134,144,25834.643284
-56.019743,144,25838.290494
-64.628396,144,25841.939859
-47.068704,144,25845.655197
-36.181629,144,25849.333061
-41.04972,144,25853.015527
-79.43275,144,25856.79434
-57.551586,144,25860.482583
-50.513,144,25864.162477
-68.733489,144,25867.858835
-47.951965,144,25871.573064
-35.164626,144,25875.70213
-52.889489,144,25879.400419
-32.630125,144,25883.050143
-43.346843,144,25886.763034
-49.156468,144,25890.465347
-39.891184,144,25894.134305
-58.152106,144,25897.840173
-38.859185,144,25901.529072
-54.234441,144,25905.263265
-42.266263,144,25909.461629
-47.286632,144,25913.193823
-69.018039,144,25917.051511
-62.597298,144,25921.385782
-38.605427,144,25925.212648
-50.051011,144,25929.069402
-55.563959,144,25932.918141
-61.352358,144,25937.207041
-46.909014,144,25940.960528
-66.007358,144,25944.664544
-47.643407,144,25948.372389
-46.011044,144,25952.091369
-45.684855,144,25956.128111
-45.027243,144,25959.872178
-41.574572,144,25963.581459
-45.125047,144,25967.285719
-39.175652,144,25970.959203
-56.814523,144,25974.673819
-41.654892,144,25978.402516
-51.381655,144,25982.11065
-37.553159,144,25985.75126
-53.4994,144,25989.493237
-72.92004,144,25993.217213
-59.17438,144,25996.991659
-36.397243,144,26000.682282
-44.693136,144,26004.396714
-84.804176,144,26008.147835
-57.928552,144,26011.848084
-45.375619,144,26015.556042
-62.104278,144,26019.248713
-51.264934,144,26022.943942
-31.40835,144,26026.605526
-47.743595,144,26030.288634
-42.480185,144,26034.021668
-39.942939,144,26037.686459
-43.238014,144,26041.393278
-49.495965,144,26045.090292
-54.62705,144,26048.759004
-50.782958,144,26052.389092
-55.879633,144,26056.112651
-43.96667,144,26059.79282
-47.234233,144,26063.48697
-81.215974,144,26067.276094
-51.203602,144,26070.975947
-28.335239,144,26074.704952
-42.411265,144,26078.440881
-79.080455,144,26082.231839
-55.671992,144,26086.019171
-41.195155,144,26089.725124
-53.076994,144,26093.466029
-42.344976,144,26097.174311
-41.531722,144,26100.886869
-48.088875,144,26104.578436
-42.007317,144,26108.28708
-43.199782,144,26112.003611
-48.054999,144,26115.674667
-42.169225,144,26119.365035
-51.753219,144,26123.487942
-47.038419,144,26127.298793
-54.448779,144,26131.042069
-41.906554,144,26134.7721
-53.996787,144,26138.455681
-79.788166,144,26142.194875
-50.371369,144,26145.969642
-38.328669,144,26149.7121
-57.081034,144,26153.525415
-73.214299,144,26157.479486
-56.428545,144,26161.276619
-48.951227,144,26165.032865
-59.265535,144,26168.81757
-42.407158,144,26172.649977
-37.218374,144,26176.37291
-50.469988,144,26180.232261
-44.403364,144,26183.908022
-35.394179,144,26187.600583
-45.430878,144,26191.301131
-39.660301,144,26195.03591
-55.396565,144,26198.671244
-53.946746,144,26202.337487
-58.033851,144,26206.071764
-53.717502,144,26209.716446
-51.77584,144,26213.415597
-79.315674,144,26217.204231
-49.090202,144,26220.93726
-40.251557,144,26224.649904
-49.773917,144,26228.8914
-72.147997,144,26232.691612
-62.164907,144,26236.464479
-46.528281,144,26240.307621
-58.251884,144,26244.307709
-45.002325,144,26248.65809
-35.283686,144,26252.363895
-50.266003,144,26256.071725
-38.894518,144,26259.810911
-36.372943,144,26263.555417
-48.195767,144,26267.298484
-42.924813,144,26270.995111
-52.583827,144,26274.74666
-54.019159,144,26278.484085
-61.696288,144,26282.28909
-34.947797,144,26286.007668
-56.479451,144,26289.724511
-82.721927,144,26293.593416
-63.248695,144,26297.349291
-36.205027,144,26301.114888
-58.407126,144,26304.805046
-76.10799,144,26308.614249
-61.886482,144,26312.791613
-40.887731,144,26316.508281
-64.512158,144,26320.23732
-42.426416,144,26323.91118
-34.281629,144,26327.61456
-46.626888,144,26331.274686
-42.877635,144,26334.967956
-44.301913,144,26338.702083
-47.277151,144,26342.42348
-48.149877,144,26346.551069
-49.405311,144,26350.241887
-42.535861,144,26353.976629
-61.594262,144,26357.623324
-40.22494,144,26361.32778
-56.960571,144,26365.079
-67.566808,144,26368.804377
-65.418883,144,26372.501687
-42.239944,144,26376.222807
-52.185111,144,26379.922271
-56.178997,144,26383.707897
-51.498526,144,26387.490201
-53.475469,144,26391.240215
-65.542736,144,26394.949501
-43.692026,144,26398.676269
-39.554129,144,26402.369448
-46.620816,144,26406.117486
-47.008844,144,26409.876913
-49.174395,144,26413.614296
-41.995944,144,26417.371607
-36.153372,144,26421.073322
-50.252075,144,26424.739576
-40.340354,144,26428.431179
-53.662721,144,26432.098107
-37.936439,144,26435.764896
-54.864718,144,26439.46497
-80.624984,144,26443.210034
-62.972473,144,26446.957762
-43.231653,144,26450.650696
-57.368109,144,26454.40842
-64.901438,144,26458.123319
-67.779512,144,26462.345409
-45.011853,144,26466.05464
-62.428954,144,26469.808072
-44.070511,144,26473.534107
-38.282796,144,26477.237917
-53.329549,144,26480.934911
-46.325604,144,26484.648883
-38.099695,144,26488.332099
-42.943813,144,26492.017904
-40.106443,144,26495.704313
-51.866784,144,26499.385995
-46.014733,144,26503.04851
-49.596266,144,26506.810178
-54.655347,144,26510.547127
-58.43138,144,26514.274413
-73.699269,144,26518.024392
-59.284241,144,26521.839806
-30.980147,144,26525.561988
-55.161002,144,26529.303753
-75.453609,144,26533.096178
-67.566459,144,26536.85467
-41.941783,144,26540.569655
-75.009117,144,26544.376117
-42.291538,144,26548.120073
-35.378128,144,26551.840209
-49.668508,144,26555.55347
-43.8357,144,26559.240016
-41.383048,144,26563.362037
-43.952894,144,26567.079577
-36.184896,144,26570.77659
-50.775142,144,26574.471136
-40.893133,144,26578.624103
-58.494711,144,26582.325073
-39.513406,144,26586.009017
-43.368377,144,26589.711868
-72.254597,144,26593.462273
-59.397742,144,26597.177383
-35.149568,144,26600.868142
-52.671382,144,26604.61539
-83.695114,144,26608.393287
-55.935634,144,26612.108212
-48.917552,144,26615.791166
-66.059618,144,26619.503294
-40.403649,144,26623.225116
-33.621573,144,26626.931827
-52.535933,144,26630.624963
-42.19749,144,26634.3511
-44.649394,144,26638.052232
-43.193905,144,26641.793675
-36.858735,144,26645.505575
-44.700722,144,26649.208996
-34.608706,144,26652.937783
-51.471061,144,26656.636525
-35.282643,144,26660.308014
-49.588179,144,26664.013929
-79.096592,144,26667.771526
-57.650673,144,26671.498689
-41.54734,144,26675.241522
-40.934057,144,26678.94527
-80.064244,144,26682.730966
-55.686373,144,26686.956288
-54.838761,144,26690.643387
-66.82267,144,26694.339316
-42.73947,144,26698.002083
-34.91222,144,26701.666254
-53.314599,144,26705.334074
-40.870584,144,26709.010444
-32.689378,144,26712.707218
-46.462,144,26716.376603
-38.783066,144,26720.003954
-55.308233,144,26723.691454
-48.741118,144,26727.331316
-50.345592,144,26730.988775
-43.098255,144,26734.679406
-50.620144,144,26738.384193
-93.232507,144,26742.177474
-51.832106,144,26745.970104
-38.821759,144,26749.65796
-63.141884,144,26753.4255
-89.295395,144,26757.145159
-48.602436,144,26760.851955
-46.554872,144,26764.566664
-61.524471,144,26768.348862
-39.362885,144,26772.212599
-35.405573,144,26776.151668
-46.386756,144,26780.488211
-43.04808,144,26784.423466
-36.602266,144,26788.269513
-46.052632,144,26791.961349
-39.414591,144,26795.642344
-56.594834,144,26799.331222
-35.344917,144,26802.985859
-48.496478,144,26806.678512
-39.961425,144,26810.407822
-56.934139,144,26814.156727
-70.793876,144,26817.914183
-72.156162,144,26821.615442
-36.378326,144,26825.333924
-56.565929,144,26829.088512
-76.062946,144,26832.927205
-52.853129,144,26837.134409
-47.129738,144,26840.865237
-68.361531,144,26844.607209
-41.308778,144,26848.415735
-29.067507,144,26852.126697
-54.618174,144,26855.859892
-47.983149,144,26859.591236
-45.813444,144,26863.323356
-41.977853,144,26866.999341
-37.883966,144,26870.646552
-58.710533,144,26874.321526
-39.765072,144,26877.957565
-46.681819,144,26881.660198
-39.752742,144,26885.358561
-50.693695,144,26889.040726
-72.384019,144,26892.788397
-58.940557,144,26896.450389
-36.549635,144,26900.098443
-53.95583,144,26903.798432
-82.45913,144,26907.548401
-50.763,144,26911.250173
-60.87788,144,26914.985552
-63.268592,144,26918.688316
-41.480918,144,26922.368755
-42.139225,144,26926.036188
-57.879247,144,26929.775714
-40.784534,144,26933.526682
-41.016191,144,26937.258255
-48.66205,144,26941.02877
-37.615739,144,26944.718562
-63.756803,144,26948.43368
-52.814157,144,26952.098878
-50.214122,144,26955.819122
-42.100153,144,26959.517281
-60.300897,144,26963.251858
-77.612289,144,26966.997314
-71.057517,144,26970.665536
-29.757342,144,26974.312382
-57.014187,144,26978.013473
-59.741288,144,26981.695244
-62.338213,144,26985.478611
-52.878479,144,26989.230184
-61.440477,144,26992.932954
-42.216452,144,26997.069426
-40.642801,144,27000.794716
-65.112597,144,27004.485663
-40.799937,144,27008.199016
-35.237881,144,27011.898053
-45.721276,144,27015.554948
-42.251103,144,27019.212613
-52.848931,144,27022.934539
-51.541539,144,27026.627757
-42.900896,144,27030.349252
-39.209028,144,27034.001651
-47.885705,144,27037.743194
-70.212623,144,27041.52713
-59.857748,144,27045.331795
-52.4526,144,27049.104165
-49.646575,144,27052.838962
-79.280148,144,27056.668205
-51.211358,144,27060.442
-48.688916,144,27064.228979
-67.690797,144,27068.037916
-42.194488,144,27071.778355
-33.031151,144,27075.48103
-48.544093,144,27079.309113
-46.725898,144,27083.064727
-35.839038,144,27086.819242
-50.776513,144,27090.615727
-41.312587,144,27094.724723
-58.961496,144,27098.58808
-44.934381,144,27102.302174
-52.433834,144,27106.06198
-45.384013,144,27109.739683
-57.843505,144,27113.431975
-71.372467,144,27117.209587
-61.817976,144,27120.967862
-30.009884,144,27124.600852
-46.758051,144,27128.293869
-76.067044,144,27132.12881
-51.844444,144,27135.825665
-43.953328,144,27139.591263
-57.06698,144,27143.363393
-44.036841,144,27147.130804
-28.789505,144,27150.857148
-50.586645,144,27154.617209
-38.415534,144,27158.32925
-41.974626,144,27162.071325
-46.255618,144,27165.78259
-38.565887,144,27169.498072
-54.176435,144,27173.239402
-51.507487,144,27176.944772
-57.305375,144,27180.708273
-40.171777,144,27184.817867
-52.756011,144,27189.228967
-80.833497,144,27193.676343
-65.032895,144,27197.613986
-32.104737,144,27201.673948
-42.024709,144,27205.876682
-70.846547,144,27209.298672
-52.972858,144,27213.544714
-46.408728,144,27216.345069
-59.054232,144,27219.237435
-43.076729,144,27222.430357
-35.922671,144,27225.486718
-58.100406,144,27228.854302
-42.204824,144,27232.471301
-41.402524,144,27236.205556
-46.388772,144,27239.817639
-40.760188,144,27244.254086
-54.919947,144,27247.441668
-40.066631,144,27251.018854
-53.75286,144,27254.495006
-36.757241,144,27258.981163
-41.947496,144,27262.411406
-75.469469,144,27266.298479
-48.7214,144,27269.970685
-39.342716,144,27275.252676
-65.011925,144,27280.549006
-72.797679,144,27284.622101
-55.730348,144,27288.144202
-39.588313,144,27291.504082
-65.598158,144,27295.037777
-47.790491,144,27298.486563
-32.786374,144,27301.808981
-50.1145,144,27305.266137
-43.747373,144,27308.962075
-43.314221,144,27312.3084
-49.837345,144,27315.717333
-37.382403,144,27319.132573
-55.642199,144,27322.461593
-50.203509,144,27325.902062
-53.224977,144,27329.381467
-48.620634,144,27332.834244
-54.559593,144,27336.199152
-72.179376,144,27339.670262
-60.138416,144,27343.113435
-31.499622,144,27346.56557
-47.898209,144,27350.060163
-65.198528,144,27353.738297
-55.932533,144,27357.640694
-49.894382,144,27361.71938
-60.176736,144,27365.995392
-41.231525,144,27370.159831
-41.623185,144,27373.552525
-51.393754,144,27377.28574
-42.841529,144,27380.718928
-34.377714,144,27384.204935
-49.679417,144,27387.733242
-45.856945,144,27391.264108
-57.942391,144,27395.574591
-58.825293,144,27399.857299
-56.403103,144,27405.53073
-40.595529,144,27409.848079
-41.504241,144,27414.000916
-66.776462,144,27418.200401
-61.302989,144,27422.395421
-34.238461,144,27426.543494
-48.635879,144,27430.757185
-79.003251,144,27435.019071
-58.563385,144,27439.199235
-40.359637,144,27443.220596
-68.146822,144,27447.328193
-48.137973,144,27451.468767
-32.294801,144,27455.506417
-66.851477,144,27459.651152
-39.821474,144,27463.837712
-35.00528,144,27468.062804
-41.24573,144,27472.267666
-43.427884,144,27476.333005
-65.175464,144,27480.697137
-44.410213,144,27484.840755
-59.006582,144,27488.882534
-37.037464,144,27492.984796
-56.128557,144,27497.097524
-67.497661,144,27501.290085
-58.332708,144,27505.445297
-39.302882,144,27509.607983
-50.016714,144,27513.832219
-66.57335,144,27518.163219
-50.502268,144,27522.460655
-51.637252,144,27526.669868
-64.292839,144,27530.925169
-42.876521,144,27535.217826
-42.426039,144,27539.489173
-49.249358,144,27543.93708
-42.286136,144,27548.810448
-34.205637,144,27553.12184
-41.282484,144,27557.462096
-36.027283,144,27561.696975
-50.569696,144,27566.034659
-41.093701,144,27570.432914
-62.19904,144,27574.763249
-46.44953,144,27578.999862
-47.405952,144,27583.399698
-71.533155,144,27587.667316
-57.615242,144,27591.809438
-33.032575,144,27596.000645
-51.124608,144,27600.151374
-76.935734,144,27604.270231
-55.91864,144,27608.4075
-51.926062,144,27612.672592
-61.706289,144,27616.807029
-43.438975,144,27620.973123
-36.480153,144,27625.042629
-53.857256,144,27629.757654
-37.146914,144,27633.828419
-47.80416,144,27637.778341
-41.823363,144,27641.887315
-37.376977,144,27645.951812
-54.136037,144,27650.11508
-34.606139,144,27654.281743
-45.729056,144,27658.473226
-34.167934,144,27662.5904
-46.584535,144,27666.734582
-69.65571,144,27670.916159
-56.969886,144,27675.426562
-37.753856,144,27680.003881
-44.187604,144,27684.24811
-67.898811,144,27688.760623
-59.743219,144,27692.519567
-42.833609,144,27695.982601
-64.522729,144,27699.661001
-40.877007,144,27703.974813
-31.293809,144,27708.618513
-55.725213,144,27712.081499
-41.78514,144,27715.652191
-36.200368,144,27720.090946
-39.804635,144,27723.902257
-35.846854,144,27727.733576
-56.272004,144,27732.271689
-41.680531,144,27737.363703
-54.053499,144,27743.290016
-37.571056,144,27747.708981
-46.065243,144,27752.041897
-68.875454,144,27756.843271
-47.361525,144,27761.03159
-44.551325,144,27765.015291
-47.114935,144,27769.822136
-80.286552,144,27774.328371
-52.379265,144,27779.269154
-43.49284,144,27783.408695
-66.99112,144,27787.867683
-48.493126,144,27792.00925
-36.279169,144,27796.714149
-54.817497,144,27800.697961
-41.017944,144,27804.567581
-40.557494,144,27808.554087
-44.04982,144,27812.068066
-37.28676,144,27815.519576
-50.24358,144,27819.072955
-44.554751,144,27823.176044
-47.725835,144,27827.254952
-41.76209,144,27830.939591
-59.703284,144,27834.809491
-69.056691,144,27839.291184
-49.935859,144,27842.731253
-30.862971,144,27846.438
-48.734779,144,27850.132826
-64.596991,144,27853.876276
-60.941696,144,27858.0605
-43.878834,144,27862.275991
-67.873757,144,27867.507293
-40.452236,144,27872.132173
-32.169353,144,27878.364491
-57.241469,144,27882.559247
-33.960411,144,27886.487425
-32.664919,144,27890.558612
-42.455691,144,27895.316493
-34.694052,144,27899.741032
-50.718441,144,27904.478846
-42.781297,144,27909.508934
-46.627687,144,27914.616304
-43.985206,144,27918.707878
-46.105107,144,27923.043473
-73.650619,144,27927.295173
-64.603757,144,27931.340646
-28.935008,144,27935.51261
-37.610825,144,27939.611497
-76.500928,144,27943.760524
-51.415236,144,27947.89184
-44.705253,144,27952.001343
-62.102724,144,27956.147485
-45.965226,144,27960.361116
-34.74791,144,27964.592671
-50.187375,144,27968.728431
-36.50948,144,27972.969154
-34.262992,144,27977.707187
-44.75409,144,27983.116133
-44.360886,144,27987.104179
-56.540708,144,27991.01808
-51.319639,144,27994.941014
-47.780929,144,27998.87063
-43.283153,144,28002.721709
-50.170487,144,28006.483849
-63.579131,144,28010.856628
-55.390308,144,28014.698633
-40.330299,144,28018.522611
-60.986197,144,28022.368887
-66.013641,144,28026.236907
-50.507662,144,28031.500355
-41.723918,144,28035.936793
-61.72595,144,28040.379909
-40.662257,144,28045.604862
-34.713929,144,28050.021122
-47.393325,144,28054.444288
-37.476765,144,28059.189346
-44.593615,144,28063.54126
-48.103009,144,28067.879707
-40.202941,144,28072.14805
-51.833014,144,28076.359085
-54.124969,144,28080.609241
-51.184166,144,28084.946345
-39.936193,144,28089.243358
-58.824112,144,28093.629712
-71.345047,144,28097.931695
-45.739891,144,28102.185745
-40.119173,144,28106.522634
-43.484312,144,28110.842473
-76.843366,144,28115.431836
-50.759995,144,28119.993009
-41.296948,144,28124.524464
-61.933796,144,28129.176706
-44.477184,144,28133.699773
-29.064997,144,28138.076935
-45.681737,144,28142.679558
-36.118995,144,28147.710386
-36.098359,144,28152.103711
-47.396516,144,28156.334358
-40.796863,144,28160.416706
-51.365638,144,28164.633709
-44.84061,144,28168.750704
-48.562977,144,28173.028338
-43.824887,144,28177.12321
-48.979942,144,28181.342964
-60.881187,144,28185.613161
-53.755192,144,28189.882596
-31.286252,144,28194.047266
-53.581386,144,28198.487915
-80.722343,144,28202.972484
-55.502785,144,28207.359346
-50.906997,144,28211.94038
-60.392192,144,28216.449164
-40.680039,144,28220.639437
-34.702397,144,28224.849054
-42.401343,144,28229.060167
-38.805469,144,28233.36972
-38.849888,144,28237.711226
-42.753773,144,28243.00067
-42.157167,144,28247.446532
-50.071036,144,28252.031163
-45.42813,144,28256.96162
-48.037019,144,28261.386176
-33.96259,144,28266.300549
-49.734192,144,28270.853552
-67.390797,144,28275.522418
-48.29532,144,28279.816155
-32.906776,144,28284.046326
-60.270098,144,28288.328739
-74.06112,144,28292.609904
-55.496757,144,28296.953505
-48.550626,144,28301.048347
-57.366638,144,28305.221588
-40.527367,144,28309.312185
-31.75519,144,28313.487588
-52.974763,144,28317.673581
-39.599444,144,28321.993127
-41.253312,144,28326.283649
-43.112786,144,28330.568611
-41.161992,144,28334.73605
-55.988412,144,28339.026664
-40.788796,144,28343.279671
-57.001073,144,28347.421391
-40.515943,144,28351.555088
-48.9937,144,28355.752621
-69.122104,144,28359.988003
-52.349848,144,28364.198392
-34.273161,144,28368.383631
-47.591981,144,28372.724472
-62.756672,144,28377.023282
-54.5007,144,28381.29846
-38.224625,144,28385.575496
-66.988447,144,28389.829398
-50.416251,144,28394.078066
-43.706391,144,28398.288397
-46.548633,144,28402.629629
-37.714095,144,28406.942858
-32.846558,144,28411.219441
-39.363774,144,28415.539441
-42.323861,144,28419.838388
-51.204287,144,28424.125129
-34.557631,144,28428.470587
-52.103281,144,28432.816504
-39.934479,144,28437.010381
-43.716483,144,28441.322088
-79.85756,144,28445.541543
-52.98443,144,28449.901231
-39.710984,144,28454.234913
-44.832101,144,28458.622519
-69.170879,144,28462.917948
-55.727536,144,28467.281338
-45.231969,144,28471.608837
-51.298463,144,28475.983372
-48.767335,144,28480.395534
-38.63949,144,28484.728381
-52.53895,144,28488.957611
-39.522954,144,28493.163276
-39.804588,144,28497.27149
-47.536347,144,28501.427039
-35.826725,144,28505.541558
-56.094893,144,28509.785522
-47.142393,144,28514.006348
-51.768388,144,28518.501074
-39.014824,144,28522.741171
-55.219039,144,28526.959992
-67.162614,144,28531.214933
-48.864712,144,28535.507316
-33.779262,144,28539.742566
-52.253933,144,28544.219588
-79.59297,144,28548.546839
-47.658364,144,28552.874478
-40.34287,144,28557.130478
-71.523897,144,28561.512853
-41.728788,144,28565.776823
-31.92056,144,28570.013341
-48.16861,144,28574.2906
-38.403778,144,28579.122468
-38.741042,144,28583.363038
-39.140976,144,28587.659721
-34.289543,144,28591.809746
-47.071183,144,28596.057299
-34.199779,144,28600.429011
-48.260782,144,28604.724086
-50.791361,144,28608.918194
-50.51037,144,28613.122494
-65.142566,144,28618.052926
-62.08741,144,28622.430274
-32.986586,144,28626.799232
-41.724148,144,28631.720307
-61.913965,144,28636.044667
-48.398687,144,28640.233269
-44.111955,144,28644.434369
-61.27555,144,28648.709907
-40.854032,144,28652.992913
-34.044098,144,28657.26232
-49.825662,144,28661.508889
-39.576201,144,28665.638126
-41.669665,144,28669.786116
-43.088093,144,28673.954063
-34.992729,144,28678.160521
-49.827455,144,28682.354987
-39.224814,144,28686.560922
-49.739376,144,28690.728931
-41.135683,144,28694.935088
-47.25753,144,28699.188595
-69.207355,144,28703.459327
-60.023677,144,28708.017974
-45.571771,144,28712.622985
-46.856057,144,28717.77116
-68.662158,144,28722.068439
-61.772569,144,28726.371276
-44.717189,144,28730.586143
-59.250308,144,28734.900375
-44.141736,144,28739.068456
-34.120812,144,28743.277647
-48.714572,144,28747.454115
-43.364069,144,28751.714043
-30.500012,144,28755.930723
-39.080433,144,28760.114398
-38.796712,144,28764.318497
-56.999862,144,28768.531289
-44.703182,144,28772.659444
-51.329441,144,28776.586376
-35.718945,144,28780.335992
-43.398098,144,28783.957902
-67.201894,144,28787.899511
-58.834172,144,28792.667363
-33.819391,144,28797.243545
-56.588714,144,28801.454122
-61.902194,144,28806.359508
-63.596793,144,28810.259825
-48.676748,144,28813.996631
-64.953846,144,28817.806997
-48.036074,144,28821.93353
-30.094659,144,28826.123478
-44.204675,144,28830.621885
-40.016689,144,28834.848352
-46.199362,144,28839.497592
-39.875963,144,28844.965117
-38.876086,144,28848.815277
-56.652932,144,28852.803093
-64.227989,144,28857.485735
-61.105246,144,28863.261666
-31.540746,144,28871.773292
-47.065197,144,28878.10301
-72.256981,144,28882.624588
-51.600549,144,28887.895867
-35.844373,144,28892.765819
-50.346432,144,28897.710285
-67.314081,144,28902.218992
-56.818194,144,28906.66581
-39.406534,144,28910.958279
-66.292371,144,28915.385247
-45.153923,144,28919.320243
-30.605343,144,28923.328779
-47.368578,144,28927.331625
-41.456468,144,28931.729901
-38.273872,144,28935.594951
-44.082784,144,28939.537111
-38.54453,144,28943.349655
-53.704481,144,28947.256594
-39.469731,144,28951.690313
-47.69204,144,28955.611144
-51.379214,144,28959.439571
-54.315184,144,28963.970944
-69.199529,144,28967.835175
-50.648766,144,28971.627606
-36.268317,144,28975.407998
-50.52741,144,28979.171298
-78.216485,144,28983.07078
-67.524045,144,28987.100689
-43.824097,144,28990.979085
-62.019078,144,28994.847194
-45.307626,144,28998.652127
-29.155016,144,29002.491162
-39.590856,144,29006.287408
-40.184472,144,29010.133597
-36.171875,144,29014.031247
-34.715606,144,29017.872791
-37.039054,144,29021.758775
-50.280154,144,29025.469089
-41.226077,144,29029.382856
-50.391957,144,29033.270049
-33.384427,144,29036.994478
-48.67975,144,29041.454334
-65.549782,144,29045.341217
-59.327266,144,29049.140334
-33.197305,144,29052.952129
-50.69068,144,29056.735042
-64.51139,144,29060.616813
-51.628895,144,29064.486127
-52.798791,144,29068.304996
-64.909044,144,29072.104734
-40.204357,144,29075.89302
-34.154372,144,29079.657827
-47.510916,144,29083.518673
-39.52406,144,29088.170033
-48.590496,144,29093.289651
-53.778833,144,29098.012172
-38.360857,144,29102.067929
-51.256815,144,29106.121193
-41.815252,144,29110.123798
-52.122914,144,29114.224935
-47.338145,144,29118.309372
-40.835073,144,29122.406004
-72.433832,144,29126.526113
-51.764844,144,29130.636082
-40.947764,144,29134.625765
-48.211808,144,29139.148512
-78.696176,144,29143.110851
-51.425293,144,29146.904619
-46.228398,144,29150.808908
-56.767825,144,29154.656845
-42.499382,144,29158.461992
-34.735897,144,29162.367167
-50.549924,144,29166.214646
-41.156865,144,29170.088407
-44.700873,144,29173.93712
-39.795295,144,29177.666292
-36.648831,144,29181.471496
-47.710625,144,29186.577385
-40.309209,144,29191.655568
-51.303032,144,29195.744756
-47.3815,144,29199.75016
-49.50528,144,29203.74153
-69.305192,144,29208.530723
-48.484573,144,29213.915123
-38.241117,144,29219.341298
-54.933664,144,29224.428921
-67.278937,144,29229.657107
-60.45133,144,29234.646274
-47.757453,144,29239.20946
-67.088113,144,29244.363618
-45.768839,144,29248.405572
-32.819435,144,29252.322671
-50.882842,144,29256.229461
-40.966304,144,29259.731834
-43.983202,144,29263.348392
-45.259641,144,29266.924639
-38.527784,144,29270.617275
-54.795892,144,29274.19537
-49.354067,144,29277.692671
-53.759623,144,29281.422117
-39.642392,144,29285.203418
-47.085378,144,29289.027003
-56.36941,144,29292.651188
-51.610208,144,29296.435775
-31.445111,144,29300.096021
-47.005058,144,29303.907868
-66.04015,144,29307.709365
-60.608647,144,29311.421096
-50.562031,144,29315.259768
-60.601965,144,29318.999426
-41.009286,144,29322.655369
-34.467528,144,29326.915791
-46.040296,144,29331.20813
-34.916815,144,29334.888399
-35.991087,144,29338.790731
-42.75595,144,29342.759798
-34.730358,144,29346.471963
-51.423935,144,29350.650686
-44.467558,144,29354.871417
-54.588607,144,29359.114836
-31.685875,144,29363.196224
-43.193602,144,29367.342651
-66.005069,144,29371.454103
-51.981737,144,29375.554945
-30.894526,144,29379.54464
-50.044264,144,29383.486984
-74.027195,144,29387.34279
-61.322226,144,29391.898439
-52.160998,144,29395.901859
-64.826347,144,29399.887103
-42.819407,144,29403.749116
-37.770308,144,29407.601651
-45.754313,144,29411.508632
-41.92215,144,29415.455729
-44.019698,144,29419.370303
-41.843841,144,29423.230481
-35.176324,144,29427.029117
-54.259494,144,29430.982285
-43.319857,144,29434.835627
-45.68051,144,29438.838558
-38.608289,144,29442.83679
-48.683412,144,29446.695567
-67.312612,144,29450.648849
-56.840916,144,29454.678793
-37.50351,144,29458.716414
-48.38572,144,29462.644243
-62.325721,144,29466.699161
-58.683545,144,29470.765988
-52.478455,144,29474.976248
-69.516004,144,29479.092807
-43.28556,144,29483.099463
-30.97515,144,29487.113735
-51.890595,144,29491.138577
-39.011901,144,29495.200837
-35.588548,144,29499.090306
-42.546251,144,29502.799764
-36.667221,144,29506.583241
-51.676773,144,29510.537619
-45.581837,144,29514.227343
-58.015641,144,29518.195224
-44.525856,144,29522.242858
-46.25724,144,29526.811981
-72.57499,144,29530.996372
-59.633107,144,29535.905926
-31.436515,144,29539.988696
-50.102295,144,29544.499783
-79.652956,144,29548.167991
-53.962058,144,29552.003447
-48.615027,144,29556.050969
-59.533935,144,29560.815226
-39.842794,144,29564.828095
-32.832716,144,29568.821794
-46.57632,144,29572.728195
-41.399775,144,29576.713765
-35.424427,144,29580.582005
-43.371346,144,29584.638624
-35.413762,144,29588.513775
-55.980364,144,29592.45153
-41.286782,144,29596.33967
-45.348239,144,29600.373236
-35.075619,144,29604.314356
-45.002715,144,29608.178317
-71.889216,144,29612.190346
-56.163462,144,29616.267092
-36.13491,144,29620.202996
-58.743135,144,29624.213906
-82.238421,144,29628.827025
-52.750263,144,29632.72082
-37.37765,144,29636.550655
-56.299794,144,29640.582645
-43.082153,144,29644.517536
-32.046462,144,29648.445905
-49.077617,144,29652.317601
-42.924401,144,29656.277314
-34.239668,144,29660.244736
-39.118452,144,29664.264038
-35.756349,144,29668.287595
-52.453595,144,29672.402834
-38.251705,144,29676.357199
-54.3643,144,29680.358608
-38.240935,144,29684.381119
-50.992064,144,29688.243216
-80.385959,144,29692.048773
-60.434124,144,29695.919232
-39.338736,144,29699.405229
-64.552491,144,29703.476976
-82.593994,144,29707.355049
-54.48995,144,29711.280416
-44.49013,144,29714.895917
-58.587943,144,29718.836862
-45.869431,144,29722.777158
-30.935373,144,29726.585416
-44.001119,144,29730.263967
-43.655396,144,29734.139061
-36.647053,144,29738.061471
-40.991745,144,29741.87947
-40.372542,144,29745.697448
-53.017097,144,29749.412635
-46.010982,144,29753.11908
-49.532301,144,29757.059218
-46.80074,144,29761.181249
-47.882007,144,29765.065658
-73.114832,144,29768.811491
-50.383611,144,29772.635919
-34.825662,144,29776.464251
-43.637652,144,29780.077781
-77.553397,144,29783.789991
-56.289883,144,29787.253195
-42.769229,144,29790.95461
-55.510503,144,29794.429745
-44.793767,144,29798.191583
-37.135672,144,29801.701176
-50.517881,144,29805.358944
-34.217718,144,29808.962062
-37.309131,144,29812.468499
-39.665278,144,29815.865574
-33.846819,144,29819.582824
-59.036507,144,29823.15939
-39.997588,144,29826.850876
-53.041681,144,29830.404233
-33.952583,144,29834.314072
-52.968578,144,29838.827603
-77.879526,144,29842.833437
-63.997245,144,29846.802548
-36.485475,144,29851.07088
-45.701614,144,29854.704534
-68.092049,144,29858.408601
-55.725223,144,29862.133997
-43.738084,144,29866.641092
-58.353624,144,29870.48546
-40.077418,144,29873.961094
-38.900626,144,29877.831405
-44.773156,144,29881.656377
-42.27657,144,29885.621089
-31.999039,144,29889.311407
-46.021665,144,29892.922356
-42.679253,144,29896.705382
-53.117911,144,29900.613341
-51.981666,144,29904.578761
-47.00585,144,29908.428786
-43.19647,144,29912.120754
-55.045953,144,29915.890133
-71.957649,144,29919.697447
-53.816676,144,29923.625421
-39.698377,144,29927.210653
-50.140925,144,29931.037722
-69.064759,144,29934.801327
-56.064654,144,29938.432694
-49.583513,144,29942.04628
-57.636963,144,29946.417928
-42.080468,144,29949.895291
-34.223992,144,29953.656232
-45.76324,144,29957.49205
-41.109365,144,29961.273606
-37.278803,144,29965.099213
-46.435068,144,29968.803126
-33.534376,144,29972.463888
-51.134688,144,29976.189087
-46.569205,144,29980.074857
-47.832669,144,29983.890453
-38.05208,144,29987.700614
-48.820259,144,29991.27913
-67.173244,144,29994.970816
-46.022151,144,29998.456649
-39.635384,144,30002.023788
-54.540251,144,30005.584752
-70.814172,144,30009.387317
-57.972145,144,30013.006558
-43.710739,144,30016.43653
-66.291929,144,30020.370515
-43.644696,144,30023.918186
-32.313023,144,30027.700045
-45.970417,144,30031.562111
-38.986352,144,30035.435161
-37.543174,144,30039.228223
-47.849641,144,30042.972684
-39.936143,144,30046.853131
-46.535594,144,30050.603637
-59.043764,144,30054.661879
-52.239244,144,30058.086069
-37.475967,144,30061.995568
-50.428907,144,30065.773006
-72.360421,144,30069.506896
-48.60027,144,30073.355654
-42.569541,144,30077.048064
-54.074184,144,30080.899479
-61.632466,144,30084.777217
-51.555244,144,30088.687574
-51.290583,144,30092.494355
-66.155522,144,30096.366505
-44.148599,144,30100.161735
-37.484299,144,30104.079016
-44.966639,144,30107.733967
-39.196588,144,30111.324864
-41.156508,144,30115.15253
-44.59671,144,30118.886981
-33.387239,144,30122.665411
-50.880699,144,30126.238885
-42.327574,144,30129.99273
-56.970792,144,30133.804794
-45.336716,144,30137.511774
-56.989372,144,30140.977999
-77.544036,144,30144.856075
-56.485322,144,30148.599975
-34.841473,144,30152.075056
-49.739657,144,30155.619266
-69.503293,144,30159.249934
-52.684647,144,30163.038655
-47.913012,144,30166.541751
-56.319279,144,30170.115735
-43.418491,144,30173.804017
-32.46743,144,30177.092706
-47.742677,144,30180.619741
-38.210282,144,30184.095733
-40.662588,144,30187.577233
-41.126985,144,30191.375108
-46.779609,144,30195.003067
-56.669331,144,30198.764856
-52.113838,144,30202.548101
-53.693371,144,30206.314481
-42.920628,144,30210.046739
-51.68937,144,30213.775558
-65.907354,144,30217.586695
-40.110159,144,30221.084375
-37.837766,144,30224.911538
-44.675518,144,30228.527892
-69.053975,144,30232.03469
-58.276678,144,30236.009572
-50.428161,144,30240.077094
-58.094868,144,30243.836593
-41.325476,144,30247.616695
-36.033504,144,30251.407201
-49.548912,144,30255.031967
-39.391229,144,30258.659812
-32.646455,144,30262.260746
-41.90416,144,30265.830369
-44.631198,144,30269.464183
-53.846719,144,30273.056
-44.215899,144,30276.693283
-52.880144,144,30280.393977
-44.88963,144,30284.004846
-50.602407,144,30287.62361
-76.181016,144,30291.251495
-55.591185,144,30294.664927
-36.742864,144,30298.171719
-39.110842,144,30301.618592
-83.084039,144,30305.226011
-50.980804,144,30308.86239
-44.60326,144,30312.590526
-62.47583,144,30316.332326
-42.959907,144,30320.36024
-41.161995,144,30324.563128
-53.391095,144,30328.534652
-40.113137,144,30332.502292
-39.025846,144,30336.1873
-41.584246,144,30339.843369
-31.902099,144,30343.331865
-49.827187,144,30347.087339
-37.903385,144,30350.861681
-46.276253,144,30354.388695
-41.273864,144,30357.862058
-48.70776,144,30361.502648
-63.045827,144,30365.234001
-67.741503,144,30368.961371
-37.951743,144,30372.727895
-36.419706,144,30376.560524
-83.457767,144,30380.419298
-57.965062,144,30384.375678
-42.61711,144,30388.300198
-59.149003,144,30391.853843
-39.472312,144,30395.823384
-29.905806,144,30399.511744
-54.723621,144,30403.23033
-38.076496,144,30407.024888
-36.245625,144,30410.957589
-46.590139,144,30414.709345
-67.391421,144,30418.378716
-45.551552,144,30422.238699
-47.304255,144,30425.868005
-54.647684,144,30429.724856
-43.433507,144,30433.775218
-45.77483,144,30437.517203
-69.244661,144,30441.198097
-63.350602,144,30444.640015
-36.872832,144,30448.513074
-37.70869,144,30452.374969
-78.918956,144,30456.215709
-55.25708,144,30460.161359
-46.737193,144,30464.112988
-58.346269,144,30467.712153
-44.7929,144,30471.623793
-48.718465,144,30475.371791
-48.459712,144,30479.158954
-35.295294,144,30482.966712
-38.218343,144,30486.860421
-38.008691,144,30490.584605
-36.189008,144,30494.395769
-53.471753,144,30498.07948
-47.894879,144,30501.927456
-47.730725,144,30505.507988
-45.62595,144,30509.31278
-48.375605,144,30513.028572
-74.683525,144,30516.601149
-50.214849,144,30520.205733
-30.34027,144,30523.753822
-52.79966,144,30527.33978
-88.46045,144,30531.110844
-48.511602,144,30534.692759
-42.92832,144,30538.903782
-58.954742,144,30542.551526
-39.683093,144,30546.336825
-46.515325,144,30549.728823
-53.037244,144,30553.365448
-40.116721,144,30557.091345
-44.73386,144,30560.68971
-46.29267,144,30564.408731
-35.663399,144,30568.07089
-44.449985,144,30571.401007
-48.488102,144,30575.53554
-47.526726,144,30579.421967
-35.79341,144,30582.910407
-47.169695,144,30586.603622
-71.176074,144,30590.438105
-67.809633,144,30594.443772
-35.763159,144,30598.112643
-51.909405,144,30601.957709
-62.597284,144,30605.903195
-56.296723,144,30609.704583
-41.911126,144,30613.468207
-58.967449,144,30617.307646
-43.673642,144,30621.009069
-31.51455,144,30624.666905
-43.311548,144,30628.998586
-42.339901,144,30632.964523
-39.90605,144,30636.798056
-43.580372,144,30640.209646
-38.22001,144,30643.935856
-55.888649,144,30647.492093
-38.331511,144,30651.163065
-50.17648,144,30654.721332
-42.246632,144,30658.237311
-52.509063,144,30662.020479
-68.603813,144,30665.743152
-58.460894,144,30670.203601
-43.79776,144,30673.752693
-48.399178,144,30677.698826
-70.762224,144,30681.323682
-56.545752,144,30685.45693
-46.021154,144,30690.142855
-52.995557,144,30695.503859
-38.203893,144,30699.505877
-26.641359,144,30702.576596
-51.566441,144,30707.002319
-34.13685,144,30710.630975
-36.411372,144,30714.740216
-38.888325,144,30717.72918
-37.625105,144,30720.831205
-62.304674,144,30724.137086
-39.159733,144,30728.575258
-40.841567,144,30732.66427
-40.557134,144,30736.759593
-48.312677,144,30741.064363
-67.75676,144,30744.832998
-58.270204,144,30748.534625
-35.070431,144,30752.209743
-49.592863,144,30755.950178
-76.909673,144,30759.681418
-50.995827,144,30763.356517
-36.347287,144,30767.062109
-66.863855,144,30770.763076
-44.015673,144,30774.480438
-35.358408,144,30778.163186
-44.584741,144,30781.885064
-41.14364,144,30785.594927
-33.219357,144,30789.304496
-39.358751,144,30792.98783
-34.531474,144,30796.63752
-49.2772,144,30800.312284
-42.566319,144,30804.025062
-57.657167,144,30807.758426
-37.180113,144,30811.484005
-54.807971,144,30815.215744
-78.563536,144,30818.970054
-50.431019,144,30822.698931
-30.29842,144,30826.471249
-59.915956,144,30830.197162
-66.785712,144,30833.950822
-51.098521,144,30837.740601
-39.789925,144,30841.470915
-66.654343,144,30845.261658
-37.029278,144,30848.934529
-33.852657,144,30852.61817
-44.930092,144,30856.312945
-36.660878,144,30860.099453
-36.88326,144,30863.80611
-42.081716,144,30867.461792
-40.279611,144,30871.072438
-49.433354,144,30874.80454
-44.290659,144,30878.48367
-49.859701,144,30882.218207
-41.899881,144,30885.879708
-54.045695,144,30889.529564
-74.335536,144,30893.331416
-61.856731,144,30897.0884
-39.036864,144,30900.821058
-42.528355,144,30904.549081
-65.447024,144,30908.751254
-54.994903,144,30912.492919
-47.692235,144,30916.149512
-61.650273,144,30919.90112
-39.209697,144,30923.584944
-30.732512,144,30927.267866
-49.625834,144,30930.918181
-36.715945,144,30934.649696
-37.675419,144,30938.333908
-43.994932,144,30942.042183
-38.201515,144,30945.790009
-49.989261,144,30949.500127
-42.714656,144,30953.239049
-45.661114,144,30956.979577
-33.444385,144,30960.667235
-47.490424,144,30964.358774
-68.372788,144,30968.108954
-61.107802,144,30971.820835
-31.88297,144,30975.550561
-47.173944,144,30979.261119
-59.884459,144,30983.091023
-56.1274,144,30986.858363
-46.360924,144,30990.594619
-56.571317,144,30994.405999
-36.749361,144,30998.118247
-32.66585,144,31001.807106
-45.070483,144,31005.579253
-35.155953,144,31009.341271
-34.519092,144,31013.058153
-38.54262,144,31016.791884
-39.843699,144,31020.48918
-46.028356,144,31024.233035
-53.858358,144,31027.964461
-58.498677,144,31031.703246
-40.143331,144,31035.454007
-50.347799,144,31039.092034
-80.22559,144,31042.852296
-46.285957,144,31046.601805
-40.727269,144,31050.295435
-44.14535,144,31053.997179
-75.430144,144,31057.800311
-57.753127,144,31061.50879
-46.535583,144,31065.242479
-57.573574,144,31068.974581
-45.425069,144,31072.698743
-33.907033,144,31076.38979
-46.684356,144,31080.064262
-39.613497,144,31083.807288
-35.402769,144,31087.498257
-47.471151,144,31091.244856
-34.356086,144,31094.976991
-48.661525,144,31098.661533
-39.603892,144,31102.351351
-49.097497,144,31106.08815
-34.091913,144,31109.784086
-50.562109,144,31113.951228
-68.075273,144,31118.118309
-53.488975,144,31121.835502
-33.857177,144,31125.56292
-44.174296,144,31129.273782
-63.958428,144,31133.021113
-50.009907,144,31136.779451
-35.721015,144,31140.510186
-58.877695,144,31144.247615
-40.717105,144,31147.987243
-34.249219,144,31151.705584
-46.812871,144,31155.437979
-39.996814,144,31159.157121
-36.990924,144,31162.866263
-38.155271,144,31166.581025
-37.209479,144,31170.261067
-51.322424,144,31173.990304
-42.475119,144,31177.730134
-58.073044,144,31181.538258
-32.676623,144,31185.208712
-50.446149,144,31188.918818
-68.18414,144,31192.718657
-61.288114,144,31196.49248
-42.764303,144,31200.247522
-57.256139,144,31204.005016
-70.824956,144,31207.737225
-51.947394,144,31211.642635
-45.572315,144,31215.610145
-59.797212,144,31219.988058
-38.763045,144,31223.866345
-32.511146,144,31227.763393
-50.93625,144,31231.450542
-35.593111,144,31235.189262
-32.399112,144,31238.872988
-39.926863,144,31242.599018
-39.445007,144,31246.296244
-56.232363,144,31249.998239
-46.230362,144,31253.660161
-53.207202,144,31257.353369
-30.475125,144,31261.057775
-59.057971,144,31264.794907
-78.198238,144,31268.654629
-56.408069,144,31272.823077
-37.812421,144,31276.497739
-57.157843,144,31280.279636
-72.717724,144,31284.067785
-49.570273,144,31287.823913
-48.978876,144,31291.563912
-50.640492,144,31295.315391
-48.588744,144,31299.077197
-34.041533,144,31302.816889
-47.779346,144,31306.549867
-36.097443,144,31310.40309
-40.600396,144,31314.188227
-44.038557,144,31317.955726
-41.629045,144,31321.617709
-54.353615,144,31325.342882
-34.184114,144,31329.096601
-51.203294,144,31332.88594
-35.61112,144,31336.615008
-43.624186,144,31340.372539
-71.37082,144,31344.417082
-42.576875,144,31348.303408
-40.471263,144,31352.222982
-42.258902,144,31356.555595
-68.681186,144,31360.396523
-49.12981,144,31364.122134
-40.050059,144,31367.797308
-55.155993,144,31371.569476
-42.117277,144,31375.310539
-31.300807,144,31379.041748
-55.833186,144,31382.815744
-34.321918,144,31386.481679
-39.158716,144,31390.236763
-45.278512,144,31393.962073
-41.634312,144,31397.664216
-55.26938,144,31401.388413
-33.413467,144,31405.5087
-46.358008,144,31409.180478
-38.571084,144,31412.87602
-44.510078,144,31416.621802
-69.286481,144,31420.813325
-43.573491,144,31424.525947
-35.872834,144,31428.286658
-44.295889,144,31432.000131
-68.171481,144,31435.770331
-53.653121,144,31439.550054
-48.502886,144,31443.300093
-64.469924,144,31447.037378
-42.31934,144,31450.764868
-31.229176,144,31454.501257
-44.652217,144,31458.189392
-37.216721,144,31461.917048
-41.201912,144,31465.653024
-39.598612,144,31469.367109
-39.966363,144,31473.045655
-40.470297,144,31476.753162
-46.274211,144,31480.407407
-47.463934,144,31484.100931
-44.546224,144,31487.824179
-54.631949,144,31491.556164
-70.668639,144,31495.376368
-50.986873,144,31499.099666
-40.030141,144,31502.861271
-41.73603,144,31506.656124
-69.099106,144,31510.45804
-48.265016,144,31514.268189
-44.371379,144,31518.028752
-62.300133,144,31521.762639
-44.899882,144,31525.48703
-35.09525,144,31529.216452
-44.025722,144,31532.913512
-39.487815,144,31536.650194
-42.771563,144,31540.398613
-43.121466,144,31544.141334
-41.157243,144,31547.852103
-47.940643,144,31551.556244
-44.613722,144,31555.276116
-54.773816,144,31558.968344
-39.747639,144,31562.713707
-50.663785,144,31566.455064
-70.190672,144,31570.287874
-50.536966,144,31574.040615
-34.635201,144,31577.728853
-47.57128,144,31581.483342
-72.553207,144,31585.279076
-58.966357,144,31589.081104
-44.469832,144,31592.83507
-57.287176,144,31596.582213
-47.792874,144,31600.330742
-37.631497,144,31604.122955
-48.780661,144,31607.85876
-40.741416,144,31611.597612
-32.607096,144,31615.30508
-45.699623,144,31619.050061
-42.468759,144,31622.715977
-62.625449,144,31626.447237
-42.511974,144,31630.116951
-50.543688,144,31633.828702
-40.58333,144,31637.592566
-51.199391,144,31641.308804
-77.856754,144,31645.221022
-53.749591,144,31649.221151
-29.018961,144,31653.482305
-50.127274,144,31657.781365
-64.345132,144,31661.672031
-53.25017,144,31665.884972
-45.414583,144,31669.890892
-64.525278,144,31674.03265
-39.371281,144,31678.631074
-30.781464,144,31682.638785
-48.384801,144,31686.792666
-38.768875,144,31691.869133
-37.637595,144,31696.690734
-36.884045,144,31700.92799
-38.678087,144,31705.696843
-50.889645,144,31710.454565
-35.261399,144,31714.724857
-49.913051,144,31718.94366
-38.176623,144,31723.215982
-53.758464,144,31727.36835
-70.690778,144,31731.644519
-47.388582,144,31735.856178
-31.645753,144,31739.712803
-53.202893,144,31743.525033
-77.349845,144,31747.313778
-50.566771,144,31751.080723
-43.473776,144,31754.829343
-57.956948,144,31758.56291
-43.618954,144,31762.243628
-32.002973,144,31765.97298
-45.934741,144,31769.674654
-41.611929,144,31773.399483
-34.984839,144,31777.094194
-45.959598,144,31780.846192
-37.648523,144,31784.538845
-47.630913,144,31788.263012
-48.796958,144,31791.998157
-55.369766,144,31795.777403
-30.360766,144,31799.486242
-45.918594,144,31803.151818
-73.465173,144,31806.877157
-54.13545,144,31810.633299
-43.780408,144,31814.364261
-46.609866,144,31818.142781
-62.185368,144,31821.91598
-54.217031,144,31825.738013
-45.227108,144,31829.412315
-61.012582,144,31833.142728
-40.992646,144,31836.858572
-30.139085,144,31840.599183
-48.453794,144,31844.386923
-37.263352,144,31848.122912
-36.390592,144,31851.866502
-42.102453,144,31855.632976
-41.256803,144,31859.36
-45.138699,144,31863.065737
-42.145339,144,31866.799335
-45.473621,144,31870.543806
-41.212508,144,31874.236111
-49.994503,144,31878.005167
-76.975671,144,31881.787457
-55.779812,144,31885.533812
-36.779149,144,31889.32369
-42.132078,144,31893.073601
-69.748915,144,31896.896795
-47.31098,144,31900.686293
-43.120016,144,31904.492781
-60.242751,144,31908.212002
-37.490346,144,31911.935103
-29.638082,144,31915.624492
-48.147617,144,31919.387042
-40.06947,144,31923.140172
-33.910553,144,31926.854074
-46.043724,144,31931.068027
-36.987087,144,31934.730341
-57.275123,144,31938.48984
-44.832679,144,31942.222304
-47.946235,144,31945.994519
-36.149336,144,31949.710983
-48.057382,144,31953.503905
-66.129377,144,31957.315116
-60.358517,144,31961.071687
-37.29388,144,31964.801571
-57.684571,144,31968.557901
-74.456453,144,31972.403625
-58.902277,144,31976.213675
-45.977509,144,31980.000832
-56.42625,144,31983.795571
-39.305953,144,31987.542719
-32.943032,144,31991.272209
-52.00456,144,31995.019588
-36.388639,144,31998.745238
-37.272976,144,32002.470426
-39.994937,144,32006.232674
-37.429752,144,32009.979581
-51.278882,144,32013.760326
-35.399272,144,32017.542294
-52.867117,144,32021.325987
-45.159446,144,32025.13201
-42.102703,144,32028.836647
-72.854048,144,32032.628705
-60.875212,144,32036.376446
-37.323324,144,32040.130135
-44.942431,144,32043.91362
-65.298812,144,32047.710582
-45.861634,144,32051.721142
-52.661485,144,32055.607162
-63.949336,144,32059.395978
-40.187872,144,32063.154837
-34.011583,144,32066.875636
-50.852266,144,32070.617225
-39.381296,144,32074.309202
-46.608852,144,32078.091921
-40.140904,144,32081.803351
-42.988088,144,32085.525163
-49.845474,144,32089.267569
-48.554816,144,32092.96715
-56.67165,144,32096.732964
-43.279101,144,32100.539754
-42.487523,144,32104.854166
-66.293241,144,32108.786281
-53.944197,144,32113.174956
-31.900714,144,32117.517054
-51.494916,144,32121.741553
-71.723433,144,32125.500395
-52.394011,144,32129.202756
-44.476261,144,32132.940313
-65.072984,144,32136.689657
-43.401941,144,32140.368445
-35.715568,144,32144.094508
-44.970767,144,32148.106046
-41.68739,144,32152.274758
-34.947379,144,32155.995103
-40.953938,144,32159.700022
-38.47815,144,32163.336895
-53.281111,144,32167.04704
-42.820669,144,32170.758775
-49.652645,144,32174.511642
-44.427403,144,32178.216817
-47.343682,144,32181.877486
-94.98556,144,32185.641298
-50.869694,144,32189.374336
-36.511474,144,32193.060902
-45.073901,144,32196.801406
-64.549784,144,32200.994833
-52.584851,144,32204.734896
-50.806287,144,32208.627441
-54.493653,144,32212.384611
-40.864601,144,32216.170122
-34.956087,144,32219.905652
-48.281262,144,32223.656848
-40.864433,144,32227.436094
-38.623212,144,32231.214244
-45.428586,144,32235.108199
-35.531664,144,32238.839482
-52.497122,144,32242.56012
-40.797496,144,32246.295418
-58.175323,144,32250.052471
-30.28659,144,32253.809107
-49.702655,144,32257.580567
-61.31351,144,32261.33675
-63.618445,144,32265.079344
-37.935513,144,32268.827565
-50.646817,144,32272.546052
-72.687627,144,32276.34937
-54.693903,144,32280.084059
-36.734388,144,32283.839127
-54.955636,144,32287.649561
-42.656878,144,32291.406763
-33.278352,144,32295.12169
-55.87064,144,32299.234894
-39.259444,144,32302.933321
-37.125108,144,32306.621002
-45.231682,144,32310.358123
-37.77141,144,32314.023314
-55.94867,144,32317.754992
-40.751646,144,32321.492731
-48.266072,144,32325.220529
-41.355483,144,32328.942997
-45.647754,144,32332.643751
-73.910933,144,32336.464545
-58.978049,144,32340.177038
-41.208479,144,32343.858458
-49.152265,144,32347.610265
-69.060256,144,32351.369248
-54.039972,144,32355.141644
-37.651787,144,32358.864794
-57.732824,144,32362.631389
-40.727331,144,32366.37635
-33.769904,144,32370.118905
-49.660603,144,32373.893443
-37.490304,144,32377.653885
-41.162549,144,32381.352675
-39.662163,144,32385.109547
-38.988873,144,32388.839662
-56.634747,144,32392.593777
-39.200428,144,32396.732342
-43.953558,144,32400.853593
-33.115409,144,32404.556627
-49.52755,144,32408.317563
-64.836932,144,32412.032511
-66.712618,144,32415.777802
-35.573116,144,32419.486535
-55.455915,144,32423.242834
-69.896933,144,32426.973156
-56.737723,144,32430.756956
-41.47445,144,32434.487338
-64.883463,144,32438.245579
-41.177785,144,32441.976856
-32.785899,144,32445.706168
-50.289002,144,32449.440907
-35.924924,144,32453.187199
-33.908523,144,32456.953465
-45.815786,144,32460.686286
-43.364313,144,32464.42461
-55.319189,144,32468.602942
-51.263202,144,32472.349341
-46.447392,144,32476.103957
-42.592238,144,32479.798881
-43.885553,144,32483.528364
-63.372695,144,32487.27682
-54.496683,144,32490.995981
-38.044179,144,32494.757585
-41.855246,144,32498.516082
-64.358201,144,32502.307167
-58.189974,144,32506.063857
-53.555848,144,32509.819531
-63.855363,144,32513.606615
-43.939732,144,32517.341393
-32.542841,144,32521.07901
-44.155569,144,32524.795563
-38.562438,144,32528.524526
-37.675142,144,32532.262909
-45.726924,144,32535.991998
-37.368135,144,32539.760973
-54.644759,144,32543.498852
-46.479075,144,32547.264298
-51.340708,144,32551.006916
-39.102231,144,32554.760701
-49.724843,144,32558.504382
-76.624715,144,32562.325907
-57.239854,144,32566.105592
-34.209707,144,32569.829316
-49.378878,144,32573.616211
-77.053714,144,32577.449558
-54.692394,144,32581.690216
-49.41515,144,32585.418665
-64.035547,144,32589.192659
-40.163941,144,32592.912174
-26.701084,144,32596.641598
-54.008234,144,32600.425191
-42.713384,144,32604.200364
-38.048905,144,32607.966925
-51.597991,144,32611.752306
-39.437139,144,32615.503282
-50.450282,144,32619.271307
-42.567117,144,32622.977999
-48.543276,144,32626.712425
-48.230533,144,32630.488814
-43.682529,144,32634.236338
-74.009426,144,32638.025789
-46.42949,144,32641.765009
-33.764984,144,32645.523996
-44.617988,144,32649.307007
-54.05555,144,32653.064224
-52.613788,144,32656.823592
-48.394344,144,32660.598488
-59.395615,144,32664.381674
-41.355259,144,32668.114064
-33.945326,144,32671.856361
-54.122716,144,32675.601594
-37.280544,144,32679.30316
-36.73463,144,32683.025269
-45.360724,144,32686.817826
-38.261424,144,32690.506804
-53.040294,144,32694.278026
-45.943269,144,32698.011333
-48.597327,144,32701.779095
-37.61247,144,32705.496847
-49.462962,144,32709.183311
-66.665541,144,32712.955363
-61.634056,144,32716.754496
-34.619387,144,32720.48289
-54.837003,144,32724.225786
-68.441236,144,32727.996663
-54.481443,144,32731.753906
-45.150567,144,32735.505468
-60.621884,144,32739.245274
-42.147817,144,32742.986871
-32.779975,144,32746.692542
-50.445428,144,32750.469476
-38.464859,144,32754.243006
-33.695707,144,32757.956159
-38.407428,144,32761.722002
-40.682985,144,32765.464612
-50.813648,144,32769.267319
-47.914545,144,32773.022883
-53.511609,144,32776.794428
-40.95761,144,32780.528705
-50.148774,144,32784.260319
-68.150804,144,32788.016478
-57.193555,144,32792.250643
-31.182749,144,32795.991366
-46.485245,144,32799.753092
-64.075728,144,32803.491193
-52.959091,144,32807.293747
-45.187341,144,32811.076752
-63.198415,144,32814.801816
-44.234962,144,32818.542724
-35.030564,144,32822.303045
-46.12576,144,32826.037954
-37.996268,144,32829.788486
-34.173526,144,32833.506444
-38.499727,144,32837.176996
-38.741689,144,32840.854175
-55.801075,144,32844.61114
-43.176069,144,32848.353129
-41.688844,144,32852.044916
-39.406536,144,32855.737855
-45.606441,144,32859.476557
-67.688915,144,32863.201935
-51.906642,144,32866.881679
-40.934144,144,32870.548815
-47.117738,144,32874.691313
-69.797174,144,32878.915225
-49.221525,144,32882.65615
-46.998761,144,32886.357644
-61.753425,144,32890.131662
-42.416351,144,32893.860964
-29.471047,144,32897.524996
-53.855666,144,32901.252589
-36.709841,144,32904.925219
-31.4734,144,32908.624882
-39.151356,144,32912.326109
-35.729893,144,32916.009551
-48.303108,144,32919.748317
-45.916935,144,32923.413165
-52.382685,144,32927.194637
-37.502215,144,32930.92796
-42.927804,144,32934.684686
-64.044806,144,32938.452004
-57.140857,144,32942.210465
-35.335704,144,32945.914845
-64.064027,144,32949.665726
-66.178158,144,32953.463519
-52.750726,144,32957.236431
-40.863418,144,32961.003668
-65.80629,144,32964.799181
-39.449457,144,32968.507385
-27.601227,144,32972.18987
-43.401317,144,32975.908121
-42.982851,144,32979.682565
-33.123831,144,32983.421102
-40.003292,144,32987.121241
-37.134186,144,32990.835848
-52.068647,144,32994.595137
-45.383188,144,32998.330098
-49.44254,144,33002.049772
-36.113826,144,33005.795518
-39.378383,144,33009.505127
-79.819027,144,33013.277539
-52.024097,144,33016.955983
-33.306879,144,33020.675244
-56.334142,144,33024.434551
-74.372094,144,33028.188928
-47.899788,144,33031.978849
-41.591243,144,33035.712759
-54.546368,144,33039.391566
-42.785263,144,33043.037244
-29.431179,144,33046.737973
-48.388354,144,33050.455541
-40.675693,144,33054.164814
-32.236585,144,33057.849814
-39.822747,144,33061.561398
-43.581623,144,33065.356513
-56.509115,144,33069.641584
-42.698798,144,33073.873225
-50.647413,144,33077.760113
-34.344785,144,33081.53678
-49.830015,144,33085.324554
-71.416077,144,33089.095927
-53.23247,144,33092.86241
-30.500245,144,33096.637361
-57.692168,144,33100.418875
-67.255587,144,33104.153115
-47.576652,144,33108.018516
-44.620021,144,33111.820495
-56.547001,144,33115.657726
-40.116083,144,33119.561346
-36.631553,144,33123.399854
-51.893025,144,33127.307797
-43.921019,144,33131.236206
-31.081671,144,33135.049333
-39.868861,144,33138.768523
-37.658928,144,33142.421978
-54.495101,144,33146.184444
-45.272514,144,33149.904308
-53.444907,144,33153.638708
-41.274836,144,33157.380977
-42.292259,144,33161.098928
-67.396574,144,33164.874964
-65.224308,144,33168.628998
-32.86664,144,33172.354426
-44.931295,144,33176.080969
-73.643064,144,33179.920511
-52.162454,144,33183.705492
-45.054258,144,33187.472228
-60.150364,144,33191.212701
-40.58317,144,33194.965395
-32.587471,144,33198.66988
-47.560858,144,33202.374281
-33.264241,144,33206.063631
-28.376146,144,33209.765628
-41.883605,144,33213.483807
-34.724731,144,33217.178672
-52.009073,144,33220.883095
-61.105501,144,33224.640076
-47.166438,144,33228.432329
-37.572394,144,33232.18104
-48.009103,144,33235.889938
-59.944943,144,33239.648189
-52.325323,144,33243.414717
-28.445888,144,33247.123963
-53.059681,144,33250.908341
-68.819638,144,33254.624643
-54.712079,144,33258.386864
-42.429902,144,33262.118935
-57.751208,144,33265.872512
-37.063137,144,33270.003558
-36.967877,144,33273.759582
-60.365098,144,33277.55995
-37.003628,144,33281.265475
-29.871822,144,33284.996195
-43.879401,144,33288.71092
-37.811141,144,33292.454989
-49.321054,144,33296.174978
-56.89966,144,33299.935731
-54.186411,144,33303.689506
-36.248859,144,33307.39587
-46.747477,144,33311.095113
-62.949721,144,33314.863163
-57.379665,144,33318.567193
-32.058413,144,33322.306849
-43.953337,144,33326.050483
-65.780103,144,33329.892106
-50.375664,144,33333.666348
-39.995464,144,33337.405839
-68.737946,144,33341.185535
-44.224867,144,33344.94031
-27.358918,144,33348.593704
-45.186063,144,33352.34191
-36.718539,144,33355.990505
-36.911356,144,33359.951258
-42.120648,144,33363.759574
-37.980067,144,33367.475874
-49.064467,144,33371.221924
-48.157052,144,33375.022823
-49.532604,144,33378.741632
-46.122723,144,33382.483844
-52.420382,144,33386.173988
-68.135865,144,33389.871234
-64.130239,144,33393.617994
-34.840614,144,33397.343614
-49.118776,144,33401.12371
-70.124336,144,33404.951935
-57.117723,144,33408.698981
-42.432971,144,33412.422943
-66.347604,144,33416.172855
-43.164762,144,33419.962747
-37.885514,144,33423.64545
-51.612382,144,33427.379394
-40.332753,144,33431.471802
-32.938315,144,33435.149217
-42.15242,144,33439.251655
-35.825285,144,33442.909755
-52.017572,144,33446.618366
-45.756176,144,33450.355842
-48.941268,144,33454.045059
-33.548567,144,33457.769244
-41.703545,144,33461.480986
-63.713547,144,33465.268658
-59.819209,144,33469.006878
-37.730204,144,33472.763054
-37.938661,144,33476.482537
-70.132639,144,33480.377968
-50.340613,144,33484.200904
-42.285077,144,33487.944119
-55.618828,144,33492.158799
-41.853431,144,33495.924039
-31.528138,144,33499.634146
-43.805484,144,33503.416235
-39.602607,144,33507.11848
-40.663536,144,33510.809065
-38.837334,144,33514.587361
-35.620609,144,33518.319108
-47.512491,144,33522.071859
-31.480891,144,33525.770983
-47.394839,144,33529.494568
-36.127771,144,33533.162893
-45.521893,144,33536.842309
-61.296736,144,33540.582313
-65.662374,144,33544.365002
-32.252545,144,33548.103451
-42.94276,144,33551.866902
-67.124451,144,33555.651282
-56.552823,144,33559.399899
-43.711152,144,33563.097465
-55.038116,144,33566.831442
-45.565266,144,33570.515322
-33.056809,144,33574.217492
-45.715555,144,33577.951077
-34.545923,144,33581.656731
-35.211881,144,33585.400236
-40.889677,144,33589.080873
-40.128284,144,33592.73279
-56.698505,144,33596.497775
-42.132054,144,33600.245039
-53.672331,144,33603.977936
-35.944281,144,33607.684984
-49.648192,144,33611.413766
-65.892256,144,33615.175027
-53.870763,144,33618.930838
-42.197846,144,33622.668497
-54.539417,144,33626.374733
-59.936875,144,33630.11087
-48.696582,144,33633.839602
-42.992359,144,33637.603607
-61.347627,144,33641.400744
-39.039702,144,33645.162456
-28.719724,144,33648.869095
-47.851975,144,33652.581817
-36.19964,144,33656.763714
-40.733484,144,33660.477553
-37.959788,144,33664.183434
-37.697566,144,33667.91602
-60.137433,144,33671.670554
-42.580817,144,33675.402519
-52.539021,144,33679.195592
-37.476751,144,33682.8733
-54.547549,144,33686.675016
-68.414188,144,33690.470077
-54.069005,144,33694.258967
-31.897232,144,33697.92119
-41.581558,144,33701.693355
-67.90353,144,33705.48801
-58.892617,144,33709.327378
-36.947502,144,33713.082502
-54.055752,144,33716.812459
-40.536863,144,33720.597546
-32.997015,144,33724.325934
-45.157495,144,33728.049474
-41.814321,144,33731.860722
-43.841423,144,33735.601985
-41.100615,144,33739.327944
-36.632536,144,33742.996259
-50.488822,144,33747.183731
-45.522399,144,33750.834151
-49.246421,144,33754.591294
-48.065776,144,33758.289591
-47.222594,144,33762.062338
-67.525653,144,33765.840117
-64.306633,144,33769.60796
-37.052881,144,33773.31531
-47.717014,144,33777.021881
-67.887012,144,33780.759975
-57.35659,144,33784.568832
-42.537801,144,33788.339427
-59.450093,144,33792.086509
-37.425093,144,33795.824947
-26.902485,144,33799.567799
-46.245657,144,33803.307825
-37.900279,144,33807.055857
-36.611679,144,33810.762615
-40.663993,144,33814.426491
-33.675966,144,33818.106944
-51.197293,144,33821.828002
-38.677314,144,33825.573674
-48.760156,144,33829.304302
-29.507517,144,33832.995234
-51.09485,144,33836.740195
-72.152307,144,33840.531895
-50.914041,144,33844.279654
-31.500961,144,33848.06033
-47.339683,144,33851.80464
-69.987824,144,33855.552986
-50.868214,144,33859.320797
-51.597042,144,33863.03106
-56.496343,144,33866.87245
-38.71783,144,33870.630454
-27.792632,144,33874.374986
-47.508168,144,33878.093067
-35.621865,144,33881.812619
-43.519503,144,33885.541171
-45.315008,144,33889.327872
-36.196994,144,33893.020204
-54.079187,144,33896.743926
-33.941129,144,33900.432784
-44.876723,144,33904.123565
-32.423599,144,33907.832785
-42.062748,144,33911.57247
-57.639327,144,33915.30108
-47.31868,144,33918.970272
-32.682172,144,33922.702044
-51.042043,144,33926.487292
-61.834288,144,33930.260772
-47.372417,144,33933.995828
-44.383504,144,33937.741164
-58.084978,144,33941.47066
-41.279046,144,33945.195531
-27.070079,144,33948.92168
-50.611401,144,33952.657348
-37.452562,144,33956.394495
-36.446233,144,33960.033824
-38.953204,144,33963.912619
-29.513193,144,33968.193865
-51.634654,144,33972.22101
-48.907159,144,33976.169479
-51.320576,144,33980.456672
-40.101591,144,33984.124916
-47.741895,144,33987.821877
-71.807442,144,33991.562599
-51.707013,144,33995.303059
-30.231215,144,33998.982849
-43.268459,144,34002.726184
-66.075584,144,34006.498932
-56.999103,144,34010.514075
-44.248199,144,34014.219877
-66.316104,144,34018.039669
-41.624309,144,34021.767542
-34.263763,144,34025.496513
-47.106867,144,34029.182342
-39.463328,144,34032.890934
-34.106638,144,34037.087202
-41.828518,144,34040.824899
-37.654413,144,34044.523365
-54.734261,144,34048.270547
-40.812732,144,34051.985181
-53.485683,144,34055.733198
-41.510947,144,34059.469613
-45.813686,144,34063.663838
-67.417096,144,34067.395872
-50.14793,144,34071.139696
-36.680276,144,34074.843855
-35.480893,144,34078.579626
-81.172011,144,34082.346482
-50.939362,144,34086.05257
-43.912634,144,34090.207314
-64.301001,144,34094.377299
-40.744568,144,34098.103776
-32.738067,144,34101.85784
-46.20648,144,34105.594704
-38.255746,144,34109.267166
-38.572051,144,34112.970043
-38.321723,144,34116.712627
-34.565363,144,34120.543401
-49.810708,144,34124.239941
-45.421638,144,34127.940127
-50.047592,144,34131.615055
-39.426507,144,34135.324463
-43.101965,144,34139.069601
-53.79629,144,34142.781945
-42.098587,144,34146.486055
-34.639629,144,34150.21046
-50.098268,144,34153.914065
-67.037236,144,34157.638985
-46.506181,144,34161.37253
-44.642145,144,34165.127883
-61.17058,144,34168.893772
-35.482658,144,34172.59044
-25.612832,144,34176.286448
-45.636683,144,34180.054084
-41.549979,144,34183.792456
-39.095585,144,34187.531616
-40.495796,144,34191.26878
-39.404114,144,34194.989391
-54.165858,144,34198.747095
-37.194185,144,34202.470316
-48.844489,144,34206.18906
-42.896385,144,34209.91125
-44.119919,144,34213.61924
-71.37082,144,34217.437836
-56.168733,144,34221.14885
-27.775349,144,34224.855445
-49.760723,144,34228.565138
-73.662042,144,34232.325294
-48.63202,144,34236.129967
-45.066506,144,34239.898461
-58.313569,144,34243.670764
-35.163941,144,34247.362636
-25.682618,144,34251.094885
-39.405652,144,34254.796632
-37.791208,144,34258.470424
-30.413355,144,34262.15517
-42.279293,144,34265.873013
-34.633672,144,34269.557251
-52.173503,144,34273.246077
-34.732326,144,34276.862404
-50.895227,144,34280.566978
-35.961368,144,34284.263555
-46.412062,144,34287.982937
-70.648992,144,34291.74496
-52.312387,144,34295.450025
-39.026375,144,34299.11815
-42.356214,144,34302.787481
-53.830011,144,34306.50145
-52.349013,144,34310.665004
-42.49662,144,34314.411264
-58.456632,144,34318.66547
-38.392754,144,34322.418682
-34.854514,144,34326.126279
-43.438807,144,34329.860916
-41.601168,144,34333.582975
-30.389188,144,34337.302486
-42.569719,144,34341.052618
-35.449573,144,34344.808672
-56.618335,144,34348.53964
-43.05711,144,34352.265656
-45.670912,144,34356.024642
-40.832226,144,34359.76371
-48.814916,144,34363.547651
-70.768169,144,34367.40643
-51.419908,144,34371.145752
-34.736325,144,34374.927626
-51.607415,144,34378.673455
-65.015508,144,34382.503553
-58.021813,144,34386.267819
-38.905047,144,34389.967708
-64.632823,144,34393.776565
-43.345141,144,34397.558841
-35.809176,144,34401.321998
-39.171136,144,34405.050669
-42.575638,144,34408.779553
-33.38301,144,34412.470124
-43.753724,144,34416.225066
-35.625791,144,34419.952489
-45.717614,144,34423.739431
-42.148089,144,34427.492268
-51.314079,144,34431.2292
-36.081993,144,34434.900836
-53.00658,144,34439.089448
-62.267957,144,34442.890215
-68.034532,144,34446.709959
-34.469331,144,34450.498429
-41.359307,144,34454.234626
-63.699761,144,34458.002704
-52.673,144,34461.721722
-42.767473,144,34465.526473
-57.713184,144,34469.325989
-37.549732,144,34473.056521
-30.273561,144,34476.725386
-54.578511,144,34480.450523
-41.756355,144,34484.174313
-36.513735,144,34487.902579
-45.55716,144,34491.64595
-32.680424,144,34495.364596
-52.888058,144,34499.071778
-30.995122,144,34502.767921
-56.226539,144,34506.520889
-38.622356,144,34510.245275
-47.161429,144,34513.891806
-69.646368,144,34517.657397
-50.441833,144,34521.309618
-35.290764,144,34525.056718
-44.812856,144,34528.795897
-63.722911,144,34532.550975
-59.659649,144,34536.328959
-39.920724,144,34540.080259
-55.746298,144,34543.837707
-40.453161,144,34547.602585
-29.710415,144,34551.350205
-50.257841,144,34555.067437
-40.452866,144,34558.781985
-34.442897,144,34562.474687
-40.261414,144,34566.234407
-37.215635,144,34569.912888
-51.000647,144,34573.651794
-35.489579,144,34577.318988
-51.976426,144,34581.06251
-33.859857,144,34584.757741
-54.044559,144,34588.471666
-72.497177,144,34592.217674
-50.463143,144,34595.986937
-33.071904,144,34599.717343
-41.764835,144,34603.458713
-76.007335,144,34607.257674
-45.331045,144,34611.432684
-38.71782,144,34615.173147
-60.563938,144,34618.916879
-40.200578,144,34622.673197
-29.917398,144,34626.365081
-49.786222,144,34630.103465
-42.971004,144,34633.825849
-37.346764,144,34637.534378
-41.36817,144,34641.22653
-40.037364,144,34644.912901
-52.701525,144,34648.637534
-48.693287,144,34652.312936
-50.10642,144,34656.036108
-36.223711,144,34659.706239
-50.982498,144,34663.442139
-64.828131,144,34667.188267
-52.902746,144,34670.901821
-34.147803,144,34675.033258
-45.543327,144,34678.758767
-62.328865,144,34682.518747
-57.673884,144,34686.322749
-43.983194,144,34690.00516
-56.851074,144,34693.724469
-39.328579,144,34697.488431
-31.394173,144,34701.202938
-53.36332,144,34704.938798
-44.411497,144,34708.63959
-35.244077,144,34712.351596
-47.691244,144,34716.059399
-35.376641,144,34719.730764
-50.364503,144,34723.42132
-43.607627,144,34727.160258
-55.353189,144,34730.935636
-44.444041,144,34734.644115
-50.214682,144,34738.362231
-67.71041,144,34742.116368
-51.931169,144,34746.281395
-31.323268,144,34749.984271
-58.446472,144,34753.728431
-68.972411,144,34757.519223
-52.083206,144,34761.316822
-35.304748,144,34765.097964
-52.92396,144,34768.87751
-40.195402,144,34772.614673
-31.50184,144,34776.376919
-46.574024,144,34780.094388
-39.730503,144,34783.807408
-34.463457,144,34787.499357
-43.778076,144,34791.238063
-34.624925,144,34794.919537
-57.059768,144,34798.719216
-41.320732,144,34802.469865
-54.342529,144,34806.256709
-42.167185,144,34809.962279
-41.254994,144,34813.572761
-61.262961,144,34817.318326
-54.369177,144,34821.003476
-36.556292,144,34824.712294
-47.143289,144,34828.427155
-55.952816,144,34832.149083
-56.175207,144,34835.887758
-44.094214,144,34839.618052
-61.163322,144,34843.364628
-38.957436,144,34847.071513
-35.645886,144,34850.724187
-53.397334,144,34854.439527
-35.942996,144,34858.11106
-32.717075,144,34861.821552
-39.506651,144,34866.207381
-36.501002,144,34870.108543
-52.273367,144,34874.378229
-40.305543,144,34878.276728
-46.958321,144,34882.054708
-34.642852,144,34885.760623
-48.276082,144,34889.473838
-72.283014,144,34893.275964
-46.278448,144,34896.989121
-33.137383,144,34900.723954
-50.191385,144,34904.4408
-80.21205,144,34908.350651
-52.34514,144,34912.191068
-51.073148,144,34915.985187
-61.092778,144,34919.823963
-50.062411,144,34923.634553
-35.686262,144,34927.346995
-54.172796,144,34931.067638
-38.078102,144,34934.900096
-36.529547,144,34938.627985
-46.419894,144,34942.366976
-44.3039,144,34946.044481
-51.714504,144,34949.760415
-39.920482,144,34953.479322
-49.103544,144,34957.219498
-45.007999,144,34960.969896
-43.559406,144,34964.696543
-67.065893,144,34968.45691
-67.217966,144,34972.22763
-43.180664,144,34975.954391
-40.038306,144,34979.682434
-69.104095,144,34983.5292
-55.156811,144,34987.320538
-43.802363,144,34991.046166
-61.379594,144,34994.830214
-39.185933,144,34998.459068
-32.382268,144,35002.155063
-48.4957,144,35005.834975
-41.165421,144,35009.606153
-32.328809,144,35013.299637
-44.350173,144,35017.022889
-33.948722,144,35020.718885
-53.148314,144,35024.445682
-41.797284,144,35028.132381
-49.591814,144,35031.874386
-46.108637,144,35035.574964
-48.387571,144,35039.295345
-66.07891,144,35043.064824
-44.882685,144,35046.851347
-35.826591,144,35050.559982
-54.591918,144,35054.328541
-68.51885,144,35058.114713
-51.777397,144,35061.867529
-44.027386,144,35065.592215
-56.043424,144,35069.342203
-42.235001,144,35073.030167
-32.412725,144,35076.733126
-47.005074,144,35080.455828
-43.967576,144,35084.21672
-39.674577,144,35087.979933
-37.118508,144,35092.183252
-34.157049,144,35095.892156
-46.278219,144,35099.595781
-42.411892,144,35103.290398
-51.768431,144,35107.000654
-48.334498,144,35110.739995
-42.852723,144,35114.457905
-65.95019,144,35118.210893
-47.110602,144,35121.971215
-35.454525,144,35125.710983
-51.952514,144,35129.513119
-71.827772,144,35133.329528
-55.59415,144,35137.112766
-42.360835,144,35140.867756
-66.252082,144,35144.637974
-47.08843,144,35148.33304
-31.096366,144,35152.487084
-49.060148,144,35156.193236
-39.526447,144,35159.951529
-38.500734,144,35163.65583
-38.441579,144,35167.407753
-35.218372,144,35171.099762
-60.125461,144,35174.854087
-40.315968,144,35178.557153
-52.950568,144,35182.309294
-56.081927,144,35186.038566
-43.337107,144,35189.720032
-68.61627,144,35193.451833
-49.90311,144,35197.179011
-42.270147,144,35200.899493
-51.970334,144,35204.53866
-66.717814,144,35208.290031
-52.900756,144,35212.038168
-41.691173,144,35215.769382
-63.886432,144,35219.546377
-46.226817,144,35223.241595
-32.326769,144,35226.937717
-48.819521,144,35230.666055
-37.091232,144,35234.39342
-31.661269,144,35238.099796
-42.424542,144,35241.786998
-36.101991,144,35245.508771
-55.640375,144,35249.274516
-35.532578,144,35252.993497
-50.393229,144,35256.767471
-38.127732,144,35260.501806
-45.00514,144,35264.185025
-65.802173,144,35267.946064
-45.902807,144,35271.675367
-39.898453,144,35275.367277
-54.051263,144,35279.176995
-77.451655,144,35282.987122
-48.259201,144,35286.764812
-42.439548,144,35290.51318
-61.295024,144,35294.285528
-46.682736,144,35298.071751
-33.098632,144,35301.823195
-50.318413,144,35305.551464
-38.666264,144,35309.241737
-37.6693,144,35313.002709
-46.137968,144,35316.810113
-33.910879,144,35320.552873
-49.907986,144,35324.277319
-55.583397,144,35327.972643
-55.892358,144,35331.758177
-33.818686,144,35335.470759
-53.500567,144,35339.225949
-68.435022,144,35343.026664
-47.728109,144,35346.75482
-31.780673,144,35350.480194
-50.525605,144,35354.186288
-63.798484,144,35357.940337
-51.453959,144,35361.643321
-40.288213,144,35365.399572
-56.229008,144,35369.564668
-37.826241,144,35373.323572
-29.336262,144,35377.042587
-51.561461,144,35380.717505
-40.096145,144,35384.412464
-36.840407,144,35388.122013
-41.45504,144,35391.810993
-36.283868,144,35395.511737
-52.075587,144,35399.269399
-39.500248,144,35402.942106
-49.759347,144,35406.716051
-35.302759,144,35410.403733
-49.887053,144,35414.132803
-67.356076,144,35418.318862
-58.626913,144,35422.087006
-30.714602,144,35425.794305
-45.615791,144,35429.530684
-61.263331,144,35433.312926
-61.860556,144,35437.120065
-48.752797,144,35440.850402
-61.547857,144,35444.662031
-38.915296,144,35448.415647
-31.030174,144,35452.111674
-52.755324,144,35455.931304
-41.200786,144,35459.677572
-33.529571,144,35463.388268
-43.815189,144,35467.130321
-37.490918,144,35470.845942
-47.693938,144,35474.564332
-42.401167,144,35478.251388
-47.138413,144,35481.942392
-35.563662,144,35486.036758
-48.217984,144,35489.770555
-60.477501,144,35493.482652
-52.938145,144,35497.225289
-39.615369,144,35500.995464
-40.441241,144,35504.719601
-66.227267,144,35508.418696
-47.563248,144,35512.167257
-47.501477,144,35515.935493
-59.092819,144,35519.716504
-40.975025,144,35523.432978
-34.692791,144,35527.121609
-51.743539,144,35530.85545
-42.90993,144,35534.547233
-35.270128,144,35538.724244
-36.246464,144,35542.473225
-47.018704,144,35546.147216
-50.165405,144,35549.846318
-48.309672,144,35553.647561
-53.419041,144,35557.331755
-37.96239,144,35561.021927
-51.324054,144,35564.756257
-65.287963,144,35568.490364
-50.802745,144,35572.172123
-38.232719,144,35575.89841
-47.668353,144,35579.582728
-68.192857,144,35583.38255
-62.158092,144,35587.153099
-37.925014,144,35590.868687
-57.343182,144,35594.625627
-47.901734,144,35598.408534
-33.151963,144,35602.06838
-46.772292,144,35605.78414
-32.055665,144,35609.447871
-35.666212,144,35613.19416
-38.499086,144,35616.837097
-33.663898,144,35620.535973
-50.778686,144,35624.261063
-32.195527,144,35627.955307
-50.010355,144,35631.692994
-39.639717,144,35635.814833
-50.910225,144,35639.497294
-64.846562,144,35643.259124
-54.243432,144,35646.924066
-33.246137,144,35650.924071
-55.028743,144,35654.682098
-63.109884,144,35658.394399
-55.561177,144,35662.233105
-35.310631,144,35665.9767
-56.974939,144,35670.128406
-48.193814,144,35673.883416
-30.957662,144,35677.544449
-48.457935,144,35681.28992
-39.987413,144,35685.065398
-36.500591,144,35688.747107
-42.627863,144,35692.460142
-33.9323,144,35696.103371
-57.361266,144,35699.896936
-46.063222,144,35703.616924
-48.684457,144,35707.366545
-36.803844,144,35711.074693
-50.596163,144,35714.824082
-79.673678,144,35718.717846
-50.082968,144,35722.499483
-36.264827,144,35726.17697
-46.69983,144,35729.902494
-64.73345,144,35733.630135
-49.21841,144,35737.372563
-44.523113,144,35741.074399
-59.929006,144,35744.901873
-38.242807,144,35748.96708
-31.405561,144,35752.666969
-55.444742,144,35756.37506
-39.599065,144,35760.050029
-37.16868,144,35763.901305
-42.740404,144,35767.834066
-38.671587,144,35771.71963
-56.807977,144,35776.10196
-40.946298,144,35780.047956
-50.302798,144,35783.767825
-47.442747,144,35787.477505
-54.229811,144,35791.148711
-69.159015,144,35794.90267
-55.667828,144,35798.598757
-36.06967,144,35802.268236
-49.924823,144,35805.984524
-61.243712,144,35809.87748
-48.110165,144,35813.612475
-45.32865,144,35817.366153
-54.986329,144,35821.241066
-43.315614,144,35824.965462
-33.216706,144,35828.706368
-55.101069,144,35832.472384
-34.272536,144,35836.322095
-34.585104,144,35840.044254
-42.827853,144,35843.766709
-32.654984,144,35847.470556
-55.103331,144,35851.219088
-41.335701,144,35854.921507
-44.055809,144,35858.691636
-38.855219,144,35862.412607
-48.914896,144,35866.080183
-68.02627,144,35869.881365
-48.030253,144,35873.644803
-31.257458,144,35877.355233
-44.905384,144,35881.100981
-68.924791,144,35884.902583
-56.690914,144,35888.682551
-38.006922,144,35892.405157
-67.128415,144,35896.157831
-37.096625,144,35899.863051
-31.344093,144,35903.607824
-49.627336,144,35907.359677
-36.535157,144,35911.094906
-37.436841,144,35914.79583
-39.03245,144,35918.483707
-47.105382,144,35922.184864
-48.89609,144,35925.872704
-44.615266,144,35929.565736
-47.468701,144,35933.309051
-35.548359,144,35936.959721
-49.02057,144,35941.081978
-71.549152,144,35944.755003
-51.918483,144,35948.502008
-35.674342,144,35952.254256
-48.793731,144,35955.986382
-69.116328,144,35959.72857
-56.801934,144,35963.46677
-42.788243,144,35967.22563
-66.576766,144,35970.974058
-43.938636,144,35975.102407
-32.446957,144,35978.874428
-55.001388,144,35982.57005
-37.947118,144,35986.25302
-33.566561,144,35989.935988
-35.203816,144,35993.653042
-40.327259,144,35997.308781
-58.690287,144,36001.035312
-44.311448,144,36004.734412
-54.803605,144,36008.467746
-37.275238,144,36012.190963
-52.289192,144,36015.94597
-69.936333,144,36019.765459
-47.822235,144,36023.493904
-34.595172,144,36027.195105
-40.428807,144,36030.948692
-61.062397,144,36034.727568
-46.248281,144,36038.47629
-40.91518,144,36042.250238
-60.478948,144,36046.04291
-40.775191,144,36049.726167
-28.997325,144,36053.848923
-54.317975,144,36057.590046
-37.79376,144,36061.32595
-40.400482,144,36065.476167
-40.691592,144,36069.179147
-33.233139,144,36072.879122
-51.40359,144,36076.557804
-57.38922,144,36080.268095
-46.66608,144,36084.010743
-34.051984,144,36087.692579
-44.568307,144,36091.391583
-62.802657,144,36095.090961
-52.218767,144,36098.789962
-34.581139,144,36102.504056
-53.802128,144,36106.269983
-68.620285,144,36109.982363
-53.252955,144,36113.763264
-41.926908,144,36117.511716
-56.752764,144,36121.248981
-41.948702,144,36124.972604
-31.358914,144,36128.691255
-48.46183,144,36132.417722
-38.27772,144,36136.184664
-31.460343,144,36139.940958
-38.757186,144,36143.679925
-38.819602,144,36147.390662
-52.514916,144,36151.08862
-45.277688,144,36154.806017
-54.350923,144,36158.5502
-32.467682,144,36162.234588
-44.331629,144,36165.93751
-68.191546,144,36169.681936
-53.891987,144,36173.400944
-39.863356,144,36177.18562
-55.859617,144,36180.944152
-73.121191,144,36184.761314
-54.086799,144,36188.586928
-42.132251,144,36192.314208
-56.969162,144,36196.071724
-41.431853,144,36199.817468
-33.408169,144,36203.548467
-55.302993,144,36207.776259
-40.13501,144,36211.481275
-35.814589,144,36215.209618
-41.602375,144,36218.961847
-40.867725,144,36222.709971
-44.0578,144,36226.42316
-44.151491,144,36230.18223
-51.043365,144,36233.913761
-36.078977,144,36237.636877
-52.618738,144,36241.403919
-72.246904,144,36245.158864
-47.44858,144,36248.857987
-34.997687,144,36252.654719
-53.481881,144,36256.370876
-81.468302,144,36260.188745
-55.446453,144,36263.986831
-48.410908,144,36267.697082
-67.126379,144,36271.444126
-41.466638,144,36275.574585
-36.14953,144,36279.309328
-51.329097,144,36282.996789
-39.490116,144,36286.785387
-33.953119,144,36290.494336
-37.588225,144,36294.251015
-40.687159,144,36297.923292
-48.568411,144,36301.648293
-39.824302,144,36305.383471
-51.324462,144,36309.161768
-33.030417,144,36312.863225
-49.923823,144,36316.561742
-66.868139,144,36320.309258
-58.0095,144,36323.99264
-36.273646,144,36327.764395
-41.0235,144,36331.487889
-72.858668,144,36335.241005
-57.917631,144,36338.989274
-43.941043,144,36342.691222
-59.215031,144,36346.500139
-42.02683,144,36350.260576
-30.939594,144,36353.953708
-47.103247,144,36357.719895
-32.612893,144,36361.445165
-41.592408,144,36365.162186
-41.777655,144,36368.903106
-37.592997,144,36372.616631
-50.194734,144,36376.395798
-43.844174,144,36380.094695
-49.786006,144,36383.846321
-40.104291,144,36387.554334
-48.74058,144,36391.326364
-70.699873,144,36395.08988
-52.672489,144,36398.81014
-33.489605,144,36402.544151
-50.596526,144,36406.287025
-62.012217,144,36410.501942
-48.319542,144,36414.272891
-46.266993,144,36417.962413
-52.60611,144,36421.695148
-45.597172,144,36425.425863
-31.937683,144,36429.131578
-41.636929,144,36432.844292
-40.244922,144,36436.547672
-32.033913,144,36440.196196
-37.477281,144,36443.915372
-39.344862,144,36447.634076
-56.442306,144,36451.43391
-42.630819,144,36455.177775
-49.746508,144,36458.908943
-38.647082,144,36462.593096
-44.627144,144,36466.356034
-61.443334,144,36470.165398
-58.193996,144,36473.886957
-31.403856,144,36477.622503
-34.559373,144,36481.299449
-64.718275,144,36485.125584
-50.34328,144,36488.843838
-41.261632,144,36492.576412
-58.678259,144,36496.326356
-42.64663,144,36500.095742
-32.905494,144,36503.813258
-51.039102,144,36507.525627
-37.402964,144,36511.228425
-38.017198,144,36515.400675
-42.399337,144,36519.052517
-39.1846,144,36522.739701
-52.371213,144,36526.577566
-41.874832,144,36530.326572
-49.214444,144,36534.073651
-40.730107,144,36538.512165
-45.628284,144,36542.258789
-65.511408,144,36546.020082
-46.899667,144,36549.7407
-38.558039,144,36553.494539
-46.082659,144,36557.227568
-64.162661,144,36560.979373
-54.875825,144,36564.749197
-44.008453,144,36568.567267
-53.868107,144,36572.322762
-45.600467,144,36576.038982
-37.291242,144,36579.749667
-46.390291,144,36583.500263
-40.75279,144,36587.181539
-35.946156,144,36590.897495
-38.072066,144,36594.612323
-31.143239,144,36598.286399
-52.110519,144,36602.012803
-41.842681,144,36605.723871
-54.253973,144,36609.514534
-35.095993,144,36613.251392
-49.166606,144,36617.371884
-73.77102,144,36621.12526
-50.302398,144,36624.841392
-40.446628,144,36628.576956
-45.710719,144,36632.295038
-74.262385,144,36636.068567
-52.554029,144,36639.819989
-38.849004,144,36643.469525
-54.623884,144,36647.21896
-41.552369,144,36650.977638
-32.646156,144,36654.686052
-46.204867,144,36658.368406
-39.58311,144,36662.110524
-37.382053,144,36666.009908
-39.717245,144,36670.302695
-33.42804,144,36674.191898
-56.474019,144,36678.543067
-35.033791,144,36682.261851
-46.647678,144,36685.976115
-38.065437,144,36690.109068
-49.046739,144,36693.834705
-74.6425,144,36697.599841
-47.008013,144,36701.247525
-32.689664,144,36704.946638
-35.616122,144,36708.7916
-77.745392,144,36713.06331
-50.066181,144,36716.944822
-42.812195,144,36721.154078
-60.082975,144,36725.515831
-44.408814,144,36729.866801
-31.292774,144,36733.907429
-60.447147,144,36739.017574
-36.654539,144,36743.995131
-35.196652,144,36748.338016
-41.41955,144,36751.991334
-33.440082,144,36755.676022
-46.1954,144,36759.764747
-75.709986,144,36763.475411
-50.075419,144,36767.198783
-39.85418,144,36770.920131
-47.857379,144,36774.624968
-69.761692,144,36778.351508
-56.067702,144,36782.147745
-38.390187,144,36785.950658
-43.237891,144,36789.705188
-75.763667,144,36793.48042
-53.241165,144,36797.280943
-44.175204,144,36801.044949
-59.045963,144,36804.773078
-44.595429,144,36808.53316
-34.349068,144,36812.303903
-45.914401,144,36816.003608
-35.083588,144,36819.67469
-34.82165,144,36823.340769
-41.810195,144,36827.037177
-31.861471,144,36830.761571
-57.485871,144,36834.523224
-46.985916,144,36838.247285
-58.812451,144,36842.007468
-37.186739,144,36845.769538
-49.433277,144,36849.48604
-69.949673,144,36853.296164
-51.453307,144,36857.062604
-36.572772,144,36860.834622
-37.733588,144,36864.580966
-73.450836,144,36868.367769
-58.661284,144,36872.137737
-38.449332,144,36875.933434
-58.920285,144,36879.640767
-43.057729,144,36883.380532
-25.977174,144,36887.142895
-46.241833,144,36890.856519
-39.104173,144,36894.618903
-43.30372,144,36898.32829
-53.335938,144,36902.027305
-38.956944,144,36905.753443
-47.15661,144,36909.475633
-41.812751,144,36913.202371
-43.991175,144,36916.928972
-35.647471,144,36920.602194
-46.025393,144,36924.353651
-71.756472,144,36928.158507
-52.680411,144,36931.910976
-34.983418,144,36935.620771
-55.698518,144,36939.341606
-64.551036,144,36943.05892
-55.149929,144,36946.840208
-47.171371,144,36950.970837
-68.728518,144,36954.756463
-42.742178,144,36958.763956
-29.172054,144,36962.432419
-47.523218,144,36966.257247
-36.367788,144,36970.006929
-50.941422,144,36973.975463
-44.685367,144,36977.74644
-38.472831,144,36981.444748
-58.823348,144,36985.159367
-39.0212,144,36988.884561
-54.571673,144,36992.562629
-44.564788,144,36996.273958
-42.031788,144,36999.923928
-70.3928,144,37003.719074
-52.180464,144,37007.410264
-38.711463,144,37011.097356
-42.190579,144,37014.833244
-74.343558,144,37018.609435
-64.052139,144,37022.429629
-42.126439,144,37026.154308
-61.679204,144,37029.88488
-45.66529,144,37033.609925
-32.997362,144,37037.31964
-50.832039,144,37041.023167
-41.393318,144,37044.774473
-38.023737,144,37048.483612
-38.454372,144,37052.205536
-42.924171,144,37055.952325
-53.579919,144,37059.680362
-40.511711,144,37063.409852
-46.780634,144,37067.181662
-38.974561,144,37070.908879
-43.46898,144,37074.549212
-69.055243,144,37078.347827
-64.505293,144,37082.188492
-37.118433,144,37085.876476
-38.346026,144,37089.601932
-72.183626,144,37093.378897
-52.776348,144,37097.158443
-44.418822,144,37100.955328
-63.241745,144,37104.7167
-42.834584,144,37108.485363
-36.110655,144,37112.241512
-51.497265,144,37115.966101
-44.189257,144,37119.694506
-32.436622,144,37123.445461
-41.711057,144,37127.155656
-38.18451,144,37130.838737
-57.531108,144,37134.543555
-40.382141,144,37138.208281
-47.085459,144,37141.931479
-46.588916,144,37145.638259
-46.168055,144,37149.360512
-70.190672,144,37153.112431
-48.760543,144,37156.806751
-33.771384,144,37160.514205
-42.504026,144,37164.232986
-61.691981,144,37167.963727
-46.000585,144,37171.631858
-48.293015,144,37175.401723
-57.097176,144,37179.180034
-41.912252,144,37182.883467
-36.099488,144,37186.567198
-44.83414,144,37190.297748
-37.867663,144,37194.014742
-31.895558,144,37198.141191
-43.7614,144,37202.340897
-40.707216,144,37206.052469
-49.705956,144,37209.765484
-41.329837,144,37213.440413
-41.637421,144,37217.15978
-42.472151,144,37220.830331
-45.861878,144,37224.517662
-68.26106,144,37228.286465
-44.278838,144,37231.985936
-34.432377,144,37235.734569
-42.451422,144,37239.489905
-69.487214,144,37243.235836
-55.869591,144,37247.007782
-43.003348,144,37250.704998
-61.373496,144,37254.486705
-40.714516,144,37258.230273
-36.772623,144,37261.957265
-46.367257,144,37265.72154
-43.720597,144,37269.45158
-37.963715,144,37273.194658
-38.105498,144,37277.007591
-36.07386,144,37280.711925
-45.323409,144,37284.455868
-45.561255,144,37288.199142
-40.070706,144,37291.962996
-58.681614,144,37295.733218
-49.296318,144,37299.442752
-65.643706,144,37303.242368
-52.101311,144,37306.964518
-33.763904,144,37310.693008
-51.934814,144,37314.434574
-63.543058,144,37318.126193
-48.053879,144,37321.944557
-47.33834,144,37325.706713
-57.170558,144,37329.455882
-47.654982,144,37333.160818
-34.169438,144,37336.816913
-48.057897,144,37340.505738
-39.279012,144,37344.250739
-32.621747,144,37347.946861
-43.207695,144,37351.701702
-37.171107,144,37355.365606
-50.931209,144,37359.014355
-42.428283,144,37362.739785
-54.399441,144,37366.438012
-39.765976,144,37370.159477
-46.377227,144,37373.853565
-66.91299,144,37377.561266
-46.492123,144,37381.270025
-29.706291,144,37384.999924
-46.45233,144,37388.703796
-57.439483,144,37392.412485
-59.357325,144,37396.154903
-40.987989,144,37399.880092
-56.969063,144,37403.647688
-42.755416,144,37407.376947
-34.962341,144,37411.074742
-46.920559,144,37414.837294
-40.989839,144,37418.536702
-41.370054,144,37422.289701
-38.482574,144,37426.014176
-34.060796,144,37429.715264
-58.11938,144,37433.448485
-37.689318,144,37437.179303
-42.926661,144,37440.915022
-28.767422,144,37444.589481
-44.167529,144,37448.290967
-69.007603,144,37452.058319
-58.049649,144,37455.82781
-36.680049,144,37459.57467
-38.460801,144,37463.303843
-66.386435,144,37467.033801
-63.571208,144,37470.835869
-43.171088,144,37474.55952
-67.737832,144,37478.343519
-43.613005,144,37482.568705
-32.335747,144,37486.339265
-43.190566,144,37490.028363
-43.788146,144,37493.791088
-39.922947,144,37497.523206
-42.19956,144,37501.239984
-35.827845,144,37504.941466
-57.859393,144,37508.657453
-39.133601,144,37512.407971
-43.778586,144,37516.099151
-38.761684,144,37519.818245
-44.412947,144,37523.523223
-67.37161,144,37527.278322
-52.319927,144,37530.984751
-31.355356,144,37534.647021
-47.732435,144,37538.405992
-70.650201,144,37542.621646
-53.91713,144,37546.338542
-47.898627,144,37550.016338
-55.363242,144,37553.711798
-38.470516,144,37557.42311
-31.738225,144,37561.111299
-51.322537,144,37565.033142
-39.487685,144,37568.919519
-38.825962,144,37573.229275
-42.951818,144,37577.101262
-32.901903,144,37581.314594
-50.979681,144,37584.993334
-37.87868,144,37588.667958
-51.31389,144,37592.37281
-29.383496,144,37596.024864
-39.557174,144,37599.766866
-71.214836,144,37603.517286
-52.716361,144,37607.292252
-30.635742,144,37610.993482
-40.554249,144,37614.670107
-70.536647,144,37618.419415
-46.18163,144,37622.622202
-38.983996,144,37626.362052
-65.04504,144,37630.168007
-43.564813,144,37633.951637
-32.396693,144,37637.703362
-43.712671,144,37641.345252
-38.979548,144,37645.064076
-44.505056,144,37648.872617
-41.100133,144,37652.611307
-35.470078,144,37656.232131
-58.111273,144,37659.917064
-49.671526,144,37663.646672
-51.216462,144,37667.846945
-30.527751,144,37671.533962
-46.169782,144,37675.243342
-70.130433,144,37679.025852
-49.789423,144,37682.791445
-34.895502,144,37686.540078
-49.961005,144,37690.293987
-68.249315,144,37694.023795
-48.309969,144,37697.715488
-50.385247,144,37701.444821
-64.878118,144,37705.199233
-40.249876,144,37708.919553
-35.334382,144,37712.661854
-45.278305,144,37716.408578
-38.714641,144,37720.115855
-32.414269,144,37723.78507
-42.584772,144,37727.501017
-40.324696,144,37731.188716
-66.876122,144,37734.890583
-41.690552,144,37738.606793
-47.499685,144,37742.328012
-32.96107,144,37746.000062
-54.720615,144,37749.744195
-65.060406,144,37753.46605
-68.451701,144,37757.192382
-28.880896,144,37761.381853
-46.732011,144,37765.065191
-60.356628,144,37769.265646
-61.655069,144,37772.991783
-43.115768,144,37776.735057
-50.264238,144,37780.458301
-42.632494,144,37784.178217
-27.741432,144,37787.864842
-50.247941,144,37791.561342
-38.229305,144,37795.273611
-34.035239,144,37798.954573
-37.95965,144,37802.684401
-37.622615,144,37806.386612
-55.899828,144,37810.159078
-46.918278,144,37813.874544
-53.068988,144,37817.579978
-36.949671,144,37821.313375
-44.810809,144,37824.996977
-67.353202,144,37829.175568
-65.834838,144,37832.939763
-29.818816,144,37836.612963
-38.842029,144,37840.7665
-67.304563,144,37844.577341
-50.232855,144,37848.299417
-36.362571,144,37852.058486
-54.231944,144,37855.801638
-44.599712,144,37859.570951
-29.523683,144,37863.318004
-49.238958,144,37867.097107
-39.516882,144,37871.224726
-41.583466,144,37874.929645
-42.480817,144,37878.675912
-36.091035,144,37882.312399
-55.397887,144,37886.006239
-47.95415,144,37889.725208
-52.560132,144,37893.440101
-40.035049,144,37897.170851
-50.092264,144,37900.858338
-70.594342,144,37904.632471
-56.895773,144,37908.338476
-25.274154,144,37912.092782
-54.663417,144,37915.784438
-62.094068,144,37919.721203
-53.873426,144,37923.554351
-45.626443,144,37927.295743
-53.42731,144,37931.130431
-42.63414,144,37934.85837
-31.983788,144,37938.593942
-45.826138,144,37942.33
-38.250875,144,37946.05054
-37.990271,144,37949.800995
-48.482399,144,37953.493008
-38.692055,144,37957.202946
-57.490054,144,37960.92553
-34.430444,144,37964.63121
-50.656032,144,37968.428961
-31.01753,144,37972.080436
-47.31638,144,37975.820248
-68.264618,144,37979.653114
-50.28125,144,37983.35993
-33.094204,144,37987.077287
-45.332505,144,37990.867892
-68.769986,144,37994.681426
-49.708308,144,37998.385507
-38.997227,144,38002.136088
-53.872549,144,38005.891767
-39.761544,144,38009.67589
-38.319738,144,38013.361799
-50.008612,144,38017.095005
-39.663636,144,38020.802873
-38.596034,144,38024.561987
-37.030777,144,38028.261
-41.611365,144,38031.961793
-50.43067,144,38035.69299
-35.859653,144,38039.343633
-50.619791,144,38043.07597
-33.636482,144,38046.760548
-48.510392,144,38050.430471
-63.831367,144,38054.111111
-49.540395,144,38057.800855
-26.114114,144,38061.42637
-77.225588,144,38065.133475
-58.566087,144,38068.87489
-50.991274,144,38073.093329
-44.59924,144,38076.75529
-58.392761,144,38080.462958
-37.61703,144,38084.188936
-28.553483,144,38087.847409
-53.679968,144,38091.518507
-45.189948,144,38095.272405
-37.728855,144,38098.980854
-44.129319,144,38102.699938
-37.16718,144,38106.381901
-44.388311,144,38110.088263
-35.940456,144,38113.772353
-53.756082,144,38117.488828
-41.91424,144,38121.174794
-41.70782,144,38124.802391
-68.220326,144,38128.582027
-46.170306,144,38132.357767
-37.817328,144,38136.075864
-42.98588,144,38139.783411
-58.537633,144,38143.511084
-70.307097,144,38147.294077
-39.009182,144,38151.07824
-57.024351,144,38154.869467
-40.774059,144,38158.605534
-24.905691,144,38162.321426
-42.305756,144,38166.031058
-36.155284,144,38169.758784
-32.689953,144,38173.441054
-42.012046,144,38177.180248
-38.45245,144,38181.328453
-47.313261,144,38185.023478
-38.64429,144,38188.750527
-49.02439,144,38192.436914
-37.151345,144,38196.154767
-42.563273,144,38199.791702
-67.515403,144,38203.58361
-53.558922,144,38207.312546
-32.650345,144,38211.020788
-41.720452,144,38214.742032
-67.273606,144,38218.501476
-52.474192,144,38222.261719
-46.708732,144,38226.020024
-54.507053,144,38229.716643
-40.079056,144,38233.408896
-34.154967,144,38237.15879
-44.755917,144,38240.847575
-38.528596,144,38244.48547
-43.098194,144,38248.168021
-39.665801,144,38251.901067
-36.692625,144,38255.615083
-54.185556,144,38259.296376
-40.525643,144,38263.011248
-66.10062,144,38266.688151
-41.815686,144,38270.381392
-47.170725,144,38274.082314
-70.631428,144,38277.8259
-54.238673,144,38281.579043
-32.060147,144,38285.307789
-56.757578,144,38289.098925
-65.739316,144,38292.907393
-56.492193,144,38296.652866
-39.140852,144,38300.410883
-52.954054,144,38304.1842
-39.007623,144,38307.97522
-29.064803,144,38311.698331
-43.673837,144,38315.417596
-37.455144,144,38319.139331
-33.518318,144,38322.820358
-37.031546,144,38326.560281
-33.905788,144,38330.276119
-57.403566,144,38334.026642
-42.913069,144,38337.769726
-44.796559,144,38341.455255
-39.71783,144,38345.177863
-52.212227,144,38348.901484
-60.565471,144,38352.670001
-50.126823,144,38356.426267
-29.030526,144,38360.154289
-52.094511,144,38363.876557
-75.739992,144,38367.670666
-50.252611,144,38371.472689
-41.102685,144,38375.172481
-63.168788,144,38378.9357
-45.273748,144,38382.671456
-31.821648,144,38386.399658
-51.559087,144,38390.058341
-40.258608,144,38393.791488
-35.348548,144,38397.508054
-41.695496,144,38401.261432
-39.590313,144,38405.006691
-59.084156,144,38408.72265
-37.740951,144,38412.436771
-42.134609,144,38416.152986
-31.544081,144,38419.838029
-43.498109,144,38423.528201
-68.887544,144,38427.213935
-56.220949,144,38430.845302
-31.663444,144,38434.494316
-34.180368,144,38438.168794
-60.594108,144,38441.878151
-52.508606,144,38445.61713
-38.638556,144,38449.276922
-61.213325,144,38453.032874
-42.237107,144,38456.735843
-31.91953,144,38460.420702
-52.820024,144,38464.260256
-40.212665,144,38468.554362
-35.927878,144,38472.4665
-38.841957,144,38476.340773
-35.561495,144,38480.472563
-46.466153,144,38484.20867
-33.009581,144,38487.881951
-51.346588,144,38491.590234
-42.442141,144,38495.295651
-45.841685,144,38499.052675
-67.785242,144,38502.805923
-52.335121,144,38506.536199
-30.450148,144,38510.32155
-57.263852,144,38514.084179
-67.431648,144,38517.853555
-53.279418,144,38521.642561
-39.853724,144,38525.446987
-54.14515,144,38529.180528
-42.954391,144,38532.896601
-29.622972,144,38536.717747
-46.665513,144,38540.456134
-41.812695,144,38544.172613
-32.874722,144,38547.880189
-42.154646,144,38551.623781
-35.211246,144,38555.270963
-53.162514,144,38558.990747
-41.798796,144,38562.681727
-42.421265,144,38566.400306
-32.65332,144,38570.090365
-47.43623,144,38573.82694
-70.411883,144,38577.55409
-41.30053,144,38581.200396
-33.507149,144,38584.988474
-43.468088,144,38588.722644
-64.228636,144,38592.480966
-56.218717,144,38596.214046
-45.137662,144,38599.920462
-52.04514,144,38603.692978
-40.905604,144,38607.393276
-29.377566,144,38611.086015
-48.530215,144,38614.736738
-41.577388,144,38618.405742
-35.066074,144,38622.078199
-41.17811,144,38625.766649
-32.572837,144,38629.459537
-52.466197,144,38633.162895
-32.929367,144,38636.869976
-54.490997,144,38640.608312
-43.328453,144,38644.251214
-50.04645,144,38647.956096
-72.860365,144,38651.684268
-50.721601,144,38655.400764
-36.254382,144,38659.128673
-41.820091,144,38662.799435
-69.521205,144,38666.541963
-54.76602,144,38670.250095
-36.343855,144,38673.974591
-61.157042,144,38678.161284
-39.713582,144,38681.879685
-31.083121,144,38685.575587
-44.480028,144,38689.258615
-38.806704,144,38692.982328
-34.806741,144,38696.701694
-45.791839,144,38700.465626
-32.147853,144,38704.122113
-53.486012,144,38707.908219
-34.066816,144,38711.601246
-54.320808,144,38715.306614
-36.027676,144,38719.43334
-41.032022,144,38723.125989
-68.410257,144,38726.864935
-48.696326,144,38730.526519
-28.876072,144,38734.234401
-47.22197,144,38737.952369
-76.859038,144,38741.717973
-52.780493,144,38745.457829
-40.540845,144,38749.221297
-65.023189,144,38752.968735
-38.582438,144,38756.647617
-27.005788,144,38760.354348
-49.979515,144,38764.017873
-38.614867,144,38767.745787
-37.2342,144,38771.463109
-46.182567,144,38775.151157
-38.14284,144,38778.789107
-49.84611,144,38782.477865
-40.390129,144,38786.168857
-51.271697,144,38789.856548
-35.894177,144,38793.551312
-45.887442,144,38797.275768
-70.33116,144,38801.065143
-52.568244,144,38804.774132
-41.969394,144,38808.561244
-46.971723,144,38812.674018
-65.116778,144,38816.405849
-52.383389,144,38820.124868
-38.906234,144,38823.835132
-61.985438,144,38827.534244
-42.632,144,38831.233842
-31.056237,144,38834.908195
-49.240688,144,38838.628272
-37.548523,144,38842.320671
-39.949509,144,38845.971465
-42.197511,144,38849.670749
-35.641538,144,38853.318855
-50.725866,144,38857.050926
-35.860838,144,38861.239502
-44.28619,144,38864.945951
-37.868108,144,38868.653283
-42.339125,144,38872.371909
-69.139767,144,38876.13639
-48.262112,144,38879.886616
-30.64001,144,38883.623049
-55.243783,144,38887.402946
-64.964462,144,38891.172038
-58.074559,144,38894.896995
-36.350374,144,38898.695811
-53.798206,144,38902.421746
-39.640482,144,38906.168835
-34.285862,144,38909.871115
-44.166956,144,38913.61708
-38.874096,144,38917.374501
-34.974432,144,38921.090378
-40.809963,144,38924.742055
-34.189759,144,38928.417355
-53.009205,144,38932.123371
-42.705797,144,38935.830207
-42.205261,144,38939.567631
-37.88704,144,38943.272445
-50.237884,144,38947.031229
-67.99782,144,38950.83208
-50.328023,144,38954.550825
-38.9867,144,38958.227377
-47.780151,144,38961.917025
-68.64846,144,38965.679582
-49.213573,144,38969.35922
-45.779735,144,38973.076593
-62.903002,144,38976.766969
-45.343363,144,38980.491383
-27.400995,144,38984.146095
-48.523215,144,38987.847603
-44.535365,144,38991.622071
-34.690097,144,38995.306952
-41.177329,144,38998.991831
-43.481683,144,39002.728583
-52.483394,144,39006.419062
-46.479562,144,39010.150712
-45.968305,144,39013.849236
-34.931196,144,39017.553411
-46.842528,144,39021.297002
-65.163433,144,39025.073475
-49.355559,144,39028.788651
-38.266401,144,39032.505445
-55.222629,144,39036.231228
-67.349958,144,39039.982788
-51.919335,144,39043.714682
-41.187921,144,39047.443469
-54.226344,144,39051.190067
-40.186198,144,39054.934368
-29.974793,144,39058.61036
-49.545827,144,39062.378847
-36.292273,144,39066.068819
-36.018357,144,39069.793497
-42.480566,144,39073.464079
-34.658591,144,39077.105879
-50.549137,144,39080.81912
-36.270099,144,39084.547596
-47.872473,144,39088.255388
-36.785363,144,39091.929202
-48.720472,144,39095.696093
-62.097061,144,39099.854917
-56.409166,144,39103.63245
-44.722789,144,39107.336705
-50.902731,144,39111.10339
-72.612809,144,39114.911867
-55.449369,144,39118.703428
-39.120709,144,39122.905332
-58.31013,144,39126.655988
-45.249004,144,39130.420325
-28.168263,144,39134.109604
-50.795546,144,39137.725874
-42.339323,144,39141.457325
-35.73173,144,39145.131924
-42.427078,144,39148.856457
-33.122289,144,39152.509381
-52.23355,144,39156.228556
-44.746256,144,39160.380781
-42.79931,144,39164.092286
-34.582148,144,39167.776332
-45.024462,144,39171.45375
-56.55549,144,39175.127367
-50.429261,144,39178.88031
-34.781637,144,39182.637262
-39.848052,144,39186.332965
-68.720392,144,39190.092031
-54.362542,144,39193.854543
-41.010848,144,39197.54881
-58.802953,144,39201.312088
-40.618719,144,39205.004476
-34.326567,144,39208.689154
-42.269373,144,39212.381053
-41.148738,144,39216.095106
-38.548865,144,39219.85974
-42.664036,144,39223.565808
-36.792423,144,39227.202152
-52.778767,144,39230.985119
-43.623307,144,39234.693031
-55.503231,144,39238.412855
-35.714765,144,39242.138124
-47.705207,144,39245.897676
-64.366385,144,39249.836752
-68.338774,144,39253.629161
-31.987954,144,39257.422184
-41.77888,144,39261.199461
-66.93647,144,39265.429424
-50.84235,144,39269.195039
-47.946267,144,39272.96601
-67.114348,144,39276.760212
-40.602147,144,39280.456
-34.007637,144,39284.195245
-45.102128,144,39287.936567
-38.217474,144,39291.646859
-36.961439,144,39295.374874
-42.816878,144,39299.084464
-35.496932,144,39302.81655
-51.212999,144,39306.608066
-36.121221,144,39310.319221
-49.05674,144,39314.047864
-40.372228,144,39317.831344
-49.564957,144,39321.584438
-68.729375,144,39325.366413
-48.924711,144,39329.127832
-31.933595,144,39332.799952
-48.011519,144,39336.540745
-69.913286,144,39340.285403
-57.011195,144,39344.105433
-50.564603,144,39350.801639
-49.490099,144,39355.919587
-42.501196,144,39360.029354
-36.090359,144,39363.916461
-47.432572,144,39367.788492
-31.857631,144,39371.631835
-36.086151,144,39375.542479
-38.589982,144,39379.407432
-31.253043,144,39383.087706
-57.507263,144,39386.774676
-46.159241,144,39390.464161
-53.046632,144,39394.150362
-34.749402,144,39397.789174
-45.455979,144,39401.457093
-68.367917,144,39405.200746
-45.637603,144,39409.069034
-32.208721,144,39412.786235
-43.239767,144,39416.532881
-71.448376,144,39420.33129
-51.822319,144,39424.096274
-44.266294,144,39427.891556
-51.705601,144,39431.669399
-43.920501,144,39435.434539
-24.068833,144,39439.165304
-47.595093,144,39442.875353
-40.066985,144,39446.581846
-31.908512,144,39450.306793
-42.577326,144,39454.05325
-34.032976,144,39457.728481
-49.911858,144,39461.478011
-39.798925,144,39465.201983
-42.876782,144,39468.89854
-37.351835,144,39472.623015
-43.799216,144,39476.348379
-84.418215,144,39480.143714
-53.220184,144,39483.897218
-35.177034,144,39487.648885
-44.630757,144,39491.372923
-68.623335,144,39495.084564
-52.060148,144,39498.866052
-45.775801,144,39502.579657
-60.721589,144,39506.307199
-39.63341,144,39510.005955
-34.761318,144,39513.693898
-46.862477,144,39517.343972
-35.954611,144,39520.97547
-43.148091,144,39524.722697
-44.467312,144,39528.488169
-40.001734,144,39532.187851
-45.893601,144,39535.868329
-40.634435,144,39539.59898
-54.981779,144,39543.324023
-34.411866,144,39547.007231
-43.184671,144,39550.718862
-61.062587,144,39554.426584
-64.159154,144,39558.247051
-32.288442,144,39561.952354
-51.092559,144,39565.61731
-74.263044,144,39569.382756
-61.953007,144,39573.17307
-45.406666,144,39576.895657
-60.075461,144,39580.658757
-42.857885,144,39584.462663
-33.668438,144,39588.167863
-45.820603,144,39591.910089
-33.614407,144,39595.621622
-39.675684,144,39599.302582
-43.61144,144,39603.049314
-34.870504,144,39606.72537
-45.627386,144,39610.404136
-46.499058,144,39614.103847
-47.376978,144,39617.852026
-42.17621,144,39621.488924
-48.136557,144,39625.180202
-65.251567,144,39628.992093
-49.442488,144,39632.734447
-27.848543,144,39636.456725
-90.081084,144,39640.221536
-73.970838,144,39644.019028
-48.126451,144,39647.793916
-38.222197,144,39651.534942
-53.410702,144,39655.271884
-37.673401,144,39658.972575
-29.855378,144,39662.673656
-52.050748,144,39666.396274
-39.889184,144,39670.113121
-36.854197,144,39673.818764
-39.009589,144,39677.522905
-33.77369,144,39681.178902
-49.577582,144,39684.846313
-42.950765,144,39688.509856
-46.307709,144,39692.216711
-42.210506,144,39695.946221
-43.215289,144,39699.694134
-63.982578,144,39703.399273
-48.127587,144,39707.149748
-31.829664,144,39710.797274
-48.463988,144,39714.476375
-66.716451,144,39718.269002
-62.632274,144,39722.042996
-43.229816,144,39725.785037
-59.954762,144,39729.483003
-42.385711,144,39733.162984
-35.141898,144,39736.877507
-48.662573,144,39740.504586
-44.365523,144,39744.229656
-39.156174,144,39747.932874
-39.571194,144,39751.621968
-34.775671,144,39755.325215
-58.590666,144,39759.046495
-42.965698,144,39762.726722
-51.718001,144,39766.442023
-36.662712,144,39770.12702
-50.897104,144,39773.844816
-63.75368,144,39777.590961
-44.255238,144,39781.287057
-30.13904,144,39785.046296
-57.479123,144,39788.816189
-75.531414,144,39792.619422
-47.167591,144,39796.450733
-40.685893,144,39800.201937
-58.358045,144,39803.979608
-38.493541,144,39808.161789
-30.127286,144,39811.861778
-55.703329,144,39815.596725
-43.467158,144,39819.321648
-35.805952,144,39823.015764
-39.444061,144,39826.767421
-33.920764,144,39830.452811
-50.540376,144,39834.161487
-35.938773,144,39837.819552
-47.394839,144,39841.563348
-35.815098,144,39845.253738
-45.156278,144,39848.929752
-76.420953,144,39852.734127
-50.764094,144,39856.443592
-32.33986,144,39860.188086
-55.802068,144,39863.859261
-78.111451,144,39867.59807
-59.862154,144,39871.318215
-43.555559,144,39875.032587
-58.390913,144,39878.710711
-40.139981,144,39882.403582
-30.682478,144,39886.576247
-51.203968,144,39890.333402
-36.373949,144,39894.03764
-32.491107,144,39897.722189
-42.479526,144,39901.474361
-36.339207,144,39905.133726
-51.816349,144,39908.809846
-32.580591,144,39912.493981
-47.752906,144,39916.169201
-40.473504,144,39919.822105
-42.312006,144,39923.521093
-69.078857,144,39927.263242
-65.896,144,39930.967558
-35.223248,144,39934.713928
-41.997205,144,39938.827525
-69.135763,144,39942.584214
-54.445375,144,39946.350442
-37.884288,144,39950.069859
-59.024225,144,39953.813657
-40.117892,144,39957.951164
-29.199073,144,39961.641543
-48.111751,144,39965.352818
-47.818147,144,39969.069845
-41.758415,144,39972.77736
-42.327292,144,39976.543639
-40.282398,144,39980.249481
-53.161317,144,39983.967757
-37.938011,144,39987.680425
-47.281929,144,39991.416215
-38.556304,144,39995.549605
-56.908049,144,39999.761424
-64.425405,144,40003.460825
-50.914548,144,40007.221047
-28.307963,144,40010.929581
-43.411931,144,40014.665465
-55.055486,144,40018.376193
-52.118152,144,40022.138644
-42.590116,144,40025.846976
-51.806047,144,40029.544823
-38.59943,144,40033.258469
-28.170812,144,40036.892818
-41.971515,144,40040.562581
-39.208046,144,40044.211328
-39.897902,144,40047.855503
-39.067883,144,40051.523243
-46.28258,144,40055.174096
-48.073168,144,40058.897287
-46.532651,144,40062.597676
-49.419933,144,40066.273301
-36.636572,144,40069.932652
-48.075805,144,40073.675483
-71.634814,144,40077.420457
-54.92119,144,40081.737664
-29.482435,144,40085.401755
-49.691783,144,40089.079955
-62.893068,144,40092.798503
-53.267547,144,40096.573184
-51.124087,144,40100.266617
-56.893199,144,40104.00248
-40.687859,144,40107.691728
-33.097074,144,40111.452806
-45.632339,144,40115.156171
-37.95529,144,40118.863404
-37.452327,144,40122.561894
-41.446065,144,40126.278736
-52.867238,144,40129.99019
-42.831207,144,40133.666543
-43.913158,144,40137.40598
-47.394839,144,40141.107653
-37.833539,144,40144.846105
-48.228026,144,40148.586426
-74.470623,144,40152.320781
-38.551688,144,40155.927178
-33.92409,144,40159.67986
-47.970655,144,40163.406044
-76.247597,144,40167.188264
-46.721782,144,40170.91724
-44.704984,144,40174.630232
-61.051882,144,40178.358372
-42.136582,144,40182.063179
-32.979381,144,40185.804096
-54.430553,144,40189.512578
-41.076217,144,40193.209089
-33.06764,144,40196.849771
-40.072031,144,40200.567707
-61.545345,144,40204.263152
-46.943592,144,40208.0132
-39.461784,144,40211.737149
-50.189349,144,40215.451259
-44.169126,144,40219.141391
-42.616538,144,40222.839244
-73.845923,144,40226.569862
-45.028321,144,40230.296623
-34.728731,144,40233.968888
-43.014212,144,40237.630342
-61.451011,144,40241.361328
-48.817571,144,40245.046726
-46.692228,144,40248.75347
-58.37651,144,40252.506912
-37.873461,144,40256.218335
-32.458491,144,40259.894452
-49.349383,144,40263.833594
-45.465544,144,40267.821147
-45.995834,144,40272.228856
-43.367089,144,40276.101237
-35.223852,144,40280.434668
-45.446184,144,40284.064919
-44.227716,144,40287.727468
-51.265671,144,40291.476159
-44.749056,144,40295.191032
-52.207116,144,40298.94173
-65.04879,144,40302.671485
-54.426119,144,40306.414484
-35.169756,144,40310.241176
-44.031386,144,40313.961914
-78.325957,144,40317.781715
-48.634922,144,40322.275389
-44.980658,144,40326.746798
-60.287337,144,40330.780106
-43.063488,144,40334.740062
-37.520488,144,40338.449094
-47.843884,144,40342.094047
-35.716266,144,40345.782295
-33.94777,144,40349.494773
-36.298383,144,40353.216395
-42.136296,144,40356.906672
-49.280027,144,40360.646365
-48.768129,144,40364.560415
-43.208354,144,40369.669337
-43.581458,144,40374.910441
-37.35,144,40379.450675
-64.889491,144,40383.937466
-50.247778,144,40387.660208
-32.601503,144,40391.375317
-59.207391,144,40395.035721
-65.508358,144,40398.837677
-51.983939,144,40402.899749
-42.986757,144,40406.93611
-55.062433,144,40411.442291
-40.30341,144,40415.570831
-34.266762,144,40419.798485
-47.378297,144,40423.461077
-38.529884,144,40427.12717
-40.669271,144,40431.043694
-44.684792,144,40435.415652
-37.803033,144,40439.107126
-49.876411,144,40442.807347
-39.496611,144,40446.518009
-57.134571,144,40450.275018
-34.324322,144,40453.914642
-48.86464,144,40457.655459
-66.847526,144,40461.405183
-49.524819,144,40465.190563
-28.277297,144,40468.895731
-49.565232,144,40472.577597
-62.901621,144,40476.338868
-50.28905,144,40480.079906
-44.891223,144,40483.807657
-55.300306,144,40488.447713
-35.371973,144,40493.891114
-29.388032,144,40498.251076
-46.703397,144,40503.480914
-38.863314,144,40507.875095
-36.252881,144,40512.547863
-43.914882,144,40516.273581
-35.295985,144,40519.993573
-52.046732,144,40523.738269
-38.048545,144,40527.475896
-53.678252,144,40531.277161
-47.115867,144,40535.021152
-51.988519,144,40538.75806
-59.928587,144,40542.522631
-48.823939,144,40546.366482
-28.421377,144,40550.132313
-41.761393,144,40553.922913
-57.98266,144,40558.009108
-51.153047,144,40561.803074
-38.225806,144,40565.616743
-56.165729,144,40569.813056
-39.70258,144,40573.611736
-32.498595,144,40577.338393
-49.116905,144,40581.051877
-32.978485,144,40584.811853
-32.966138,144,40588.595385
-42.64188,144,40592.361691
-34.980215,144,40596.090059
-52.252127,144,40599.79554
-39.511247,144,40603.542081
-62.927285,144,40607.353809
-32.821709,144,40611.086958
-49.288898,144,40614.792968
-75.878557,144,40618.651419
-50.121472,144,40622.42357
-33.805809,144,40626.152374
-43.902272,144,40629.903908
-61.661504,144,40633.652124
-53.776514,144,40637.462582
-44.492073,144,40641.22301
-66.185914,144,40645.000056
-40.595532,144,40648.735591
-35.441705,144,40652.478471
-51.286769,144,40656.258636
-38.876002,144,40660.009592
-34.487486,144,40663.771424
-38.186654,144,40667.552167
-37.319845,144,40671.325584
-47.930633,144,40675.101053
-33.144961,144,40678.842189
-48.295835,144,40682.626919
-38.542361,144,40686.436441
-49.692032,144,40690.21367
-65.655228,144,40693.977723
-54.584232,144,40697.746454
-26.197185,144,40701.51707
-54.07272,144,40705.301609
-72.074293,144,40709.068902
-58.892617,144,40712.858948
-45.124584,144,40717.002868
-49.887593,144,40720.773896
-43.111292,144,40724.546467
-39.665745,144,40728.447741
-47.90262,144,40732.189436
-37.340767,144,40735.947715
-37.695537,144,40739.784969
-38.00842,144,40743.528766
-37.629927,144,40747.225593
-43.511284,144,40750.94481
-36.94886,144,40754.667737
-48.583205,144,40758.415434
-30.629319,144,40762.115797
-50.183408,144,40765.84242
-69.955998,144,40769.584035
-56.764789,144,40773.297417
-32.57013,144,40777.066064
-48.745932,144,40780.762867
-59.065338,144,40784.549055
-47.162129,144,40788.303067
-46.001123,144,40792.092351
-60.028591,144,40795.86789
-44.202061,144,40799.61061
-29.924734,144,40803.361961
-46.516219,144,40807.098526
-39.542221,144,40810.776234
-29.500047,144,40814.450344
-37.316541,144,40818.174014
-33.690998,144,40821.895042
-51.533302,144,40825.559079
-51.002538,144,40829.286778
-47.693357,144,40833.017798
-34.953605,144,40836.701793
-41.569121,144,40840.484682
-67.174243,144,40844.225846
-49.846174,144,40848.002243
-36.444695,144,40851.765731
-50.55918,144,40855.566958
-75.322835,144,40859.364395
-53.166641,144,40863.122341
-39.650003,144,40866.90003
-62.276782,144,40870.686675
-57.149264,144,40874.485253
-32.319067,144,40878.195471
-44.83414,144,40881.935498
-34.567337,144,40885.613608
-41.644715,144,40889.373782
-38.058785,144,40893.11769
-33.610103,144,40896.836628
-45.163379,144,40900.533244
-40.993966,144,40904.2844
-49.822357,144,40908.063071
-37.097924,144,40911.802958
-46.188772,144,40915.592332
-70.680552,144,40919.431302
-46.900694,144,40923.232097
-32.212727,144,40927.420154
-44.251498,144,40931.154911
-58.482136,144,40934.905243
-60.941733,144,40938.681108
-41.527049,144,40942.460335
-56.485487,144,40946.244084
-44.174851,144,40949.994823
-33.171465,144,40953.759316
-48.315036,144,40957.455416
-34.516337,144,40961.224875
-36.619099,144,40964.962419
-42.452472,144,40968.689782
-32.023725,144,40972.337766
-48.674149,144,40976.019231
-38.865044,144,40979.679177
-46.372031,144,40983.504168
-35.823435,144,40987.217173
-48.134602,144,40990.942885
-62.444682,144,40994.694126
-48.287911,144,40998.387946
-31.051318,144,41002.069816
-39.54428,144,41005.799275
-62.606515,144,41009.55282
-44.411501,144,41013.289847
-45.272569,144,41017.050046
-63.712274,144,41020.820029
-40.97254,144,41024.554872
-30.97901,144,41028.316234
-48.572724,144,41032.057581
-39.240588,144,41035.815057
-39.739995,144,41039.538973
-43.058058,144,41043.309387
-32.572179,144,41046.998434
-51.884209,144,41050.772188
-43.014873,144,41054.482064
-52.409781,144,41058.25883
-34.969249,144,41061.991951
-43.459708,144,41065.712555
-76.7612,144,41069.48109
-52.00422,144,41073.240432
-31.198374,144,41076.967344
-36.012037,144,41080.66262
-76.045933,144,41084.459008
-56.944896,144,41088.182026
-40.244045,144,41091.934548
-53.593553,144,41095.70892
-37.818264,144,41099.447772
-32.988895,144,41103.194255
-44.83414,144,41106.888209
-34.243613,144,41110.606737
-35.51573,144,41114.27331
-43.1112,144,41117.987777
-33.257357,144,41122.109633
-52.792649,144,41125.811374
-46.133199,144,41129.522183
-45.10178,144,41133.207579
-32.701406,144,41136.850186
-42.860303,144,41140.547551
-70.599783,144,41144.283312
-59.014484,144,41148.423577
-27.795101,144,41152.162982
-44.534373,144,41155.8948
-62.907254,144,41159.616184
-45.314018,144,41163.538058
-38.920914,144,41167.474801
-59.032848,144,41171.863983
-39.32261,144,41176.208408
-34.220917,144,41180.461608
-44.97261,144,41184.182907
-43.73604,144,41187.890983
-34.918372,144,41191.587785
-39.135509,144,41195.325074
-37.404923,144,41198.983095
-45.653099,144,41202.699883
-32.180943,144,41206.366828
-56.956525,144,41210.286705
-45.614312,144,41213.961924
-42.726809,144,41217.698009
-61.340135,144,41221.482124
-53.825181,144,41225.243082
-37.904638,144,41229.075227
-55.821813,144,41232.841701
-73.043508,144,41236.727446
-46.592227,144,41240.46089
-40.46724,144,41244.195844
-59.170299,144,41247.924167
-39.355425,144,41251.673855
-31.479842,144,41255.812605
-44.732253,144,41259.520315
-41.163546,144,41263.207442
-31.559692,144,41266.882107
-40.25554,144,41270.546338
-39.970496,144,41274.233075
-62.734223,144,41277.990185
-38.206279,144,41281.687658
-52.258173,144,41285.484279
-36.253346,144,41289.182171
-49.985829,144,41292.939755
-65.220419,144,41296.64832
-58.468442,144,41300.421391
-26.589034,144,41304.110062
-43.588619,144,41307.821521
-63.547489,144,41311.571128
-44.677516,144,41315.296861
-40.005943,144,41318.990488
-63.428635,144,41322.746075
-37.78409,144,41326.889465
-30.510286,144,41330.583606
-45.514261,144,41334.291075
-39.703721,144,41338.027968
-41.085919,144,41341.749061
-46.760699,144,41345.520208
-29.260485,144,41349.349482
-58.029119,144,41353.093538
-34.862824,144,41356.785914
-52.023823,144,41360.531841
-31.764905,144,41364.275795
-47.098128,144,41368.027455
-67.408357,144,41371.761918
-46.166738,144,41375.537789
-35.701375,144,41379.31183
-53.230582,144,41383.12196
-62.172632,144,41386.962297
-52.133247,144,41390.740997
-41.96581,144,41394.518481
-55.239008,144,41398.248096
-40.106934,144,41402.002622
-27.4456,144,41405.753739
-45.966618,144,41409.520663
-37.509674,144,41413.215949
-36.603401,144,41416.937196
-40.000835,144,41420.687751
-31.340588,144,41424.427432
-50.383455,144,41428.166599
-36.213267,144,41431.847131
-52.815038,144,41435.59758
-39.647327,144,41439.333858
-47.983185,144,41443.088826
-59.691084,144,41446.931194
-62.155528,144,41450.691898
-31.651881,144,41454.431879
-43.423747,144,41458.111673
-71.221721,144,41461.868819
-50.894024,144,41465.639214
-40.400508,144,41469.364201
-54.453687,144,41473.160003
-37.285214,144,41476.905158
-31.113036,144,41480.715615
-48.224488,144,41484.426839
-36.905972,144,41488.174037
-35.134657,144,41491.890531
-38.269976,144,41495.636292
-33.928858,144,41499.300005
-45.839632,144,41503.019088
-42.610072,144,41506.760695
-49.67525,144,41510.493164
-41.602264,144,41514.2153
-40.239936,144,41517.885258
-73.269831,144,41521.647749
-38.933355,144,41525.395228
-37.510247,144,41529.326231
-55.79479,144,41533.555216
-63.458863,144,41537.333559
-48.665558,144,41541.136104
-40.522029,144,41544.877197
-62.388796,144,41548.657428
-40.255797,144,41552.403841
-29.101037,144,41556.08574
-47.774567,144,41559.801979
-41.732844,144,41563.551454
-30.54581,144,41567.290246
-42.320893,144,41571.018712
-38.306093,144,41575.148924
-45.841496,144,41578.897249
-35.755504,144,41582.589704
-54.312239,144,41586.428442
-36.63188,144,41590.180254
-51.055194,144,41593.893729
-69.569564,144,41597.68194
-54.490463,144,41601.471816
-31.740153,144,41605.257374
-39.257151,144,41608.968489
-65.59272,144,41612.770707
-53.242925,144,41616.527107
-37.29439,144,41620.286212
-58.973839,144,41624.041017
-40.192643,144,41627.843363
-30.66547,144,41631.585465
-53.808544,144,41635.316617
-35.931449,144,41639.041598
-35.859897,144,41642.801978
-44.116169,144,41646.513789
-36.215866,144,41650.34087
-45.201858,144,41654.060517
-29.622984,144,41657.753669
-51.82333,144,41661.53528
-30.354097,144,41665.261846
-45.933746,144,41669.021581
-56.137579,144,41672.749092
-47.475099,144,41676.459494
-26.45826,144,41680.176289
-44.571768,144,41683.916127
-63.883969,144,41687.700272
-50.62589,144,41691.479176
-39.65534,144,41695.207924
-49.314454,144,41698.912443
-40.789025,144,41702.623207
-30.200264,144,41706.381841
-48.129604,144,41710.152159
-38.950021,144,41713.886126
-41.936903,144,41717.586218
-38.466007,144,41721.376655
-39.635384,144,41725.115868
-50.111964,144,41728.832743
-50.063409,144,41732.586206
-43.315297,144,41736.337416
-41.451562,144,41740.056117
-43.857388,144,41743.756529
-71.21367,144,41747.5243
-47.259538,144,41751.257883
-32.319938,144,41755.017142
-32.788722,144,41758.753577
-68.367045,144,41762.534464
-57.094249,144,41766.308295
-44.0391,144,41770.094146
-55.821718,144,41773.847102
-36.2742,144,41777.60724
-31.840351,144,41781.305519
-45.305631,144,41785.053149
-38.408236,144,41789.289631
-34.566848,144,41793.036646
-40.537488,144,41796.764696
-35.832166,144,41800.479255
-48.313356,144,41804.308089
-46.701646,144,41808.034348
-52.282089,144,41811.762227
-37.366739,144,41815.912318
-52.718719,144,41819.644732
-64.796638,144,41823.438038
-42.121054,144,41827.197467
-35.324181,144,41830.937335
-43.426135,144,41834.710189
-82.461179,144,41838.57403
-55.697752,144,41842.392238
-41.298881,144,41846.15614
-52.891211,144,41849.914045
-39.07499,144,41853.652433
-32.847494,144,41857.41289
-50.045961,144,41861.185439
-35.510206,144,41864.905199
-38.17973,144,41868.569816
-41.49195,144,41872.308106
-37.731345,144,41876.031105
-51.70929,144,41879.734145
-44.466295,144,41883.457077
-49.396182,144,41887.179163
-41.835902,144,41890.889761
-44.865879,144,41894.645073
-64.904392,144,41898.40478
-52.175037,144,41902.173902
-29.428477,144,41905.901701
-34.130599,144,41909.696874
-66.390445,144,41913.527396
-50.484896,144,41917.292456
-40.310043,144,41921.072858
-59.756475,144,41924.885222
-42.269091,144,41928.668725
-30.306372,144,41932.366838
-51.119267,144,41936.081329
-34.835271,144,41939.848715
-34.657209,144,41943.550515
-43.864892,144,41947.32709
-40.912595,144,41951.067093
-46.424087,144,41954.810237
-48.96095,144,41958.551655
-56.11717,144,41962.356085
-36.18109,144,41966.07669
-56.359157,144,41969.843944
-75.633595,144,41973.639584
-62.468356,144,41977.465888
-22.863564,144,41981.200633
-35.723347,144,41984.925373
-66.961973,144,41988.724056
-46.479421,144,41992.501575
-36.297952,144,41996.217626
-58.118235,144,42000.019557
-31.865428,144,42003.699106
-31.49738,144,42007.390261
-41.813687,144,42011.128242
-43.504227,144,42014.884974
-28.575792,144,42018.606406
-40.378987,144,42022.323748
-34.756502,144,42026.016866
-48.479901,144,42029.732724
-42.299217,144,42033.447813
-48.212405,144,42037.198393
-40.121165,144,42040.898601
-44.769135,144,42044.609048
-69.206888,144,42048.349283
-52.117785,144,42052.14233
-37.525213,144,42055.865037
-48.666147,144,42059.602457
-65.101551,144,42063.498486
-48.823448,144,42067.495093
-40.264574,144,42071.775238
-50.64905,144,42075.728725
-38.424059,144,42079.618593
-33.552666,144,42083.325732
-52.730292,144,42087.021897
-36.990394,144,42090.700339
-34.573406,144,42094.436559
-41.188503,144,42098.219088
-45.541278,144,42101.93854
-53.264623,144,42105.72244
-37.228707,144,42109.492568
-48.327388,144,42113.243418
-36.885466,144,42116.915246
-48.811538,144,42120.728236
-66.081628,144,42124.545677
-49.755236,144,42128.303339
-24.794094,144,42132.185564
-45.424856,144,42135.999952
-70.097193,144,42139.801214
-50.897203,144,42144.013731
-45.98169,144,42148.235053
-57.970544,144,42152.036849
-42.111042,144,42155.783827
-32.905392,144,42159.491807
-42.589005,144,42163.223144
-45.771537,144,42166.931335
-32.702586,144,42170.70185
-49.501609,144,42174.433942
-36.790587,144,42178.109108
-55.581348,144,42181.917479
-34.05315,144,42185.623927
-48.808451,144,42189.406598
-34.368834,144,42193.158016
-49.035445,144,42196.926076
-65.320226,144,42200.674263
-51.791551,144,42204.440924
-27.864865,144,42208.130224
-35.888771,144,42211.86221
-92.039462,144,42215.698296
-59.620104,144,42219.566057
-42.570127,144,42223.312428
-61.031608,144,42227.068936
-35.432929,144,42230.81272
-25.531604,144,42234.559125
-48.305714,144,42238.302145
-34.990531,144,42242.051908
-35.654489,144,42245.776293
-40.546802,144,42249.955572
-31.093947,144,42253.703338
-57.01999,144,42257.458513
-33.395205,144,42261.158237
-48.532618,144,42264.917342
-36.277499,144,42268.589594
-39.249553,144,42272.341483
-60.727466,144,42276.124438
-51.682286,144,42279.870192
-35.57899,144,42283.612676
-51.128632,144,42287.389125
-63.253267,144,42291.158188
-48.681151,144,42294.981889
-45.042629,144,42298.782372
-55.762662,144,42302.574583
-42.110312,144,42306.318095
-30.927618,144,42310.065419
-44.755917,144,42313.851399
-41.351918,144,42317.622383
-33.134557,144,42321.342612
-36.343707,144,42325.079756
-31.530743,144,42328.846859
-65.696303,144,42332.58214
-37.166446,144,42336.321186
-47.637541,144,42340.131557
-36.523023,144,42343.880037
-44.49649,144,42347.592815
-59.967062,144,42351.355187
-50.858003,144,42355.058492
-31.385541,144,42359.232028
-45.783089,144,42363.047823
-80.480638,144,42366.892411
-55.043131,144,42370.692023
-36.703239,144,42374.458109
-52.64108,144,42378.203073
-36.924479,144,42381.915859
-30.189399,144,42385.686678
-46.669563,144,42389.403069
-37.182536,144,42393.16296
-32.104299,144,42396.827087
-39.07964,144,42400.575087
-37.277709,144,42404.306437
-48.305964,144,42408.064583
-36.77459,144,42411.776405
-46.344633,144,42415.467087
-38.582188,144,42419.203111
-59.540004,144,42422.972845
-65.918708,144,42426.757755
-58.293882,144,42430.492147
-30.411371,144,42434.261452
-49.146526,144,42437.989441
-68.208592,144,42441.808505
-48.462357,144,42446.074181
-42.67158,144,42450.081142
-62.069365,144,42454.114916
-41.70054,144,42458.176879
-29.935635,144,42461.983798
-47.323048,144,42465.995873
-38.99595,144,42470.374237
-40.5558,144,42474.264382
-40.822548,144,42478.542946
-31.24876,144,42482.952923
-48.359589,144,42487.324519
-37.041451,144,42491.677673
-50.956195,144,42495.928931
-37.717274,144,42499.816357
-53.273517,144,42503.606387
-69.547494,144,42507.391112
-46.977772,144,42511.147005
-38.613766,144,42514.930828
-37.119533,144,42518.686428
-67.127128,144,42522.502565
-55.239223,144,42526.262849
-39.159081,144,42530.030098
-55.243427,144,42533.828661
-43.389479,144,42537.576878
-30.673481,144,42541.305722
-46.304963,144,42545.035459
-36.422934,144,42548.850019
-37.965268,144,42552.5696
-39.060011,144,42556.357509
-30.796705,144,42560.087467
-44.57853,144,42563.802832
-29.789093,144,42567.507278
-51.229229,144,42571.278213
-33.801855,144,42574.985397
-43.094174,144,42578.680456
-71.719932,144,42582.490778
-54.104838,144,42586.225002
-27.719846,144,42589.894964
-44.020751,144,42593.554436
-67.367394,144,42597.350702
-51.602599,144,42601.125226
-55.597545,144,42604.904269
-53.042076,144,42608.642495
-46.336432,144,42612.3539
-26.824231,144,42616.097461
-48.998259,144,42619.818471
-38.569485,144,42623.550283
-38.413066,144,42627.277953
-42.63966,144,42631.002981
-32.823822,144,42634.696681
-48.740126,144,42638.481485
-34.665798,144,42642.176788
-43.13985,144,42645.907993
-30.866471,144,42649.628571
-48.738912,144,42653.365819
-74.263031,144,42657.171214
-48.653878,144,42660.906061
-27.594915,144,42664.684752
-43.161475,144,42668.480267
-67.315763,144,42672.303636
-58.161422,144,42676.129447
-39.870285,144,42679.820681
-53.742847,144,42683.614462
-40.765685,144,42687.391586
-30.998705,144,42691.118932
-46.769167,144,42694.854015
-38.755672,144,42698.629982
-36.622887,144,42702.414768
-41.964979,144,42706.624655
-33.146582,144,42710.39266
-45.067896,144,42714.096732
-31.72006,144,42717.857953
-48.289651,144,42721.657372
-34.530519,144,42725.420647
-47.695136,144,42729.226545
-64.743148,144,42732.981319
-59.706603,144,42736.738996
-32.711561,144,42740.48751
-38.254586,144,42744.234781
-70.836713,144,42748.047597
-48.722224,144,42751.910291
-40.278749,144,42755.712562
-61.748103,144,42759.510592
-41.939793,144,42763.271708
-26.451467,144,42767.017735
-46.432547,144,42770.775343
-42.910743,144,42774.56517
-36.697799,144,42778.226248
-43.84397,144,42782.029102
-34.818555,144,42785.686359
-53.30518,144,42789.507531
-45.247835,144,42793.212509
-46.701425,144,42797.380551
-35.433979,144,42801.126502
-47.398792,144,42804.901983
-77.397439,144,42808.74256
-46.376404,144,42812.507047
-33.071057,144,42816.232604
-42.047817,144,42819.920734
-62.135501,144,42823.707534
-48.945579,144,42827.440137
-44.977742,144,42831.233921
-57.250864,144,42835.00734
-35.253867,144,42838.737854
-28.866911,144,42842.458644
-43.315586,144,42846.207827
-33.839563,144,42850.114197
-36.580444,144,42853.867731
-48.066911,144,42857.679941
-33.472694,144,42861.402418
-49.283999,144,42865.160342
-34.363886,144,42868.875556
-41.008633,144,42872.60261
-40.449274,144,42876.313796
-46.264035,144,42880.00453
-64.057382,144,42883.750601
-56.910492,144,42887.506384
-34.874007,144,42891.229962
-43.883783,144,42894.979936
-71.965662,144,42898.806782
-53.343233,144,42902.56609
-52.464925,144,42906.34088
-66.69571,144,42910.130938
-38.11938,144,42913.810879
-24.459307,144,42917.55761
-48.599526,144,42921.280469
-41.683804,144,42925.075053
-33.269933,144,42928.760674
-39.088141,144,42932.454606
-39.411741,144,42936.169809
-53.668346,144,42939.901949
-47.415764,144,42943.537559
-48.894704,144,42947.276722
-34.184782,144,42951.010209
-47.512313,144,42954.761789
-67.54587,144,42958.547958
-59.276413,144,42962.399107
-35.154414,144,42966.783157
-42.249029,144,42970.717932
-63.134699,144,42974.620218
-50.839048,144,42978.575373
-39.486668,144,42982.356379
-62.727932,144,42986.059909
-40.003215,144,42989.771277
-33.517145,144,42993.501088
-44.817036,144,42997.729304
-38.441485,144,43001.460363
-36.224821,144,43005.209694
-44.361782,144,43009.052637
-35.334971,144,43012.782947
-49.979775,144,43016.469557
-44.379418,144,43020.225882
-44.752006,144,43023.987504
-34.444434,144,43027.713114
-44.756602,144,43031.548484
-69.102799,144,43035.426713
-40.560433,144,43039.193798
-35.047805,144,43042.924849
-50.24573,144,43046.65955
-57.024812,144,43050.430383
-53.800388,144,43054.224288
-38.120506,144,43057.996991
-65.448555,144,43061.83479
-37.84567,144,43065.624749
-35.340172,144,43069.382549
-51.963079,144,43073.117439
-42.896745,144,43076.905704
-44.013393,144,43080.659453
-41.119747,144,43084.381762
-31.275676,144,43088.123571
-41.628239,144,43091.844603
-36.847405,144,43095.523891
-49.317634,144,43099.268354
-38.042636,144,43102.991817
-49.227403,144,43106.732385
-63.774959,144,43110.497823
-56.542833,144,43114.26214
-36.151067,144,43118.059898
-38.58368,144,43121.818816
-62.856146,144,43125.601747
-56.345978,144,43129.37046
-42.689474,144,43133.113847
-52.452815,144,43136.861307
-40.043097,144,43140.618585
-26.959958,144,43144.342871
-40.422335,144,43148.092773
-35.285006,144,43151.826533
-32.43591,144,43155.536991
-34.157231,144,43159.274699
-38.267049,144,43163.041378
-56.187485,144,43166.74599
-40.401294,144,43170.479414
-40.992314,144,43174.161633
-29.501526,144,43177.868635
-49.884662,144,43181.566522
-59.155728,144,43185.361175
-103.296982,144,43189.193593
-39.386783,144,43192.963517
-38.903895,144,43196.720924
-58.672198,144,43200.443407
-58.557647,144,43204.235089
-44.212746,144,43207.961717
-57.442895,144,43211.721708
-38.278008,144,43215.465827
-29.517042,144,43219.215788
-44.614166,144,43222.960129
-38.835816,144,43226.694719
-32.416639,144,43230.399448
-41.669803,144,43234.116124
-38.86759,144,43237.801532
-43.772423,144,43241.501062
-42.516631,144,43245.262915
-47.394839,144,43248.964867
-36.939189,144,43252.689386
-46.456421,144,43256.387922
-65.058367,144,43260.144617
-46.556671,144,43263.873009
-30.103485,144,43267.588643
-48.348168,144,43271.39308
-67.325098,144,43275.20346
-57.416314,144,43278.954466
-47.448691,144,43282.711871
-58.728455,144,43286.428251
-40.46458,144,43290.108845
-33.306921,144,43293.842864
-49.83833,144,43297.557803
-38.668223,144,43301.272632
-37.907205,144,43305.019516
-41.487875,144,43308.758923
-41.547002,144,43312.495993
-50.872802,144,43316.211332
-40.092004,144,43319.9316
-46.568677,144,43323.685879
-34.065124,144,43327.42153
-41.666032,144,43331.13371
-69.200607,144,43334.909427
-46.417136,144,43338.664969
-30.594398,144,43342.408114
-46.957591,144,43346.15173
-68.983612,144,43349.921249
-51.356738,144,43353.698679
-41.643545,144,43357.481047
-57.091482,144,43361.267973
-41.503531,144,43365.00132
-40.449688,144,43368.7463
-49.685159,144,43372.542813
-39.739811,144,43376.262493
-39.47089,144,43380.018595
-38.406207,144,43383.8296
-38.240006,144,43387.530739
-52.820207,144,43391.295854
-41.506098,144,43395.028689
-52.895067,144,43398.796782
-32.630922,144,43402.492952
-47.166825,144,43406.203645
-68.639869,144,43409.992897
-51.274937,144,43413.760842
-31.334214,144,43417.539851
-41.135891,144,43421.251171
-67.754918,144,43425.028089
-50.39336,144,43428.762707
-40.909071,144,43432.520658
-65.551684,144,43436.286731
-40.63831,144,43440.026722
-45.862694,144,43443.785406
-50.256479,144,43447.478325
-41.149388,144,43451.178969
-40.641916,144,43454.931772
-44.006626,144,43458.666927
-38.129925,144,43462.363451
-45.958019,144,43466.079296
-33.391068,144,43469.845819
-46.780634,144,43473.590767
-38.716374,144,43477.261015
-42.187364,144,43480.95123
-62.490579,144,43484.741576
-50.956683,144,43488.506876
-27.546468,144,43492.235175
-51.128632,144,43496.005091
-70.799621,144,43499.728774
-48.328147,144,43503.466497
-40.030386,144,43507.19403
-65.416569,144,43510.994345
-33.623064,144,43514.703879
-29.698043,144,43518.446417
-47.520943,144,43522.115207
-38.44205,144,43525.886865
-34.770165,144,43529.62789
-44.078674,144,43533.412805
-39.024288,144,43537.150447
-45.785751,144,43540.918513
-36.632437,144,43544.58805
-47.173583,144,43548.77458
-32.06449,144,43552.476184
-49.283751,144,43556.209667
-65.332038,144,43559.988737
-49.356669,144,43563.683429
-28.041869,144,43567.4418
-46.110913,144,43571.193617
-60.331532,144,43574.948038
-48.905459,144,43578.716808
-42.048091,144,43582.487073
-51.389744,144,43586.242939
-40.279414,144,43589.962717
-25.413696,144,43593.666725
-49.51055,144,43597.409226
-38.891398,144,43601.095855
-37.748837,144,43604.839818
-43.697358,144,43608.596068
-31.250274,144,43612.286895
-47.07015,144,43616.025349
-34.22576,144,43619.733791
-53.787371,144,43623.425499
-29.41348,144,43627.094689
-49.479317,144,43630.864728
-66.781688,144,43634.6322
-49.883454,144,43638.406045
-40.445321,144,43642.112258
-57.695534,144,43646.290409
-71.714614,144,43650.098228
-52.649229,144,43653.87954
-41.806336,144,43657.606442
-62.394446,144,43661.37459
-44.026923,144,43665.136053
-24.266445,144,43668.8585
-49.609042,144,43672.613468
-40.126728,144,43676.33384
-37.538158,144,43680.01062
-40.749329,144,43683.665269
-35.267184,144,43687.356363
-48.804829,144,43691.075895
-36.679571,144,43694.805754
-53.746224,144,43698.516889
-35.565865,144,43702.198616
-51.531412,144,43705.88196
-66.430577,144,43709.695045
-56.455387,144,43713.42428
-36.035893,144,43717.185905
-41.384335,144,43720.935352
-73.525352,144,43724.654655
-55.294264,144,43728.442439
-39.787253,144,43732.199388
-55.405203,144,43736.416877
-33.912404,144,43740.144315
-27.829478,144,43743.841684
-48.504233,144,43747.512218
-36.461386,144,43751.233488
-30.896572,144,43754.944987
-44.93134,144,43758.678257
-36.043465,144,43762.401162
-45.769275,144,43766.088438
-49.542734,144,43769.816144
-51.172049,144,43773.597097
-40.555938,144,43777.308974
-45.82144,144,43781.023951
-70.678235,144,43784.821166
-49.296045,144,43788.600175
-26.550038,144,43792.336919
-45.942789,144,43796.074018
-62.960951,144,43799.859501
-55.564515,144,43803.661237
-44.681367,144,43807.426053
-52.412823,144,43811.181251
-40.574788,144,43814.957289
-31.726072,144,43818.655047
-51.297273,144,43822.411418
-35.233099,144,43826.156193
-36.279434,144,43829.863224
-41.743143,144,43833.630799
-39.220516,144,43837.400945
-56.204286,144,43841.177083
-43.002876,144,43844.912617
-48.585138,144,43848.666935
-34.372806,144,43852.369679
-45.23124,144,43856.099242
-65.119479,144,43859.832444
-54.775366,144,43863.788251
-25.785784,144,43867.769699
-42.197214,144,43871.78838
-60.997067,144,43875.742491
-55.059025,144,43880.182898
-61.068189,144,43883.877354
-59.369984,144,43887.620311
-43.239141,144,43891.324461
-33.060177,144,43895.061414
-49.078639,144,43898.801362
-39.468349,144,43902.551731
-33.819465,144,43906.291461
-41.318259,144,43910.145483
-43.765552,144,43913.856115
-44.43827,144,43917.633336
-40.915921,144,43922.099114
-47.610605,144,43926.000618
-28.159902,144,43929.950613
-46.291418,144,43934.375833
-60.870206,144,43938.117872
-50.193112,144,43941.872571
-42.172487,144,43945.616778
-39.51995,144,43949.302176
-66.44701,144,43953.044129
-44.430469,144,43956.831531
-39.847034,144,43960.528196
-60.847473,144,43964.345428
-38.261374,144,43968.031424
-27.894292,144,43971.73262
-47.010704,144,43975.399771
-36.819843,144,43979.219904
-31.452895,144,43982.98459
-44.746385,144,43986.717546
-36.347908,144,43990.436573
-56.277258,144,43994.603777
-40.646366,144,43998.299905
-48.031843,144,44002.040995
-50.440336,144,44006.150769
-44.128205,144,44009.858155
-72.635877,144,44013.644728
-50.801243,144,44017.399261
-36.141432,144,44021.179787
-48.396715,144,44024.983202
-63.117893,144,44028.801506
-59.528417,144,44032.533401
-36.750637,144,44036.302301
-65.954904,144,44040.069254
-44.481797,144,44043.820649
-29.036776,144,44047.493331
-44.384556,144,44051.192207
-37.263221,144,44054.92326
-34.628771,144,44058.639227
-36.287463,144,44062.378215
-36.94913,144,44066.099144
-48.71275,144,44069.808297
-48.232045,144,44073.541419
-52.347787,144,44077.355121
-34.856311,144,44081.065154
-46.60751,144,44084.780339
-74.470518,144,44088.556392
-47.607188,144,44092.284128
-36.606734,144,44096.103905
-51.622986,144,44099.879169
-68.007504,144,44103.676494
-55.254896,144,44107.506268
-40.474992,144,44111.291891
-60.353807,144,44115.063609
-43.615363,144,44118.867501
-29.226078,144,44122.581579
-54.078476,144,44126.288486
-38.447593,144,44130.030534
-40.980527,144,44133.791834
-44.44503,144,44137.500254
-39.021298,144,44141.634649
-49.527426,144,44145.405893
-43.196147,144,44149.086591
-52.180442,144,44152.852146
-34.823124,144,44156.59492
-40.166258,144,44160.609125
-68.918655,144,44164.414186
-53.786643,144,44168.187918
-39.624404,144,44171.991314
-48.697542,144,44175.760509
-65.264241,144,44179.585055
-46.351885,144,44183.373222
-39.126541,144,44187.079215
-58.211437,144,44190.789756
-43.475011,144,44194.494826
-31.59972,144,44198.203105
-51.217412,144,44201.909456
-32.764435,144,44205.589908
-34.846432,144,44209.274826
-35.323857,144,44212.927379
-30.865753,144,44216.576472
-47.051144,144,44220.269127
-53.117967,144,44223.988374
-55.420655,144,44227.735944
-33.800525,144,44231.431791
-39.404404,144,44235.102426
-71.630173,144,44238.862665
-48.972779,144,44242.629663
-27.140674,144,44246.34463
-45.72452,144,44250.133977
-74.692744,144,44253.901846
-56.488602,144,44257.670682
-41.472659,144,44261.386627
-57.175875,144,44265.175439
-37.728006,144,44268.94315
-36.494803,144,44272.6766
-41.044324,144,44276.831854
-35.047369,144,44280.555986
-40.729322,144,44284.390632
-38.125409,144,44288.123346
-37.456037,144,44291.87121
-50.14676,144,44295.595628
-35.514933,144,44299.268193
-46.309152,144,44302.923243
-32.769033,144,44306.666969
-47.136394,144,44310.387822
-70.48379,144,44314.182715
-49.824298,144,44317.95672
-32.876969,144,44321.678228
-41.569808,144,44325.4743
-60.057906,144,44329.271401
-45.990954,144,44333.034053
-47.614574,144,44336.783847
-57.283678,144,44340.557434
-39.483053,144,44344.265666
-34.357145,144,44348.429584
-46.285707,144,44352.150429
-36.493002,144,44355.829161
-31.752223,144,44359.540707
-40.611964,144,44363.259184
-37.447902,144,44367.008098
-63.212903,144,44370.836799
-41.529558,144,44374.539672
-47.613106,144,44378.321936
-37.954554,144,44382.043669
-46.295259,144,44385.808654
-81.493386,144,44389.559562
-42.647157,144,44393.282108
-37.411372,144,44397.043052
-40.059132,144,44400.78788
-65.667784,144,44404.593973
-62.082448,144,44408.409194
-47.42297,144,44412.219995
-58.075304,144,44416.005031
-39.957413,144,44419.795512
-30.215428,144,44423.531255
-43.385204,144,44427.247168
-35.887013,144,44431.031749
-32.579407,144,44434.734542
-40.859064,144,44438.476482
-33.582493,144,44442.188838
-48.52107,144,44445.957037
-34.080036,144,44449.663133
-47.394839,144,44453.442608
-37.43471,144,44457.149155
-44.223109,144,44460.91194
-70.794839,144,44464.747103
-51.349948,144,44468.522719
-44.437309,144,44472.269852
-46.16352,144,44476.056274
-59.832899,144,44479.819433
-48.776057,144,44483.620062
-41.315494,144,44487.369216
-60.908415,144,44491.149724
-33.740351,144,44494.898034
-31.912708,144,44498.651385
-52.019177,144,44502.405135
-32.981655,144,44506.169935
-37.563203,144,44509.863908
-40.554029,144,44513.611162
-35.347655,144,44517.365702
-47.776057,144,44521.127432
-39.748454,144,44524.903789
-52.17082,144,44529.085644
-34.84501,144,44532.873404
-46.357748,144,44536.622857
-71.438425,144,44540.385482
-53.142576,144,44544.085568
-29.179461,144,44547.791165
-47.494432,144,44551.528008
-62.514093,144,44555.315856
-51.083919,144,44559.069106
-37.395372,144,44562.829153
-60.954384,144,44566.692674
-37.921944,144,44570.410399
-30.149853,144,44574.143948
-50.059366,144,44577.875982
-38.566609,144,44581.661975
-33.274525,144,44585.396951
-39.775659,144,44589.14582
-34.123636,144,44592.807231
-49.907606,144,44596.534112
-40.925455,144,44600.253434
-51.312763,144,44603.968122
-43.195761,144,44608.126488
-41.030962,144,44611.837699
-67.934174,144,44615.613299
-49.663538,144,44619.358453
-28.226718,144,44623.076357
-44.415734,144,44626.818091
-66.876684,144,44630.597378
-54.560457,144,44634.820777
-42.746651,144,44638.529483
-57.122164,144,44642.288574
-42.85216,144,44646.021738
-30.471574,144,44649.756997
-44.553848,144,44653.473368
-37.169503,144,44657.212908
-33.487356,144,44660.943972
-39.010765,144,44664.691138
-36.233923,144,44668.379336
-40.034538,144,44672.111874
-35.095094,144,44675.840651
-44.858152,144,44679.56255
-35.870502,144,44683.279533
-47.510488,144,44687.009693
-60.713676,144,44690.77658
-47.289502,144,44694.526125
-31.785677,144,44698.263051
-42.242702,144,44701.977595
-64.637698,144,44705.754745
-49.028568,144,44709.532578
-41.755361,144,44713.296022
-57.294462,144,44717.012925
-39.090375,144,44720.744921
-27.453827,144,44724.455273
-44.987323,144,44728.24286
-37.93479,144,44731.953031
-31.041837,144,44735.731871
-43.176388,144,44739.497451
-39.446194,144,44743.230864
-46.558779,144,44746.963254
-38.675315,144,44750.670402
-51.214015,144,44754.48038
-45.331237,144,44758.24044
-48.757122,144,44762.011596
-60.277416,144,44765.998182
-50.319889,144,44769.868758
-26.411059,144,44773.820328
-36.931814,144,44778.130125
-57.07491,144,44782.383592
-54.84075,144,44786.18659
-43.984783,144,44789.942916
-57.284981,144,44793.729906
-41.350652,144,44797.44136
-26.664016,144,44801.127662
-44.422108,144,44804.876739
-38.58845,144,44808.746267
-35.239674,144,44812.454425
-41.570988,144,44816.17047
-39.32202,144,44819.904231
-48.80011,144,44823.654982
-45.034494,144,44827.483692
-43.659199,144,44831.297134
-37.666846,144,44835.401314
-44.297321,144,44839.136221
-61.424224,144,44842.912876
-54.882341,144,44846.703909
-36.679121,144,44850.431423
-42.722774,144,44854.153308
-64.894894,144,44857.903248
-48.93531,144,44861.753535
-39.782626,144,44865.526931
-62.12954,144,44869.272864
-56.789054,144,44873.01984
-35.358674,144,44876.791647
-46.996143,144,44880.525996
-33.868464,144,44884.24375
-36.202982,144,44887.963416
-42.456949,144,44891.704564
-35.710839,144,44895.792507
-44.877819,144,44899.466527
-42.321956,144,44903.132855
-46.098976,144,44906.949431
-39.597163,144,44910.642284
-45.663125,144,44914.415657
-67.083525,144,44918.154024
-56.481797,144,44921.870126
-33.514202,144,44925.548875
-52.029785,144,44929.285774
-59.872324,144,44933.09426
-51.797788,144,44936.847559
-41.764292,144,44940.58566
-58.830178,144,44944.348183
-40.648854,144,44948.036653
-30.038712,144,44951.774183
-43.846916,144,44955.502032
-42.383005,144,44959.203848
-32.522673,144,44962.935306
-41.394785,144,44966.686345
-31.372657,144,44970.355454
-51.784902,144,44974.102876
-44.349904,144,44977.833662
-53.285717,144,44981.627122
-40.781623,144,44985.403928
-46.838365,144,44989.150445
-77.057366,144,44992.967666
-49.899253,144,44996.709372
-35.477579,144,45000.443585
-44.408426,144,45004.240893
-73.080882,144,45008.066294
-48.011711,144,45011.841571
-40.179384,144,45015.618046
-56.053908,144,45019.415739
-44.834536,144,45023.589413
-33.318865,144,45027.334158
-46.968902,144,45030.978582
-34.982781,144,45034.716972
-34.394413,144,45038.436065
-38.09306,144,45042.15659
-39.696447,144,45045.925242
-54.70807,144,45049.65741
-42.276226,144,45053.391666
-45.402317,144,45057.100384
-37.955881,144,45060.861131
-46.88011,144,45064.598289
-71.181712,144,45068.393822
-45.766784,144,45072.152487
-35.040536,144,45075.894027
-45.591363,144,45079.653323
-70.409513,144,45083.479553
-45.538041,144,45087.317093
-41.638075,144,45091.01348
-52.574451,144,45094.739453
-40.311962,144,45098.483229
-37.887715,144,45102.185686
-45.813733,144,45105.967992
-43.891392,144,45109.618456
-36.000589,144,45113.308882
-38.116844,144,45117.067068
-32.114965,144,45120.803908
-51.97275,144,45124.582714
-34.263475,144,45128.280005
-48.776599,144,45132.053526
-43.246197,144,45135.778743
-49.648192,144,45139.73082
-72.762279,144,45143.534384
-43.718405,144,45147.291598
-37.85836,144,45151.071283
-47.767021,144,45154.785796
-66.76876,144,45158.529825
-47.741741,144,45162.324147
-39.841983,144,45166.097918
-58.270968,144,45169.867529
-38.695528,144,45173.653715
-30.103189,144,45177.41115
-46.14522,144,45181.196296
-38.682632,144,45184.952041
-36.249405,144,45188.732425
-37.176161,144,45192.503704
-38.978984,144,45196.241209
-49.327999,144,45200.010897
-50.59266,144,45203.801379
-48.907252,144,45207.533858
-37.811685,144,45211.296189
-42.691744,144,45215.013179
-75.189664,144,45218.789539
-62.343083,144,45222.548852
-33.336892,144,45226.328776
-49.037131,144,45230.153563
-71.648486,144,45233.957545
-52.386417,144,45237.754256
-45.349128,144,45241.550302
-58.385521,144,45245.324579
-40.911866,144,45249.055677
-30.141681,144,45253.249194
-47.780675,144,45256.974745
-38.347308,144,45260.703736
-39.327559,144,45264.486152
-44.178962,144,45268.268341
-40.799975,144,45272.039381
-56.591587,144,45275.820109
-40.127611,144,45279.485855
-49.586365,144,45283.296344
-36.466258,144,45287.014543
-54.016748,144,45290.860885
-70.255558,144,45294.638
-51.373716,144,45298.403598
-32.088245,144,45302.149481
-39.575886,144,45305.917478
-67.212073,144,45309.68375
-52.862832,144,45313.485799
-46.646577,144,45317.295212
-61.865209,144,45321.126621
-36.958348,144,45324.863911
-33.186042,144,45328.610038
-48.011138,144,45332.335166
-41.901364,144,45336.124685
-39.295017,144,45339.868844
-46.849175,144,45343.631264
-33.685104,144,45347.339936
-49.957624,144,45351.106992
-34.269591,144,45354.864919
-48.289651,144,45358.645625
-32.686111,144,45362.414066
-40.410942,144,45366.217381
-64.680276,144,45370.065621
-52.968966,144,45373.865777
-26.857312,144,45377.612838
-50.946717,144,45381.384724
-60.811363,144,45385.215704
-56.892538,144,45388.990008
-47.603648,144,45392.754179
-57.16677,144,45396.523757
-46.201827,144,45400.298124
-29.841735,144,45404.027525
-53.138594,144,45407.778025
-40.241327,144,45411.526829
-40.078437,144,45415.27825
-41.692086,144,45419.072965
-36.189011,144,45422.826656
-51.982529,144,45426.582392
-46.106755,144,45430.344278
-48.025474,144,45434.094122
-41.997055,144,45437.774287
-50.018369,144,45441.526279
-64.209627,144,45445.305288
-56.281624,144,45449.074181
-37.10546,144,45452.836372
-48.456362,144,45456.611724
-60.780123,144,45460.361565
-49.949169,144,45464.191664
-54.488508,144,45467.959323
-55.992961,144,45471.760168
-45.168246,144,45475.482919
-26.175753,144,45479.189875
-49.14728,144,45482.955701
-38.415842,144,45486.692375
-37.230022,144,45490.449269
-39.697706,144,45494.200114
-38.482197,144,45497.94349
-56.367458,144,45501.712175
-46.372553,144,45505.418267
-47.134305,144,45509.61705
-37.083057,144,45513.358561
-49.167416,144,45517.044266
-62.448755,144,45520.80233
-54.700936,144,45524.622731
-34.055462,144,45528.425591
-53.816227,144,45532.241919
-80.589979,144,45536.066092
-59.831886,144,45539.8957
-47.856884,144,45543.678067
-57.487598,144,45547.49019
-40.799262,144,45551.26566
-38.023003,144,45554.987625
-42.32626,144,45558.702306
-46.175859,144,45562.462519
-40.911213,144,45566.16244
-47.781057,144,45569.89424
-35.217001,144,45573.62356
-45.576803,144,45577.367991
-39.006428,144,45581.098197
-45.293781,144,45584.866932
-38.579359,144,45588.989326
-50.224405,144,45592.717765
-68.032665,144,45596.433718
-52.758625,144,45600.20461
-32.633961,144,45603.953676
-45.902448,144,45607.687842
-62.181123,144,45611.488073
-54.696137,144,45615.235911
-42.156567,144,45618.948346
-58.145543,144,45623.123656
-48.480372,144,45626.870315
-33.288343,144,45630.615721
-45.572227,144,45634.308082
-42.046738,144,45638.053568
-39.220583,144,45641.790943
-37.576679,144,45645.546717
-36.156483,144,45649.185191
-62.182076,144,45652.939431
-42.750872,144,45656.661794
-51.416206,144,45660.476335
-40.579938,144,45664.396899
-51.551643,144,45668.347027
-66.99368,144,45672.368604
-50.711264,144,45676.340957
-41.674438,144,45680.308228
-45.44616,144,45684.01564
-69.808456,144,45687.815521
-51.191585,144,45691.577534
-59.7121,144,45695.360987
-73.588738,144,45699.156904
-40.255326,144,45702.818892
-35.828786,144,45706.562915
-53.786836,144,45710.362274
-39.280984,144,45714.066826
-37.813289,144,45717.773672
-41.877309,144,45721.543359
-39.198569,144,45725.350082
-71.728348,144,45729.126112
-41.187361,144,45733.332153
-52.596305,144,45737.196895
-42.549389,144,45740.927854
-49.756719,144,45744.680082
-69.751046,144,45748.465306
-57.838209,144,45752.192623
-37.428839,144,45755.925665
-59.190022,144,45759.732158
-68.150128,144,45763.513635
-54.778553,144,45767.314115
-45.438985,144,45771.006718
-62.104988,144,45774.738214
-44.005743,144,45778.453631
-34.783394,144,45782.188593
-59.962527,144,45785.915772
-37.095286,144,45789.628969
-42.617937,144,45793.373038
-42.441102,144,45797.11752
-32.716486,144,45800.829348
-57.555966,144,45804.599816
-45.512416,144,45808.342705
-49.364125,144,45812.079137
-43.481454,144,45815.826592
-50.008559,144,45819.562181
-72.258037,144,45823.303308
-54.067034,144,45827.08998
-42.516114,144,45830.820914
-47.627483,144,45834.62611
-63.338591,144,45838.433416
-51.019447,144,45842.20685
-46.15708,144,45845.952478
-68.311858,144,45850.161217
-42.911944,144,45853.897894
-34.700498,144,45857.605675
-49.876353,144,45861.316105
-42.109994,144,45865.073167
-36.755307,144,45868.80177
-40.803622,144,45872.590649
-37.634734,144,45876.386155
-63.100503,144,45880.171692
-51.486538,144,45883.975746
-51.053224,144,45887.785493
-42.818426,144,45891.488607
-44.177783,144,45895.236069
-70.446246,144,45898.96244
-59.174401,144,45902.760719
-43.521668,144,45906.560837
-53.089529,144,45910.319164
-82.737106,144,45914.088415
-54.713383,144,45917.835234
-46.346005,144,45921.597979
-58.300163,144,45925.398888
-45.120877,144,45929.134962
-33.041779,144,45932.858231
-54.166229,144,45936.538222
-41.35283,144,45940.324508
-34.170434,144,45944.079175
-41.73155,144,45947.832904
-33.580935,144,45951.520173
-56.448726,144,45955.327011
-38.996376,144,45959.025213
-49.075666,144,45962.788279
-47.740603,144,45966.526474
-48.528529,144,45970.289608
-67.925588,144,45974.07115
-59.667791,144,45977.834702
-38.452976,144,45981.564057
-44.303198,144,45985.318302
-72.008787,144,45989.115588
-47.679411,144,45992.843349
-45.133574,144,45996.558913
-59.630082,144,46000.341468
-45.21818,144,46004.094782
-32.646174,144,46007.857114
-49.293721,144,46011.588917
-44.507504,144,46015.311848
-34.774568,144,46019.07781
-44.829318,144,46022.809917
-43.226262,144,46026.530295
-44.005524,144,46030.18994
-56.301173,144,46033.856841
-52.487298,144,46037.580941
-37.399924,144,46041.314415
-49.297175,144,46045.466797
-74.075046,144,46049.196587
-55.565163,144,46052.923471
-29.295817,144,46056.63765
-39.092701,144,46060.33884
-71.255298,144,46064.184907
-46.609747,144,46067.91663
-45.674159,144,46071.629656
-59.270704,144,46075.444351
-40.308712,144,46079.230766
-34.061301,144,46082.98511
-45.13435,144,46086.69529
-40.521186,144,46090.460437
-33.274445,144,46094.251638
-42.847728,144,46098.019131
-39.311386,144,46101.715366
-57.54048,144,46105.459748
-49.306536,144,46109.198989
-48.878073,144,46112.95726
-49.600773,144,46116.712939
-53.409479,144,46120.462907
-72.876614,144,46124.282062
-48.759501,144,46128.01739
-33.146177,144,46131.73123
-50.906239,144,46135.4648
-67.19837,144,46139.242233
-53.322611,144,46142.985982
-49.857605,144,46146.730779
-66.931842,144,46150.506818
-38.493541,144,46154.213503
-34.666803,144,46157.943163
-49.077438,144,46161.681821
-43.282504,144,46165.419419
-41.951736,144,46169.130859
-42.16153,144,46172.882444
-38.872433,144,46176.579916
-51.517634,144,46180.268523
-32.931106,144,46183.938978
-51.496419,144,46187.697725
-40.493798,144,46191.410924
-55.280895,144,46195.187662
-60.016295,144,46198.949024
-55.620456,144,46202.660914
-39.926341,144,46206.399145
-42.944507,144,46210.096917
-63.151345,144,46213.849278
-50.486132,144,46217.618976
-52.401852,144,46221.331861
-52.804482,144,46225.066786
-41.230243,144,46228.784461
-35.567929,144,46232.526968
-52.701182,144,46236.292427
-40.146615,144,46240.043794
-35.485473,144,46243.799704
-41.568482,144,46247.551013
-38.673993,144,46251.262808
-57.831658,144,46255.069927
-51.767529,144,46258.843346
-47.440572,144,46262.617785
-36.474711,144,46266.411377
-46.312126,144,46270.192784
-65.715558,144,46273.936351
-45.489113,144,46277.693903
-45.393188,144,46281.464275
-48.343497,144,46285.18944
-70.334406,144,46288.974141
-53.885208,144,46292.748057
-52.6071,144,46296.565978
-53.34704,144,46300.318527
-42.865636,144,46304.094489
-35.257816,144,46307.772864
-53.347091,144,46311.498847
-36.244439,144,46315.22843
-38.358003,144,46318.979477
-41.686067,144,46322.736466
-36.791231,144,46326.452557
-57.678029,144,46330.226803
-40.948664,144,46333.958144
-46.916228,144,46337.73496
-37.45647,144,46341.395202
-45.331773,144,46345.110722
-77.158385,144,46348.885684
-47.958794,144,46352.607133
-33.045792,144,46356.369612
-47.950755,144,46360.118023
-61.524888,144,46364.286952
-56.97719,144,46368.068037
-44.167912,144,46371.813599
-58.236051,144,46375.991189
-42.947385,144,46379.724209
-26.469465,144,46383.46798
-56.584153,144,46387.185242
-43.764419,144,46390.913983
-35.252329,144,46394.629299
-49.490545,144,46398.407817
-41.145407,144,46402.551284
-61.809147,144,46406.263768
-36.704728,144,46410.028841
-52.953067,144,46413.770532
-41.910708,144,46417.471879
-51.327624,144,46421.210658
-65.987237,144,46425.013375
-54.329071,144,46428.750399
-32.574884,144,46432.557533
-48.047966,144,46436.409421
-64.482384,144,46440.164252
-50.496331,144,46443.927493
-41.37788,144,46447.668417
-55.185178,144,46451.692726
-44.104616,144,46455.480871
-44.118003,144,46459.295552
-50.853301,144,46463.032248
-36.721302,144,46466.746287
-38.482804,144,46470.457505
-39.783904,144,46474.610794
-37.582096,144,46478.297917
-44.557262,144,46481.994316
-54.525172,144,46485.702813
-47.80416,144,46489.465877
-39.496566,144,46493.200311
-50.785101,144,46496.925573
-63.317816,144,46500.724373
-57.422875,144,46504.497655
-42.135667,144,46508.226266
-55.331827,144,46511.983605
-66.036269,144,46515.800273
-59.716503,144,46519.668158
-47.437917,144,46523.410816
-61.088182,144,46527.098282
-46.191359,144,46530.850249
-29.198438,144,46534.55409
-52.004208,144,46538.290731
-38.233917,144,46542.087088
-40.321484,144,46545.854445
-38.383589,144,46549.619751
-34.703512,144,46553.36811
-49.62559,144,46557.095091
-47.362449,144,46561.044838
-49.024067,144,46564.985146
-37.772349,144,46569.235141
-43.566811,144,46573.573958
-64.864297,144,46577.431255
-54.069045,144,46581.22422
-35.721397,144,46584.916513
-39.216615,144,46588.613312
-75.613071,144,46592.393155
-55.745569,144,46596.209334
-48.377917,144,46599.92656
-58.494687,144,46603.697996
-38.679842,144,46607.425105
-41.366146,144,46611.186609
-47.59347,144,46614.90364
-35.794316,144,46618.642576
-34.036623,144,46622.409925
-40.338546,144,46626.145006
-34.144169,144,46629.912891
-47.89009,144,46633.637827
-31.40967,144,46637.499522
-55.471304,144,46641.33053
-33.539943,144,46645.016415
-41.443586,144,46648.720976
-72.767207,144,46652.498448
-55.350726,144,46656.273682
-33.50278,144,46660.040587
-42.886902,144,46663.81332
-76.606722,144,46667.618574
-48.519236,144,46671.374361
-48.480473,144,46675.152837
-60.447782,144,46678.880873
-41.791152,144,46682.669518
-35.25023,144,46686.344007
-53.938956,144,46690.102391
-38.706071,144,46693.828671
-36.762548,144,46697.527238
-43.476244,144,46701.248993
-37.126384,144,46704.912669
-49.735947,144,46708.62713
-57.076106,144,46712.343318
-44.998036,144,46716.042964
-40.710865,144,46719.708528
-37.576349,144,46723.377073
-68.208577,144,46727.157608
-56.451365,144,46730.892727
-28.277216,144,46734.590585
-49.666053,144,46738.308549
-62.520576,144,46742.120836
-61.88435,144,46745.826109
-42.625856,144,46749.542048
-55.533517,144,46753.365444
-39.837257,144,46757.117428
-27.154469,144,46760.802847
-54.517746,144,46764.604811
-37.215048,144,46768.365189
-36.078908,144,46772.161808
-36.52651,144,46775.89376
-34.597304,144,46779.606051
-46.531447,144,46783.370715
-35.188932,144,46787.093603
-49.184701,144,46790.894013
-40.938409,144,46794.587206
-44.618008,144,46798.328853
-70.831302,144,46802.120628
-51.196676,144,46805.838235
-32.820284,144,46809.615963
-55.438846,144,46813.424042
-66.164593,144,46817.245367
-50.600926,144,46821.038776
-51.369028,144,46824.757439
-56.142917,144,46828.545766
-40.580648,144,46832.310485
-25.329392,144,46836.047939
-45.680137,144,46839.790534
-35.225464,144,46843.555979
-34.973392,144,46847.338495
-43.938645,144,46851.114161
-33.014801,144,46854.838253
-45.81968,144,46858.632616
-37.231526,144,46862.361799
-49.499652,144,46866.135843
-31.578922,144,46869.869494
-46.391726,144,46873.591439
-66.484187,144,46877.405432
-50.498138,144,46881.204788
-36.989911,144,46884.879297
-45.571702,144,46888.66607
-63.154777,144,46892.888323
-53.352163,144,46896.716379
-42.648113,144,46900.499228
-58.992862,144,46904.28969
-42.52358,144,46908.049268
-30.250975,144,46911.772573
-45.250816,144,46915.513218
-40.755255,144,46919.193284
-34.921089,144,46922.89434
-36.804469,144,46926.651771
-35.484407,144,46930.325821
-44.385273,144,46934.031708
-45.448158,144,46937.748833
-51.304166,144,46941.482372
-33.055786,144,46945.20354
-40.712824,144,46948.885541
-60.255736,144,46952.631865
-51.094808,144,46956.325862
-29.470928,144,46960.072368
-53.593772,144,46963.790303
-54.539841,144,46967.555614
-53.541817,144,46971.349463
-53.707034,144,46975.106157
-60.913643,144,46978.919003
-40.108786,144,46982.696819
-29.922677,144,46986.454491
-46.744352,144,46990.221234
-33.863305,144,46993.999786
-39.552629,144,46997.75499
-42.513575,144,47001.531617
-39.185519,144,47005.257552
-51.424736,144,47008.967489
-50.524912,144,47012.726777
-49.98803,144,47016.47892
-38.757725,144,47020.13771
-60.039603,144,47023.923365
-72.640093,144,47027.705407
-57.100084,144,47031.433713
-31.32286,144,47035.118102
-43.610351,144,47038.875597
-62.083168,144,47042.65726
-47.698964,144,47046.388948
-54.546889,144,47050.175418
-56.379327,144,47053.952405
-39.482907,144,47057.666344
-33.044444,144,47061.363722
-47.07679,144,47065.033519
-37.896523,144,47068.745751
-33.031832,144,47072.478471
-45.277651,144,47076.602169
-38.89285,144,47080.322221
-44.418221,144,47084.052163
-37.04088,144,47087.834791
-48.416397,144,47091.585268
-51.799352,144,47095.285283
-44.319159,144,47099.007272
-69.055243,144,47102.780992
-46.718461,144,47106.488383
-28.670661,144,47110.20801
-42.408429,144,47113.915781
-71.703501,144,47117.745392
-59.19274,144,47121.486515
-42.102401,144,47125.211959
-56.448137,144,47128.93178
-41.787256,144,47132.648022
-34.870302,144,47136.417943
-51.342115,144,47140.137048
-38.611345,144,47143.900291
-39.522188,144,47147.67381
-46.754311,144,47151.446196
-39.643691,144,47155.131909
-48.70482,144,47158.847738
-39.70885,144,47162.528846
-53.984678,144,47166.287197
-32.235202,144,47169.968023
-47.192226,144,47173.737518
-66.120936,144,47177.521014
-49.292906,144,47181.21188
-35.849314,144,47184.961041
-44.865383,144,47188.714677
-68.492497,144,47192.49953
-44.631528,144,47196.261714
-37.762854,144,47200.023785
-63.184511,144,47203.796933
-47.561694,144,47207.534435
-32.454474,144,47211.286204
-45.829596,144,47215.029504
-35.593489,144,47218.804058
-32.981201,144,47222.492779
-39.629454,144,47226.265329
-36.082001,144,47229.988218
-44.906493,144,47233.732439
-41.935472,144,47237.445906
-48.918105,144,47241.172766
-28.852541,144,47244.882198
-49.878762,144,47248.609876
-68.859446,144,47252.423763
-52.516293,144,47256.130592
-42.853186,144,47259.87762
-38.951518,144,47264.003992
-69.474897,144,47267.783044
-50.065386,144,47271.577799
-38.898302,144,47275.272447
-64.268722,144,47279.095047
-47.746232,144,47282.890504
-27.090445,144,47286.648443
-53.633854,144,47290.350931
-38.899491,144,47294.480555
-35.76899,144,47298.237837
-43.877323,144,47302.005666
-39.41914,144,47305.713252
-43.241167,144,47309.489721
-37.459098,144,47313.221181
-50.233691,144,47317.001645
-38.35807,144,47320.761648
-47.208063,144,47324.517378
-68.007935,144,47328.270375
-53.849567,144,47332.047162
-38.789608,144,47335.795251
-65.50474,144,47339.563027
-65.65067,144,47343.370178
-47.273905,144,47347.153954
-42.907944,144,47350.883994
-62.112521,144,47354.654153
-42.429226,144,47358.389211
-34.511413,144,47362.164254
-48.04757,144,47365.974655
-35.355885,144,47369.718352
-34.082321,144,47373.491907
-38.979261,144,47377.271985
-35.403535,144,47380.975248
-52.114334,144,47385.207359
-45.267623,144,47388.958884
-49.956418,144,47392.716754
-44.761545,144,47396.444793
-43.502231,144,47400.586333
-62.102091,144,47404.318704
-52.606021,144,47408.060559
-31.974616,144,47411.788117
-46.727228,144,47415.515847
-67.395429,144,47419.297949
-50.281153,144,47423.058694
-38.388425,144,47426.78867
-58.205585,144,47430.556486
-40.981356,144,47434.279659
-38.11481,144,47438.05614
-46.839511,144,47441.796944
-37.098307,144,47445.515465
-35.043861,144,47449.173283
-43.869939,144,47452.948116
-34.149691,144,47457.074308
-62.218242,144,47461.031557
-48.969905,144,47464.962551
-52.154555,144,47468.876587
-40.526052,144,47473.181373
-42.683713,144,47476.996356
-72.388083,144,47480.756175
-54.190419,144,47484.496423
-37.233287,144,47488.25984
-48.692071,144,47491.964161
-64.587881,144,47495.760209
-52.028035,144,47499.556071
-44.574694,144,47503.310621
-54.921134,144,47507.120923
-37.097571,144,47511.350081
-30.482535,144,47515.113755
-41.47144,144,47518.97498
-40.050347,144,47523.339168
-37.38144,144,47527.184531
-37.580164,144,47531.108551
-30.742694,144,47534.977137
-42.062546,144,47539.222647
-41.254651,144,47542.938126
-55.138726,144,47546.819637
-37.546225,144,47550.555078
-52.623001,144,47554.286874
-66.423599,144,47558.036658
-50.730365,144,47561.756462
-31.484516,144,47565.528314
-46.63262,144,47569.295364
-59.268183,144,47573.0363
-60.662326,144,47576.87869
-44.94639,144,47580.68257
-53.327516,144,47584.516093
-38.365557,144,47588.28038
-30.569585,144,47592.011857
-47.032503,144,47595.767004
-38.841572,144,47599.488838
-39.286252,144,47603.201532
-41.041687,144,47606.947018
-38.220274,144,47610.707769
-50.846713,144,47614.48464
-40.644142,144,47618.23392
-45.862811,144,47621.975842
-45.393224,144,47625.677514
-48.221818,144,47629.448129
-65.0969,144,47633.245215
-49.539488,144,47636.983902
-28.251314,144,47640.760782
-40.954588,144,47644.581524
-65.884357,144,47648.394538
-52.221019,144,47652.145332
-42.375747,144,47655.933155
-55.847611,144,47659.718667
-40.155591,144,47663.49401
-27.835033,144,47667.251359
-44.082166,144,47671.020379
-35.266543,144,47674.745342
-31.107543,144,47678.540488
-36.301886,144,47682.291077
-38.439437,144,47685.992
-50.935884,144,47689.757974
-39.263221,144,47693.466352
-49.073932,144,47697.251786
-42.056194,144,47700.980453
-38.226984,144,47704.697925
-71.512382,144,47708.567709
-65.520215,144,47712.373955
-30.964311,144,47716.137379
-42.449755,144,47719.867205
-67.85908,144,47723.678116
-50.555452,144,47727.446625
-40.53953,144,47731.225586
-56.630471,144,47735.009586
-41.093649,144,47738.764965
-33.756729,144,47742.5625
-49.938064,144,47746.312039
-47.494011,144,47750.032171
-40.429325,144,47753.827863
-38.743496,144,47757.825735
-40.570931,144,47761.541055
-47.620197,144,47765.313324
-45.133277,144,47769.063346
-53.684544,144,47772.958437
-37.901167,144,47776.674354
-44.532993,144,47780.417373
-76.313059,144,47784.629258
-45.108077,144,47788.349908
-38.445225,144,47792.11358
-49.030806,144,47795.857575
-64.497394,144,47799.602212
-52.550827,144,47803.373181
-45.24057,144,47807.131644
-57.023306,144,47810.863359
-41.383121,144,47814.549206
-35.240498,144,47818.230087
-52.641336,144,47821.932476
-37.315993,144,47825.594266
-35.666613,144,47829.311745
-43.865521,144,47833.023433
-34.611965,144,47836.74416
-57.273031,144,47840.52391
-41.507675,144,47844.215269
-45.785527,144,47847.926266
-38.047061,144,47851.675686
-48.13482,144,47855.436452
-67.988527,144,47859.232502
-55.914336,144,47863.011474
-39.281605,144,47866.749974
-54.329872,144,47870.492683
-60.259347,144,47874.27251
-49.894678,144,47878.077302
-38.930942,144,47881.893017
-58.549765,144,47885.642036
-42.270214,144,47889.425623
-27.60776,144,47893.215639
-42.571312,144,47896.993129
-34.516804,144,47900.724616
-36.568935,144,47904.474141
-39.095753,144,47908.260365
-36.688865,144,47912.436468
-51.26088,144,47916.176752
-45.375821,144,47919.936654
-51.235513,144,47923.699503
-35.370001,144,47927.470433
-50.964675,144,47931.237339
-67.369332,144,47934.996377
-49.395871,144,47938.724542
-30.884529,144,47942.50403
-40.713054,144,47946.258557
-79.129122,144,47950.08231
-51.93015,144,47953.913077
-60.084582,144,47957.619054
-57.22837,144,47961.429208
-42.310361,144,47965.188726
-29.8528,144,47968.929572
-57.976035,144,47972.691816
-46.024516,144,47976.474899
-36.092139,144,47980.20442
-37.11033,144,47983.910062
-37.930202,144,47987.670057
-47.720012,144,47991.377634
-45.110084,144,47995.125736
-42.477976,144,47998.88803
-47.519299,144,48002.650512
-51.030038,144,48006.375109
-74.576025,144,48010.163662
-55.116905,144,48013.950252
-34.716103,144,48017.713349
-44.658554,144,48021.482858
-71.65595,144,48025.268794
-50.522406,144,48029.070766
-39.790678,144,48032.817582
-56.274954,144,48037.019316
-41.044796,144,48040.714061
-28.169954,144,48044.430663
-48.603611,144,48048.195312
-40.312542,144,48051.949211
-42.725655,144,48055.669303
-37.034311,144,48059.486346
-35.568466,144,48063.27608
-60.64193,144,48067.091995
-32.464194,144,48070.755236
-47.567529,144,48074.512473
-39.609181,144,48078.209605
-52.036764,144,48081.937928
-69.706204,144,48085.723205
-63.239694,144,48089.464198
-34.365279,144,48093.236028
-43.364742,144,48097.430759
-69.094888,144,48101.226214
-58.654121,144,48105.009068
-36.425349,144,48108.830596
-60.574548,144,48112.644672
-42.978413,144,48116.394211
-33.072039,144,48120.182011
-50.944467,144,48123.974581
-39.017251,144,48127.757879
-34.345521,144,48131.511825
-38.952729,144,48135.230996
-31.933438,144,48138.972729
-51.814333,144,48142.689031
-43.676464,144,48146.410726
-49.767186,144,48150.191448
-35.227109,144,48153.863556
-52.829443,144,48157.596508
-66.918709,144,48161.382825
-46.262335,144,48165.108953
-30.494195,144,48168.829921
-42.537105,144,48172.577186
-57.07491,144,48176.374646
-53.683463,144,48180.202734
-37.202394,144,48183.962827
-66.566399,144,48187.743454
-41.174668,144,48191.489212
-31.608703,144,48195.241632
-52.701489,144,48198.98598
-40.649396,144,48202.760157
-35.566054,144,48206.494161
-38.358292,144,48210.207225
-35.973824,144,48213.922359
-59.940631,144,48217.711965
-44.420363,144,48221.471087
-47.394839,144,48225.262413
-36.011601,144,48228.959299
-49.202026,144,48232.69652
-69.48803,144,48236.519761
-39.021184,144,48240.264571
-33.765819,144,48244.002813
-55.146394,144,48247.757407
-59.988291,144,48251.561506
-50.703447,144,48255.306734
-42.516391,144,48259.078378
-57.754561,144,48262.811022
-41.979908,144,48266.53374
-27.306942,144,48270.213757
-48.712225,144,48273.968901
-36.748339,144,48277.692179
-39.714746,144,48281.428202
-42.724238,144,48285.156675
-34.795458,144,48288.849987
-50.385166,144,48292.581385
-42.891386,144,48296.280257
-53.577842,144,48300.060608
-35.335728,144,48303.731766
-43.091205,144,48307.425469
-60.811845,144,48311.164283
-46.871407,144,48314.898511
-34.051095,144,48318.640157
-44.102183,144,48322.395473
-65.221842,144,48326.201665
-48.215501,144,48329.959406
-38.160678,144,48333.68486
-64.191068,144,48337.414994
-37.355403,144,48341.139268
-34.625031,144,48344.88038
-52.441768,144,48348.605781
-35.767264,144,48352.31884
-35.313837,144,48356.007368
-46.468991,144,48359.868887
-31.396871,144,48364.137423
-51.62493,144,48368.026884
-44.678749,144,48371.946054
-54.312239,144,48376.21277
-40.505063,144,48379.935915
-44.687421,144,48383.68511
-67.76446,144,48387.428972
-39.901308,144,48391.134977
-35.553181,144,48394.906292
-43.499601,144,48398.638404
-72.115821,144,48402.832417
-51.396437,144,48406.686814
-32.995449,144,48410.458102
-62.724104,144,48414.200503
-43.546182,144,48417.925518
-28.142279,144,48421.599236
-46.597856,144,48425.303359
-36.09101,144,48429.062084
-32.333104,144,48432.843355
-41.263522,144,48436.684482
-33.61568,144,48440.43016
-46.374009,144,48444.169762
-43.412678,144,48447.88396
-54.862806,144,48451.638151
-33.32927,144,48455.391752
-48.428595,144,48459.12963
-70.084517,144,48462.910717
-48.444673,144,48466.653877
-26.004695,144,48470.44357
-43.126019,144,48474.135927
-63.843481,144,48477.932305
-56.670479,144,48481.824943
-37.738604,144,48485.561988
-54.539663,144,48489.324007
-42.725147,144,48493.082203
-32.895832,144,48496.828182
-45.765103,144,48500.554488
-40.251282,144,48504.287805
-38.065394,144,48508.014299
-38.554822,144,48511.728188
-35.091505,144,48515.356846
-44.760661,144,48519.097873
-40.859241,144,48522.801683
-50.692036,144,48526.576315
-36.167452,144,48530.241663
-46.721988,144,48533.958445
-65.618867,144,48537.735912
-55.58881,144,48541.496463
-35.359011,144,48545.252366
-39.587017,144,48548.985662
-60.881612,144,48552.74923
-52.366164,144,48556.482698
-47.332596,144,48560.219485
-55.765273,144,48563.963286
-43.830036,144,48567.684316
-29.556572,144,48571.394418
-56.955388,144,48575.13212
-37.11556,144,48578.92435
-36.487553,144,48582.656319
-45.848181,144,48586.418709
-36.542667,144,48590.19669
-47.145924,144,48593.924257
-35.395749,144,48597.662724
-49.028368,144,48601.461865
-41.223212,144,48605.207026
-50.198801,144,48608.984827
-72.771647,144,48612.801522
-46.21098,144,48616.513557
-37.542781,144,48620.19734
-62.936166,144,48623.944967
-67.059639,144,48627.684401
-49.100326,144,48631.481842
-41.65498,144,48635.235998
-57.636244,144,48639.020674
-39.806136,144,48642.740162
-29.181527,144,48646.465724
-51.690962,144,48650.175581
-43.379427,144,48653.924306
-37.76517,144,48657.671485
-38.63962,144,48661.41773
-32.73334,144,48665.131686
-45.420339,144,48668.856137
-34.402114,144,48672.593594
-49.453323,144,48676.733652
-37.39705,144,48680.425
-46.371187,144,48684.176192
-63.930265,144,48687.98127
-52.903483,144,48691.720481
-33.145816,144,48695.433072
-48.271309,144,48699.166968
-67.045703,144,48702.906259
-55.199332,144,48706.713131
-39.78177,144,48710.469264
-55.391125,144,48714.227621
-41.828145,144,48717.98895
-30.698127,144,48721.722507
-45.826551,144,48725.509119
-37.226156,144,48729.216761
-36.015086,144,48732.98035
-41.971445,144,48736.754824
-36.373241,144,48740.48344
-55.53713,144,48744.712684
-41.334259,144,48748.564929
-48.791478,144,48752.36255
-31.280543,144,48756.020998
-49.566792,144,48759.832947
-54.50773,144,48763.640731
-53.553268,144,48767.476199
-38.654851,144,48771.272901
-49.233518,144,48775.021123
-64.553614,144,48778.830671
-55.583206,144,48782.663785
-48.334105,144,48786.470149
-55.039564,144,48790.304725
-45.350794,144,48794.014161
-36.578084,144,48797.761846
-43.723268,144,48801.517707
-40.904865,144,48805.245514
-42.117928,144,48809.044014
-40.525795,144,48812.821889
-36.765061,144,48816.560465
-58.476021,144,48820.354844
-36.325275,144,48824.056492
-51.477024,144,48827.866011
-42.555576,144,48831.643306
-48.901399,144,48835.374819
-72.595643,144,48839.201494
-57.689281,144,48843.46781
-33.282827,144,48847.272512
-43.80658,144,48851.038204
-61.289218,144,48854.831273
-60.296791,144,48858.650217
-46.012699,144,48862.424393
-57.944692,144,48866.152703
-43.51261,144,48869.877588
-30.111596,144,48873.621152
-52.13928,144,48877.400362
-40.651752,144,48881.11594
-36.314533,144,48884.821463
-43.922862,144,48888.58314
-40.612213,144,48892.319396
-52.122357,144,48896.102192
-40.400675,144,48899.871155
-48.921065,144,48903.589508
-39.403822,144,48907.35992
-50.36829,144,48911.082667
-68.738431,144,48914.878383
-48.949483,144,48918.639101
-27.620938,144,48922.332483
-39.313622,144,48926.0713
-66.151953,144,48929.851064
-51.039471,144,48933.647146
-42.689474,144,48937.401065
-63.779563,144,48941.2059
-40.944189,144,48944.895794
-38.747325,144,48948.665408
-51.346933,144,48952.382711
-39.139935,144,48956.098582
-35.771468,144,48959.856627
-44.607964,144,48963.644546
-43.114025,144,48967.340724
-44.206551,144,48971.119243
-40.353882,144,48974.805005
-42.016952,144,48978.530055
-35.628249,144,48982.25124
-49.648192,144,48986.023776
-64.300918,144,48989.829028
-50.720609,144,48993.578607
-34.509719,144,48997.347084
-52.611986,144,49001.0888
-56.313743,144,49004.860221
-52.51714,144,49008.649826
-40.907869,144,49012.355898
-60.457519,144,49016.137558
-49.449162,144,49019.882432
-34.807744,144,49023.594786
-49.208785,144,49027.327717
-44.598796,144,49031.111861
-36.757476,144,49034.813751
-38.960604,144,49038.531302
-39.816888,144,49042.248598
-48.517562,144,49045.999224
-35.395354,144,49049.643142
-48.838989,144,49053.365465
-33.006965,144,49057.076226
-43.562777,144,49060.823101
-63.025508,144,49064.571699
-60.774589,144,49068.342382
-36.00913,144,49072.041879
-44.234402,144,49075.780722
-71.261718,144,49079.550981
-51.77124,144,49083.328627
-40.734806,144,49087.042045
-54.660395,144,49090.834535
-41.61161,144,49094.533362
-33.601387,144,49098.225026
-49.393578,144,49101.924313
-36.814751,144,49105.654461
-39.069356,144,49109.370382
-39.768097,144,49113.151872
-31.967384,144,49116.873496
-48.155321,144,49120.573886
-40.534752,144,49124.266721
-42.15122,144,49127.962967
-41.736428,144,49131.783561
-48.073416,144,49135.552917
-66.30901,144,49139.352233
-44.907952,144,49143.098454
-34.169294,144,49146.84423
-52.037189,144,49150.60273
-71.39216,144,49154.45048
-55.344755,144,49158.24548
-43.356631,144,49161.997356
-55.87403,144,49165.772208
-44.692695,144,49169.469471
-33.595353,144,49173.22035
-50.596953,144,49176.971376
-36.348756,144,49180.699431
-34.657952,144,49184.494932
-42.262274,144,49188.236545
-35.249969,144,49191.970181
-49.533143,144,49195.72077
-41.223946,144,49199.435391
-41.971888,144,49203.197174
-35.799191,144,49206.938258
-48.869443,144,49210.688175
-74.244593,144,49214.463621
-46.897114,144,49218.221078
-37.538838,144,49221.972229
-43.39639,144,49225.806185
-63.886911,144,49229.591058
-57.077926,144,49233.364927
-49.657115,144,49237.162926
-57.832249,144,49240.921643
-40.055926,144,49244.694405
-30.967195,144,49248.467622
-45.800598,144,49252.17485
-38.610857,144,49255.86495
-34.843853,144,49259.697728
-38.726003,144,49263.658755
-34.679088,144,49267.544284
-48.720307,144,49271.883157
-32.219788,144,49276.021555
-43.664174,144,49279.720302
-39.081438,144,49283.377962
-48.481179,144,49287.541655
-73.515069,144,49291.715177
-49.359998,144,49295.426389
-28.537676,144,49299.14544
-52.074861,144,49302.864787
-61.446387,144,49306.654573
-53.41883,144,49310.498096
-45.656996,144,49314.283801
-53.635279,144,49318.055913
-42.549912,144,49321.858775
-30.040629,144,49325.599717
-52.459844,144,49329.323423
-39.435958,144,49333.034534
-38.299775,144,49336.877748
-45.55335,144,49340.658076
-38.12259,144,49344.481983
-43.310871,144,49348.242376
-32.338166,144,49351.979018
-48.042671,144,49356.140785
-41.104115,144,49359.827994
-44.582581,144,49363.533983
-69.87108,144,49367.310899
-58.738664,144,49371.100013
-30.902368,144,49374.815115
-41.815367,144,49378.580082
-65.666573,144,49382.409686
-57.743736,144,49386.169781
-37.679614,144,49389.848893
-55.936221,144,49393.622103
-41.992589,144,49397.346202
-29.672797,144,49401.03524
-45.720486,144,49404.754945
-43.811091,144,49408.481141
-33.657337,144,49412.172055
-41.609509,144,49415.89814
-42.586894,144,49419.630757
-49.701225,144,49423.380738
-40.266442,144,49427.106392
-52.424405,144,49430.835339
-40.661384,144,49434.54632
-41.290041,144,49438.229868
-68.200389,144,49441.970546
-52.348312,144,49445.69916
-39.185875,144,49449.400311
-46.420624,144,49453.083037
-63.274804,144,49456.840286
-42.728676,144,49460.535893
-43.914941,144,49464.234947
-48.97674,144,49467.985036
-41.554051,144,49471.690861
-30.998071,144,49475.366553
-45.224111,144,49479.106013
-45.676709,144,49482.799116
-35.097939,144,49486.603846
-40.927529,144,49490.389125
-36.000369,144,49494.15715
-47.438425,144,49497.925311
-38.028742,144,49501.641939
-54.334842,144,49505.424678
-38.362774,144,49509.193685
-48.913004,144,49512.886221
-72.869463,144,49516.675045
-50.119923,144,49520.443675
-31.818038,144,49524.164894
-56.356331,144,49527.946414
-73.52168,144,49531.713247
-53.324018,144,49535.489141
-47.827983,144,49539.263295
-65.407066,144,49543.051571
-42.385115,144,49546.83534
-32.806112,144,49550.567383
-45.818153,144,49554.32785
-36.772247,144,49558.035519
-36.936711,144,49561.743508
-39.945529,144,49565.472777
-36.716888,144,49570.741878
-50.731414,144,49576.374068
-43.205457,144,49580.6917
-46.815981,144,49585.114992
-36.906213,144,49588.895489
-44.051926,144,49592.562822
-66.043553,144,49596.314076
-58.964561,144,49600.106465
-32.071667,144,49603.848973
-45.845136,144,49607.598973
-57.85703,144,49611.332905
-54.895889,144,49615.145769
-43.960132,144,49618.906772
-53.620057,144,49622.627534
-34.21805,144,49628.479031
-25.886482,144,49632.987767
-50.895099,144,49637.377813
-38.013139,144,49641.073709
-32.708498,144,49644.770541
-38.742159,144,49648.50468
-38.546229,144,49652.267982
-49.47174,144,49655.975222
-35.076831,144,49659.662457
-50.669836,144,49663.433032
-32.75061,144,49667.141651
-45.099225,144,49670.861858
-61.739578,144,49674.621653
-49.491169,144,49678.375584
-37.139216,144,49682.125099
-46.369607,144,49685.840451
-70.607525,144,49689.631835
-48.247649,144,49693.332583
-40.028983,144,49697.117383
-60.246617,144,49700.893183
-44.592771,144,49704.625208
-33.56282,144,49708.404869
-49.135385,144,49712.139201
-37.242918,144,49715.885016
-39.291632,144,49719.663023
-44.238083,144,49723.399441
-37.462602,144,49727.125216
-45.167093,144,49730.864841
-38.315623,144,49734.5772
-45.337492,144,49738.332352
-33.879724,144,49742.035745
-43.114474,144,49745.770079
-64.729617,144,49749.577783
-42.266385,144,49753.314493
-36.536605,144,49757.092111
-37.07047,144,49760.812303
-59.196338,144,49764.573292
-56.047189,144,49768.343796
-45.608248,144,49772.082068
-59.200668,144,49775.786023
-39.548149,144,49779.508851
-38.686614,144,49783.192809
-48.436308,144,49786.917574
-36.64749,144,49790.630763
-36.429127,144,49794.317951
-39.064027,144,49798.068023
-36.92592,144,49801.739536
-44.597017,144,49805.429673
-40.190182,144,49809.098896
-54.047549,144,49812.83233
-38.036763,144,49816.474839
-48.815689,144,49820.231275
-72.142981,144,49823.998895
-41.19589,144,49827.698751
-31.3968,144,49831.395302
-46.967336,144,49835.130859
-68.941451,144,49838.900738
-56.229858,144,49842.691675
-33.83638,144,49846.492489
-52.300096,144,49850.292655
-40.019506,144,49854.068027
-33.91006,144,49857.808239
-42.48477,144,49861.540725
-38.382587,144,49865.263278
-36.00235,144,49869.022449
-45.104017,144,49872.793688
-35.299134,144,49876.506073
-51.73456,144,49880.279572
-49.404451,144,49884.463261
-47.295276,144,49888.208491
-44.667817,144,49891.889443
-48.492588,144,49895.612848
-67.713468,144,49899.355714
-62.612778,144,49903.064578
-29.71516,144,49907.229479
-50.670512,144,49910.940997
-66.818766,144,49914.697419
-53.740322,144,49918.431039
-41.576521,144,49922.193058
-61.452089,144,49925.952407
-42.817154,144,49929.697388
-30.628994,144,49933.407867
-47.197358,144,49937.097064
-28.459699,144,49940.815447
-36.14377,144,49944.491264
-36.826044,144,49948.214395
-35.315247,144,49951.956106
-47.916249,144,49955.699681
-36.21846,144,49959.381224
-48.962375,144,49963.101673
-36.881388,144,49966.864284
-43.197928,144,49970.583039
-69.597552,144,49974.308638
-55.578245,144,49978.075406
-32.980271,144,49981.829328
-42.437901,144,49985.509616
-65.618098,144,49989.326936
-54.496461,144,49993.001626
-43.472554,144,49996.741099
-49.766567,144,50000.517032
-35.451249,144,50004.248442
-31.582145,144,50007.982533
-47.579564,144,50011.698921
-41.561235,144,50015.393397
-36.590681,144,50019.087249
-43.766419,144,50022.83179
-31.88962,144,50026.552269
-43.563058,144,50030.279814
-36.547158,144,50033.967699
-53.875073,144,50037.746794
-37.085714,144,50041.467208
-52.173242,144,50045.235076
-62.380431,144,50049.169032
-47.16821,144,50052.935683
-40.146314,144,50056.764791
-48.230959,144,50060.564293
-66.215462,144,50064.339326
-57.399373,144,50068.151737
-38.231494,144,50071.909585
-81.396207,144,50075.704669
-39.224084,144,50079.43698
-28.276089,144,50083.157198
-43.632985,144,50086.863407
-35.957547,144,50090.622819
-38.378968,144,50094.390095
-38.637194,144,50098.062371
-40.708459,144,50101.781189
-50.01612,144,50105.519339
-31.981252,144,50109.260057
-49.588775,144,50113.001759
-34.072312,144,50116.717944
-44.243745,144,50120.533193
-70.85161,144,50124.3268
-50.496237,144,50128.050026
-33.498856,144,50131.764209
-49.967479,144,50135.473832
-74.307721,144,50139.241174
-54.410912,144,50142.986368
-44.835509,144,50146.700259
-65.465607,144,50150.502222
-40.042534,144,50154.201154
-26.97586,144,50157.908417
-48.412648,144,50161.889387
-36.260801,144,50166.186576
-34.713368,144,50170.539918
-38.946993,144,50174.43045
-43.307643,144,50178.539523
-50.409723,144,50182.233113
-37.245037,144,50185.891914
-41.909607,144,50189.60993
-44.709964,144,50193.303445
-48.471741,144,50196.926635
-68.799597,144,50200.643154
-49.859123,144,50204.393787
-29.252176,144,50208.13428
-47.39893,144,50211.869251
-66.7167,144,50215.595164
-53.050505,144,50219.386379
-43.988684,144,50223.116885
-66.183436,144,50226.903228
-43.126124,144,50230.649979
-30.709688,144,50234.437604
-45.51817,144,50238.617545
-34.341325,144,50242.336101
-39.007849,144,50246.199316
-38.472115,144,50249.92485
-37.288539,144,50253.628793
-43.806622,144,50257.31619
-65.027302,144,50261.017817
-44.344659,144,50264.711618
-36.184221,144,50268.403491
-45.977826,144,50272.093449
-69.051416,144,50275.854451
-56.745553,144,50279.595468
-34.769146,144,50283.319461
-42.543373,144,50287.443014
-62.564133,144,50291.144013
-54.491748,144,50294.93773
-38.63703,144,50298.617154
-61.68537,144,50302.3325
-44.01812,144,50306.013577
-30.832813,144,50309.721692
-46.424054,144,50313.445962
-36.644107,144,50317.167425
-31.155921,144,50320.821697
-42.08668,144,50324.542757
-35.680073,144,50328.227052
-52.371763,144,50331.977321
-63.440259,144,50335.670038
-51.312763,144,50339.469992
-36.891768,144,50343.210089
-50.974484,144,50346.88907
-64.592401,144,50350.615868
-50.582991,144,50354.319825
-34.81223,144,50358.043991
-39.687684,144,50361.751184
-69.151771,144,50365.53234
-56.833158,144,50369.322881
-44.643582,144,50373.050192
-54.968262,144,50376.823418
-46.470833,144,50380.562579
-29.65488,144,50384.280382
-47.351101,144,50387.963095
-39.33232,144,50391.716261
-39.874346,144,50395.48697
-40.514264,144,50399.20014
-34.120325,144,50402.904474
-49.317065,144,50406.660133
-36.453748,144,50410.392752
-51.331349,144,50414.160129
-49.126649,144,50417.865067
-59.659926,144,50421.578858
-62.308942,144,50425.252832
-52.689672,144,50428.930956
-34.933406,144,50432.654764
-44.853628,144,50436.419896
-66.086545,144,50440.180388
-54.340116,144,50443.965715
-46.112444,144,50447.674469
-57.269168,144,50451.445292
-38.695227,144,50455.177764
-35.185424,144,50458.887787
-47.096865,144,50462.588377
-39.377874,144,50466.329989
-34.599017,144,50470.048038
-41.292857,144,50473.81695
-40.840994,144,50477.501168
-50.929061,144,50481.652109
-36.600494,144,50485.364721
-45.643936,144,50489.072536
-34.152945,144,50492.727222
-50.21699,144,50496.401062
-59.980391,144,50500.126995
-53.894672,144,50503.94754
-40.620895,144,50507.716974
-43.525921,144,50511.470372
-65.402771,144,50515.162439
-49.57107,144,50518.927493
-41.261485,144,50522.701646
-50.946639,144,50526.45799
-40.66966,144,50530.170008
-32.663611,144,50533.875256
-43.439475,144,50537.609622
-37.111745,144,50541.37406
-35.589144,144,50545.118649
-37.588982,144,50548.851247
-35.106604,144,50552.565698
-49.761517,144,50556.300084
-39.197814,144,50560.045097
-51.643551,144,50563.840809
-35.249852,144,50567.59445
-48.191136,144,50571.311297
-72.285527,144,50575.112705
-57.027072,144,50578.880995
-32.850494,144,50582.622016
-48.155819,144,50586.391823
-75.963426,144,50590.224797
-51.671915,144,50594.013827
-42.586177,144,50597.762994
-58.469824,144,50601.508811
-44.657379,144,50605.254685
-34.149015,144,50608.976268
-51.763952,144,50612.763222
-44.167299,144,50616.501324
-35.697796,144,50620.297305
-38.941684,144,50624.027106
-39.023749,144,50627.755594
-64.025567,144,50631.502275
-33.652352,144,50635.199141
-47.291249,144,50638.929617
-39.427028,144,50642.641814
-46.573864,144,50646.358488
-62.616699,144,50650.128963
-47.68934,144,50653.876204
-39.825095,144,50657.550148
-47.416008,144,50661.225498
-59.143977,144,50665.032479
-51.00571,144,50668.777595
-43.797686,144,50672.978536
-57.829827,144,50676.72301
-40.186604,144,50680.443194
-30.969159,144,50684.157305
-45.009733,144,50687.939252
-32.110544,144,50691.651983
-34.329708,144,50695.386472
-42.648824,144,50699.14122
-34.718599,144,50702.832913
-55.749007,144,50706.604961
-42.523268,144,50710.328322
-56.167298,144,50714.08761
-30.475413,144,50717.794283
-46.778453,144,50721.484618
-64.503941,144,50725.263361
-51.146335,144,50729.006381
-36.915615,144,50732.741968
-41.712105,144,50736.438283
-72.480919,144,50740.655261
-49.312832,144,50744.402614
-47.786664,144,50748.139239
-58.116399,144,50752.340419
-41.060632,144,50756.083111
-32.664677,144,50759.831803
-46.485672,144,50763.572251
-38.617146,144,50767.342458
-35.226662,144,50771.033694
-41.746327,144,50774.789498
-33.957786,144,50778.510165
-48.907161,144,50782.210682
-34.497698,144,50785.961888
-41.650226,144,50789.737369
-38.030405,144,50793.422515
-43.694644,144,50797.180235
-60.394934,144,50800.930933
-50.862195,144,50804.757685
-33.502934,144,50808.504416
-42.632718,144,50812.261952
-64.920779,144,50816.026151
-54.59142,144,50819.866167
-43.171945,144,50823.673276
-59.624592,144,50827.496949
-41.41548,144,50831.261039
-30.073561,144,50835.021673
-50.798839,144,50838.797222
-40.149502,144,50842.553917
-31.622929,144,50846.28126
-43.780818,144,50850.003232
-38.298509,144,50853.667186
-47.376282,144,50857.359296
-37.910707,144,50861.036016
-53.433837,144,50864.811865
-42.555047,144,50868.537616
-46.193949,144,50872.219642
-70.82624,144,50876.00283
-52.408877,144,50879.79664
-36.721296,144,50883.648391
-44.500924,144,50887.389847
-66.908379,144,50891.205664
-53.878278,144,50894.947217
-43.62911,144,50898.727999
-59.268412,144,50902.481446
-37.872025,144,50906.166346
-41.794338,144,50909.942501
-42.487338,144,50913.711153
-39.267275,144,50917.42721
-35.485523,144,50921.170676
-41.372609,144,50924.985084
-33.950113,144,50928.719545
-51.838021,144,50932.482292
-31.625896,144,50936.228913
-45.907382,144,50939.967693
-32.814325,144,50943.701542
-38.479422,144,50947.428882
-64.072527,144,50951.22869
-55.836222,144,50955.440441
-31.857586,144,50959.196847
-34.068761,144,50962.886562
-68.222958,144,50966.66584
-51.636459,144,50970.441667
-47.602018,144,50974.214045
-53.196289,144,50977.980052
-38.877283,144,50981.698152
-32.368919,144,50985.471404
-51.674548,144,50989.222171
-34.857122,144,50992.978257
-33.208449,144,50996.700872
-41.930787,144,51000.380135
-40.521293,144,51004.09814
-47.69467,144,51007.793256
-43.138406,144,51011.554757
-43.716779,144,51015.279069
-36.423438,144,51018.980701
-48.715436,144,51022.718027
-67.331597,144,51026.4941
-49.957893,144,51030.240565
-40.797945,144,51034.414653
-50.554942,144,51038.113953
-72.376824,144,51041.892785
-49.468494,144,51045.608589
-41.913309,144,51049.38185
-56.642407,144,51053.099922
-39.877455,144,51056.814549
-33.671674,144,51060.64737
-51.1951,144,51064.543283
-43.022061,144,51068.429799
-41.361547,144,51072.368821
-40.056872,144,51076.595251
-34.863902,144,51080.282774
-58.060078,144,51084.047186
-37.892197,144,51087.719748
-45.424045,144,51091.475272
-39.903349,144,51095.219414
-43.801415,144,51098.955807
-68.631908,144,51102.762456
-50.402428,144,51106.496527
-30.615593,144,51110.290381
-47.025814,144,51114.040399
-66.782527,144,51117.808386
-53.963081,144,51121.75423
-45.942749,144,51125.653955
-58.630922,144,51129.586043
-40.111016,144,51133.474713
-28.806839,144,51137.215642
-54.016421,144,51140.96475
-38.073581,144,51144.746531
-32.183787,144,51148.486773
-44.329848,144,51152.244624
-31.760937,144,51155.979459
-49.302362,144,51159.828905
-39.390114,144,51163.557795
-47.394839,144,51167.343732
-38.915142,144,51171.035872
-40.557694,144,51174.763477
-63.399364,144,51178.595643
-49.130744,144,51182.347882
-37.627342,144,51185.993631
-39.965557,144,51189.747466
-63.286123,144,51193.535086
-49.194635,144,51197.277109
-50.34946,144,51201.015781
-53.123841,144,51204.709482
-41.153849,144,51208.415053
-35.426322,144,51212.113167
-46.037938,144,51215.813605
-33.671762,144,51219.506948
-34.954597,144,51223.240298
-38.223394,144,51226.934868
-37.766318,144,51230.615474
-49.754398,144,51234.346178
-43.866347,144,51238.048696
-42.83171,144,51242.212433
-30.639297,144,51245.886438
-38.907267,144,51249.563994
-71.445563,144,51253.303073
-54.274568,144,51257.005489
-37.314819,144,51260.777769
-46.473553,144,51264.529893
-59.678876,144,51268.252117
-56.406478,144,51271.998564
-39.932649,144,51275.743064
-54.629,144,51279.473118
-44.282733,144,51283.149225
-32.543183,144,51286.910086
-44.725123,144,51290.660215
-36.681744,144,51294.43636
-30.446219,144,51298.214249
-39.658968,144,51301.98071
-35.93778,144,51305.704748
-51.746,144,51309.451248
-38.923657,144,51313.155226
-46.787639,144,51316.911058
-43.394758,144,51320.664485
-44.340413,144,51324.345182
-68.208119,144,51328.138922
-49.466505,144,51331.902635
-43.08943,144,51335.679068
-48.337533,144,51339.473095
-65.079794,144,51343.251242
-52.46924,144,51347.055878
-43.703082,144,51350.775925
-65.826049,144,51354.552298
-41.96064,144,51358.598007
-29.273894,144,51362.310246
-46.604308,144,51366.117516
-42.46888,144,51369.888195
-40.074327,144,51373.749732
-38.164922,144,51377.450122
-35.053036,144,51381.158163
-50.484832,144,51384.876322
-42.864108,144,51388.603284
-49.400264,144,51392.349159
-41.548024,144,51396.117558
-47.170974,144,51399.818823
-65.021177,144,51403.589108
-62.031537,144,51407.259004
-40.897001,144,51410.945204
-41.958971,144,51414.688941
-68.925162,144,51418.495415
-47.946426,144,51422.209437
-48.162141,144,51425.928793
-57.50272,144,51429.678433
-38.230149,144,51433.358052
-32.773977,144,51437.093926
-42.701379,144,51440.810174
-36.239735,144,51444.544723
-35.845359,144,51448.251517
-46.512743,144,51451.990494
-36.011274,144,51455.755621
-49.318231,144,51459.55693
-46.122166,144,51463.303763
-47.394839,144,51467.093166
-30.052881,144,51470.727868
-43.017406,144,51474.422852
-63.497314,144,51478.158911
-49.010143,144,51481.967767
-34.400025,144,51485.736238
-35.063688,144,51489.474163
-70.56733,144,51493.23516
-51.800563,144,51496.951243
-44.803496,144,51500.65702
-59.181489,144,51504.410926
-38.532562,144,51508.158962
-39.239142,144,51511.875287
-46.500288,144,51515.589573
-37.712195,144,51519.279088
-38.114755,144,51522.953487
-39.203714,144,51526.711741
-32.785863,144,51530.416224
-48.790684,144,51534.16608
-37.750508,144,51537.915179
-49.405629,144,51541.653753
-33.801969,144,51545.833709
-44.354308,144,51549.588879
-59.490881,144,51553.380285
-45.359766,144,51557.131118
-34.307189,144,51560.832826
-50.562919,144,51564.590245
-66.391635,144,51568.361287
-52.682498,144,51572.114513
-41.485757,144,51575.867987
-57.718826,144,51579.661807
-45.92296,144,51583.454314
-34.49841,144,51587.191643
-43.97794,144,51590.965332
-44.265358,144,51594.693189
-32.937737,144,51598.524543
-45.573641,144,51602.253189
-40.067071,144,51605.887401
-46.437586,144,51609.627574
-30.745563,144,51613.335943
-45.124179,144,51617.035496
-42.37099,144,51620.799153
-41.69674,144,51624.479455
-67.375606,144,51628.215132
-49.071789,144,51631.933274
-37.366998,144,51635.642361
-50.700769,144,51639.371355
-64.544852,144,51643.09704
-52.603518,144,51646.814955
-45.101486,144,51650.568248
-56.700978,144,51654.354761
-42.749287,144,51658.091359
-36.302815,144,51661.849255
-56.671056,144,51665.662514
-38.248255,144,51669.405946
-37.928809,144,51673.09693
-44.69176,144,51676.854268
-35.062946,144,51680.525029
-49.982479,144,51684.262067
-41.328335,144,51687.979059
-52.168981,144,51691.662993
-39.933063,144,51695.335843
-49.545641,144,51699.07775
-63.56544,144,51702.82599
-51.077652,144,51706.595031
-33.251335,144,51710.338399
-50.017691,144,51714.111679
-64.873117,144,51717.905012
-54.979263,144,51721.735625
-40.491729,144,51725.495125
-55.70822,144,51729.265101
-39.185842,144,51733.018179
-33.999504,144,51736.75413
-54.24808,144,51740.485897
-42.905435,144,51744.264102
-35.658755,144,51748.444375
-39.723532,144,51752.153862
-34.022361,144,51756.265127
-49.848068,144,51759.928295
-41.058105,144,51763.625859
-47.950772,144,51767.373403
-48.033971,144,51771.054031
-46.326676,144,51774.801198
-73.897556,144,51778.55103
-56.054731,144,51782.293734
-30.325117,144,51785.989173
-48.676825,144,51789.711417
-59.603255,144,51793.395565
-51.817478,144,51797.125911
-37.091065,144,51800.887654
-65.093569,144,51804.606792
-45.053559,144,51808.311515
-28.786777,144,51812.005277
-48.851389,144,51815.703311
-38.952639,144,51819.45202
-31.255537,144,51823.154452
-41.518832,144,51826.873949
-33.074943,144,51830.56523
-48.360561,144,51834.305597
-42.828635,144,51838.066365
-51.358635,144,51841.852946
-37.579878,144,51845.609466
-42.139217,144,51849.315336
-62.498676,144,51853.10482
-44.474817,144,51856.855281
-41.029726,144,51860.570257
-38.761432,144,51864.340782
-71.235818,144,51868.549273
-55.721615,144,51872.292415
-42.927771,144,51876.088379
-57.772895,144,51879.845252
-37.003863,144,51883.571126
-35.105696,144,51887.331254
-45.177995,144,51891.069799
-43.196722,144,51894.847147
-35.008065,144,51898.543932
-43.452214,144,51902.281813
-41.34263,144,51905.946493
-42.657974,144,51909.66003
-37.794623,144,51913.350071
-50.694083,144,51917.088541
-37.747947,144,51920.758584
-37.238689,144,51924.415578
-71.081352,144,51928.175572
-57.111721,144,51931.889974
-36.76374,144,51935.601534
-45.858199,144,51939.316187
-57.275441,144,51943.074046
-49.490911,144,51946.812424
-45.997777,144,51950.540671
-55.619435,144,51954.267147
-44.094212,144,51957.976467
-37.034996,144,51962.226471
-47.133929,144,51966.079859
-35.047389,144,51970.389226
-38.397678,144,51974.220479
-41.400854,144,51977.975655
-31.40879,144,51981.618748
-53.865929,144,51985.345726
-34.752873,144,51989.00591
-44.449243,144,51992.667939
-46.14216,144,51996.355824
-41.130304,144,52000.032873
-82.235208,144,52003.830812
-47.888189,144,52007.656993
-33.386594,144,52011.809691
-41.860455,144,52015.523251
-61.6105,144,52019.349367
-54.974526,144,52023.104373
-45.742309,144,52026.896573
-54.177899,144,52030.696891
-40.451017,144,52034.436353
-28.318071,144,52038.23566
-44.931932,144,52041.950882
-35.50452,144,52045.690017
-34.909022,144,52049.444836
-38.827517,144,52053.185527
-31.417878,144,52056.903742
-61.452396,144,52060.647058
-41.407571,144,52064.35243
-51.034026,144,52068.096822
-35.257094,144,52071.813338
-57.745217,144,52075.522183
-72.912921,144,52079.298961
-54.131052,144,52083.093207
-33.475825,144,52086.771804
-46.972867,144,52090.489367
-71.128092,144,52094.261724
-52.637989,144,52097.942744
-47.099498,144,52101.700199
-53.774291,144,52105.442368
-36.197097,144,52109.130656
-30.881852,144,52112.818286
-45.620895,144,52116.50482
-41.114328,144,52120.239696
-29.706696,144,52123.913114
-37.878842,144,52127.626001
-30.36707,144,52131.357066
-44.690428,144,52135.037485
-37.171657,144,52138.747869
-47.007984,144,52142.492318
-36.308401,144,52146.134732
-48.179909,144,52149.911894
-67.988951,144,52153.652472
-45.297624,144,52157.461343
-31.775268,144,52161.21305
-44.447352,144,52164.971366
-77.885965,144,52168.70283
-53.19042,144,52172.486595
-45.94224,144,52176.262476
-55.599946,144,52179.969669
-43.441707,144,52183.692354
-32.15653,144,52187.430686
-44.649644,144,52191.184638
-34.810323,144,52194.962044
-34.054554,144,52198.683204
-38.193407,144,52202.42583
-40.070125,144,52206.147995
-55.106117,144,52209.887066
-45.872424,144,52213.622452
-45.869419,144,52217.355822
-35.825178,144,52221.097395
-49.628397,144,52224.818893
-71.726595,144,52228.578774
-47.891248,144,52232.329769
-42.703628,144,52236.122751
-50.796742,144,52239.853619
-91.243523,144,52243.671105
-49.178592,144,52247.448058
-43.915148,144,52251.141532
-55.581628,144,52254.872466
-40.635527,144,52258.626059
-33.696832,144,52262.369906
-46.907031,144,52266.077876
-40.673567,144,52269.81147
-37.623096,144,52273.5643
-38.005515,144,52277.289258
-37.737953,144,52280.942952
-44.768451,144,52284.653098
-52.431884,144,52288.393415
-54.562223,144,52292.158673
-36.905893,144,52295.865402
-46.642831,144,52299.553117
-63.672091,144,52303.273781
-49.479322,144,52306.96439
-30.713837,144,52310.718181
-51.852624,144,52314.431367
-68.503972,144,52318.241376
-49.80972,144,52321.976543
-40.549499,144,52325.710402
-64.454084,144,52329.484263
-39.70796,144,52333.205734
-37.619599,144,52336.917281
-43.847568,144,52340.608414
-37.054152,144,52344.322853
-35.038604,144,52347.997374
-37.935688,144,52351.734721
-38.214955,144,52355.440211
-43.806063,144,52359.476151
-38.165452,144,52363.277919
-52.612149,144,52367.066349
-41.617229,144,52370.82388
-43.536871,144,52374.549621
-65.230245,144,52378.355931
-45.555451,144,52382.128904
-38.931893,144,52385.86384
-42.500824,144,52389.606722
-58.855743,144,52393.373604
-52.506034,144,52397.189523
-46.819421,144,52400.915231
-65.605738,144,52404.676484
-42.069695,144,52408.391157
-38.166076,144,52412.141748
-45.533986,144,52415.853493
-37.926687,144,52419.571951
-38.259981,144,52423.30033
-36.531651,144,52426.995956
-35.859378,144,52430.725857
-49.598416,144,52434.46367
-36.984769,144,52438.164619
-48.990781,144,52441.875468
-34.459809,144,52445.580512
-50.880874,144,52449.27385
-49.506778,144,52454.971128
-29.641201,144,52457.114109
-41.125063,144,52459.270728
-64.149978,144,52461.454927
-44.638493,144,52463.593938
